Iteration	Mach	Pressure [Pa]	Velocity [m/s]	Temperature [K]	Density [kg/m^3]	Speed of Sound [m/s]	Y_O2	Y_N2	Y_H2	Y_OH	Y_O	Y_H	Y_H2O	Y_NO	Y_N	Y_HO2	Y_H2O2	Y_HNO	Y_NO2	Mass flow rate [kg/s]	Area [m^2]	Axial location
0	0.577350	2.868173e+04	377.98	1133.95	8.739297e-02	654.68	0.209108	0.786645	0.004247	0.000000	0.000000	0.000000	0.000000	0.000000	0.000000	0.000000	0.000000	0.000000	0.000000	132.131092	4.000000	0.000000
1	0.577350	2.868173e+04	377.98	1133.95	8.739297e-02	654.68	0.209108	0.786645	0.004247	0.000000	0.000000	0.000000	0.000000	0.000000	0.000000	0.000000	0.000000	0.000000	0.000000	132.131092	4.000000	0.000000
2	0.577350	2.868173e+04	377.98	1133.95	8.739297e-02	654.68	0.209108	0.786645	0.004247	0.000000	0.000000	0.000000	0.000000	0.000000	0.000000	0.000000	0.000000	0.000000	0.000000	132.131092	4.000000	0.000000
3	0.577350	2.868173e+04	377.98	1133.95	8.739297e-02	654.68	0.209108	0.786645	0.004247	0.000000	0.000000	0.000000	0.000000	0.000000	0.000000	0.000000	0.000000	0.000000	0.000000	132.131092	4.000000	0.000000
4	0.577350	2.868173e+04	377.98	1133.95	8.739297e-02	654.68	0.209108	0.786645	0.004247	0.000000	0.000000	0.000000	0.000000	0.000000	0.000000	0.000000	0.000000	0.000000	0.000000	132.131092	4.000000	0.000000
5	0.577350	2.868173e+04	377.98	1133.95	8.739297e-02	654.68	0.209108	0.786645	0.004247	0.000000	0.000000	0.000000	0.000000	0.000000	0.000000	0.000000	0.000000	0.000000	0.000000	132.131092	4.000000	0.000000
6	0.577350	2.868173e+04	377.98	1133.95	8.739297e-02	654.68	0.209108	0.786645	0.004247	0.000000	0.000000	0.000000	0.000000	0.000000	0.000000	0.000000	0.000000	0.000000	0.000000	132.131092	4.000000	0.000000
7	0.577350	2.868173e+04	377.98	1133.95	8.739297e-02	654.68	0.209108	0.786645	0.004247	0.000000	0.000000	0.000000	0.000000	0.000000	0.000000	0.000000	0.000000	0.000000	0.000000	132.131092	4.000000	0.000000
8	0.577350	2.868173e+04	377.98	1133.95	8.739297e-02	654.68	0.209108	0.786645	0.004247	0.000000	0.000000	0.000000	0.000000	0.000000	0.000000	0.000000	0.000000	0.000000	0.000000	132.131092	4.000000	0.000000
9	0.577350	2.868173e+04	377.98	1133.95	8.739297e-02	654.68	0.209108	0.786645	0.004247	0.000000	0.000000	0.000000	0.000000	0.000000	0.000000	0.000000	0.000000	0.000000	0.000000	132.131092	4.000000	0.000000
10	0.577350	2.868173e+04	377.98	1133.95	8.739297e-02	654.68	0.209108	0.786645	0.004247	0.000000	0.000000	0.000000	0.000000	0.000000	0.000000	0.000000	0.000000	0.000000	0.000000	132.131092	4.000000	0.000000
11	0.577350	2.868173e+04	377.98	1133.95	8.739297e-02	654.68	0.209108	0.786645	0.004247	0.000000	0.000000	0.000000	0.000000	0.000000	0.000000	0.000000	0.000000	0.000000	0.000000	132.131092	4.000000	0.000000
12	0.577350	2.868173e+04	377.98	1133.95	8.739297e-02	654.68	0.209108	0.786645	0.004247	0.000000	0.000000	0.000000	0.000000	0.000000	0.000000	0.000000	0.000000	0.000000	0.000000	132.131092	4.000000	0.000000
13	0.577350	2.868173e+04	377.98	1133.95	8.739297e-02	654.68	0.209108	0.786645	0.004247	0.000000	0.000000	0.000000	0.000000	0.000000	0.000000	0.000000	0.000000	0.000000	0.000000	132.131092	4.000000	0.000000
14	0.577350	2.868173e+04	377.98	1133.95	8.739297e-02	654.68	0.209108	0.786645	0.004247	0.000000	0.000000	0.000000	0.000000	0.000000	0.000000	0.000000	0.000000	0.000000	0.000000	132.131092	4.000000	0.000000
15	0.577350	2.868173e+04	377.98	1133.95	8.739297e-02	654.68	0.209108	0.786645	0.004247	0.000000	0.000000	0.000000	0.000000	0.000000	0.000000	0.000000	0.000000	0.000000	0.000000	132.131092	4.000000	0.000000
16	0.577350	2.868173e+04	377.98	1133.95	8.739297e-02	654.68	0.209108	0.786645	0.004247	0.000000	0.000000	0.000000	0.000000	0.000000	0.000000	0.000000	0.000000	0.000000	0.000000	132.131092	4.000000	0.000000
17	0.577350	2.868173e+04	377.98	1133.95	8.739297e-02	654.68	0.209108	0.786645	0.004247	0.000000	0.000000	0.000000	0.000000	0.000000	0.000000	0.000000	0.000000	0.000000	0.000000	132.131092	4.000000	0.000000
18	0.577350	2.868173e+04	377.98	1133.95	8.739297e-02	654.68	0.209108	0.786645	0.004247	0.000000	0.000000	0.000000	0.000000	0.000000	0.000000	0.000000	0.000000	0.000000	0.000000	132.131092	4.000000	0.000000
19	0.577350	2.868173e+04	377.98	1133.95	8.739297e-02	654.68	0.209108	0.786645	0.004247	0.000000	0.000000	0.000000	0.000000	0.000000	0.000000	0.000000	0.000000	0.000000	0.000000	132.131092	4.000000	0.000000
20	0.577350	2.868173e+04	377.98	1133.95	8.739297e-02	654.68	0.209108	0.786645	0.004247	0.000000	0.000000	0.000000	0.000000	0.000000	0.000000	0.000000	0.000000	0.000000	0.000000	132.131092	4.000000	0.000000
21	0.577350	2.868173e+04	377.98	1133.95	8.739297e-02	654.68	0.209108	0.786645	0.004247	0.000000	0.000000	0.000000	0.000000	0.000000	0.000000	0.000000	0.000000	0.000000	0.000000	132.131092	4.000000	0.000000
22	0.577350	2.868173e+04	377.98	1133.95	8.739297e-02	654.68	0.209108	0.786645	0.004247	0.000000	0.000000	0.000000	0.000000	0.000000	0.000000	0.000000	0.000000	0.000000	0.000000	132.131092	4.000000	0.000000
23	0.577350	2.868173e+04	377.98	1133.95	8.739297e-02	654.68	0.209108	0.786645	0.004247	0.000000	0.000000	0.000000	0.000000	0.000000	0.000000	0.000000	0.000000	0.000000	0.000000	132.131092	4.000000	0.000000
24	0.577350	2.868173e+04	377.98	1133.95	8.739297e-02	654.68	0.209108	0.786645	0.004247	0.000000	0.000000	0.000000	0.000000	0.000000	0.000000	0.000000	0.000000	0.000000	0.000000	132.131092	4.000000	0.000000
25	0.577350	2.868173e+04	377.98	1133.95	8.739297e-02	654.68	0.209108	0.786645	0.004247	0.000000	0.000000	0.000000	0.000000	0.000000	0.000000	0.000000	0.000000	0.000000	0.000000	132.131094	4.000000	0.000000
26	0.577350	2.868173e+04	377.98	1133.95	8.739297e-02	654.68	0.209108	0.786645	0.004247	0.000000	0.000000	0.000000	0.000000	0.000000	0.000000	0.000000	0.000000	0.000000	0.000000	132.131092	4.000000	0.000000
27	0.577350	2.868173e+04	377.98	1133.95	8.739297e-02	654.68	0.209108	0.786645	0.004247	0.000000	0.000000	0.000000	0.000000	0.000000	0.000000	0.000000	0.000000	0.000000	0.000000	132.131092	4.000000	0.000000
28	0.577350	2.868173e+04	377.98	1133.95	8.739297e-02	654.68	0.209108	0.786645	0.004247	0.000000	0.000000	0.000000	0.000000	0.000000	0.000000	0.000000	0.000000	0.000000	0.000000	132.131092	4.000000	0.000000
29	0.577350	2.868173e+04	377.98	1133.95	8.739296e-02	654.68	0.209108	0.786645	0.004247	0.000000	0.000000	0.000000	0.000000	0.000000	0.000000	0.000000	0.000000	0.000000	0.000000	132.131092	4.000000	0.000000
30	0.577350	2.868173e+04	377.98	1133.95	8.739296e-02	654.68	0.209108	0.786645	0.004247	0.000000	0.000000	0.000000	0.000000	0.000000	0.000000	0.000000	0.000000	0.000000	0.000000	132.131092	4.000000	0.000000
31	0.577350	2.868173e+04	377.98	1133.95	8.739296e-02	654.68	0.209108	0.786645	0.004247	0.000000	0.000000	0.000000	0.000000	0.000000	0.000000	0.000000	0.000000	0.000000	0.000000	132.131092	4.000000	0.000000
32	0.577350	2.868173e+04	377.98	1133.95	8.739295e-02	654.68	0.209108	0.786645	0.004247	0.000000	0.000000	0.000000	0.000000	0.000000	0.000000	0.000000	0.000000	0.000000	0.000000	132.131092	4.000000	0.000000
33	0.577350	2.868173e+04	377.98	1133.95	8.739294e-02	654.68	0.209108	0.786645	0.004247	0.000000	0.000000	0.000000	0.000000	0.000000	0.000000	0.000000	0.000000	0.000000	0.000000	132.131092	4.000000	0.000000
34	0.577351	2.868172e+04	377.98	1133.95	8.739291e-02	654.68	0.209108	0.786645	0.004247	0.000000	0.000000	0.000000	0.000000	0.000000	0.000000	0.000000	0.000000	0.000000	0.000000	132.131092	4.000000	0.000000
35	0.577351	2.868172e+04	377.98	1133.95	8.739289e-02	654.68	0.209108	0.786645	0.004247	0.000000	0.000000	0.000000	0.000000	0.000000	0.000000	0.000000	0.000000	0.000000	0.000000	132.131092	4.000000	0.000000
36	0.577351	2.868172e+04	377.98	1133.95	8.739285e-02	654.68	0.209108	0.786645	0.004247	0.000000	0.000000	0.000000	0.000000	0.000000	0.000000	0.000000	0.000000	0.000000	0.000000	132.131092	4.000000	0.000000
37	0.577351	2.868172e+04	377.98	1133.95	8.739285e-02	654.68	0.209108	0.786645	0.004247	0.000000	0.000000	0.000000	0.000000	0.000000	0.000000	0.000000	0.000000	0.000000	0.000000	132.131092	4.000000	0.000000
38	0.577351	2.868171e+04	377.98	1133.95	8.739277e-02	654.68	0.209108	0.786645	0.004247	0.000000	0.000000	0.000000	0.000000	0.000000	0.000000	0.000000	0.000000	0.000000	0.000000	132.131092	4.000000	0.000000
39	0.577352	2.868169e+04	377.98	1133.95	8.739270e-02	654.68	0.209107	0.786645	0.004247	0.000000	0.000000	0.000000	0.000000	0.000000	0.000000	0.000001	0.000000	0.000000	0.000000	132.131092	4.000000	0.000000
40	0.577352	2.868168e+04	377.98	1133.95	8.739262e-02	654.68	0.209107	0.786645	0.004247	0.000000	0.000000	0.000000	0.000000	0.000000	0.000000	0.000001	0.000000	0.000000	0.000000	132.131092	4.000000	0.000000
41	0.577352	2.868167e+04	377.98	1133.95	8.739254e-02	654.68	0.209107	0.786645	0.004247	0.000000	0.000000	0.000000	0.000000	0.000000	0.000000	0.000001	0.000000	0.000000	0.000000	132.131092	4.000000	0.000000
42	0.577353	2.868166e+04	377.98	1133.96	8.739245e-02	654.68	0.209107	0.786645	0.004247	0.000000	0.000000	0.000000	0.000000	0.000000	0.000000	0.000001	0.000000	0.000000	0.000000	132.131092	4.000000	0.000000
43	0.577353	2.868166e+04	377.98	1133.96	8.739245e-02	654.68	0.209107	0.786645	0.004247	0.000000	0.000000	0.000000	0.000000	0.000000	0.000000	0.000001	0.000000	0.000000	0.000000	132.131092	4.000000	0.000000
44	0.577353	2.868166e+04	377.98	1133.96	8.739245e-02	654.68	0.209107	0.786645	0.004247	0.000000	0.000000	0.000000	0.000000	0.000000	0.000000	0.000001	0.000000	0.000000	0.000000	132.131092	4.000000	0.000000
45	0.577353	2.868166e+04	377.98	1133.96	8.739245e-02	654.68	0.209107	0.786645	0.004247	0.000000	0.000000	0.000000	0.000000	0.000000	0.000000	0.000001	0.000000	0.000000	0.000000	132.131092	4.000000	0.000000
46	0.577353	2.868166e+04	377.98	1133.96	8.739245e-02	654.68	0.209107	0.786645	0.004247	0.000000	0.000000	0.000000	0.000000	0.000000	0.000000	0.000001	0.000000	0.000000	0.000000	132.131092	4.000000	0.000000
47	0.577353	2.868166e+04	377.98	1133.96	8.739245e-02	654.68	0.209107	0.786645	0.004247	0.000000	0.000000	0.000000	0.000000	0.000000	0.000000	0.000001	0.000000	0.000000	0.000000	132.131092	4.000000	0.000000
48	0.577353	2.868166e+04	377.98	1133.96	8.739245e-02	654.68	0.209107	0.786645	0.004247	0.000000	0.000000	0.000000	0.000000	0.000000	0.000000	0.000001	0.000000	0.000000	0.000000	132.131092	4.000000	0.000000
49	0.577353	2.868166e+04	377.98	1133.96	8.739245e-02	654.68	0.209107	0.786645	0.004247	0.000000	0.000000	0.000000	0.000000	0.000000	0.000000	0.000001	0.000000	0.000000	0.000000	132.131092	4.000000	0.000000
50	0.577353	2.868166e+04	377.98	1133.96	8.739245e-02	654.68	0.209107	0.786645	0.004247	0.000000	0.000000	0.000000	0.000000	0.000000	0.000000	0.000001	0.000000	0.000000	0.000000	132.131092	4.000000	0.000000
51	0.577353	2.868166e+04	377.98	1133.96	8.739245e-02	654.68	0.209107	0.786645	0.004247	0.000000	0.000000	0.000000	0.000000	0.000000	0.000000	0.000001	0.000000	0.000000	0.000000	132.131092	4.000000	0.000000
52	0.577353	2.868166e+04	377.98	1133.96	8.739245e-02	654.68	0.209107	0.786645	0.004247	0.000000	0.000000	0.000000	0.000000	0.000000	0.000000	0.000001	0.000000	0.000000	0.000000	132.131092	4.000000	0.000000
53	0.577353	2.868166e+04	377.98	1133.96	8.739245e-02	654.68	0.209107	0.786645	0.004247	0.000000	0.000000	0.000000	0.000000	0.000000	0.000000	0.000001	0.000000	0.000000	0.000000	132.131092	4.000000	0.000000
54	0.577353	2.868166e+04	377.98	1133.96	8.739245e-02	654.68	0.209107	0.786645	0.004247	0.000000	0.000000	0.000000	0.000000	0.000000	0.000000	0.000001	0.000000	0.000000	0.000000	132.131092	4.000000	0.000000
55	0.577353	2.868166e+04	377.98	1133.96	8.739245e-02	654.68	0.209107	0.786645	0.004247	0.000000	0.000000	0.000000	0.000000	0.000000	0.000000	0.000001	0.000000	0.000000	0.000000	132.131092	4.000000	0.000000
56	0.577353	2.868166e+04	377.98	1133.96	8.739245e-02	654.68	0.209107	0.786645	0.004247	0.000000	0.000000	0.000000	0.000000	0.000000	0.000000	0.000001	0.000000	0.000000	0.000000	132.131092	4.000000	0.000000
57	0.577353	2.868166e+04	377.98	1133.96	8.739245e-02	654.68	0.209107	0.786645	0.004247	0.000000	0.000000	0.000000	0.000000	0.000000	0.000000	0.000001	0.000000	0.000000	0.000000	132.131092	4.000000	0.000000
58	0.577353	2.868166e+04	377.98	1133.96	8.739245e-02	654.68	0.209107	0.786645	0.004247	0.000000	0.000000	0.000000	0.000000	0.000000	0.000000	0.000001	0.000000	0.000000	0.000000	132.131092	4.000000	0.000000
59	0.577353	2.868166e+04	377.98	1133.96	8.739245e-02	654.68	0.209107	0.786645	0.004247	0.000000	0.000000	0.000000	0.000000	0.000000	0.000000	0.000001	0.000000	0.000000	0.000000	132.131092	4.000000	0.000000
60	0.577353	2.868166e+04	377.98	1133.96	8.739245e-02	654.68	0.209107	0.786645	0.004247	0.000000	0.000000	0.000000	0.000000	0.000000	0.000000	0.000001	0.000000	0.000000	0.000000	132.131092	4.000000	0.000000
61	0.577353	2.868166e+04	377.98	1133.96	8.739245e-02	654.68	0.209107	0.786645	0.004247	0.000000	0.000000	0.000000	0.000000	0.000000	0.000000	0.000001	0.000000	0.000000	0.000000	132.131092	4.000000	0.000000
62	0.577353	2.868166e+04	377.98	1133.96	8.739245e-02	654.68	0.209107	0.786645	0.004247	0.000000	0.000000	0.000000	0.000000	0.000000	0.000000	0.000001	0.000000	0.000000	0.000000	132.131092	4.000000	0.000000
63	0.577353	2.868166e+04	377.98	1133.96	8.739245e-02	654.68	0.209107	0.786645	0.004247	0.000000	0.000000	0.000000	0.000000	0.000000	0.000000	0.000001	0.000000	0.000000	0.000000	132.131092	4.000000	0.000000
64	0.577353	2.868166e+04	377.98	1133.96	8.739245e-02	654.68	0.209107	0.786645	0.004247	0.000000	0.000000	0.000000	0.000000	0.000000	0.000000	0.000001	0.000000	0.000000	0.000000	132.131092	4.000000	0.000000
65	0.577353	2.868166e+04	377.98	1133.96	8.739245e-02	654.68	0.209107	0.786645	0.004247	0.000000	0.000000	0.000000	0.000000	0.000000	0.000000	0.000001	0.000000	0.000000	0.000000	132.131092	4.000000	0.000000
66	0.577353	2.868166e+04	377.98	1133.96	8.739245e-02	654.68	0.209107	0.786645	0.004247	0.000000	0.000000	0.000000	0.000000	0.000000	0.000000	0.000001	0.000000	0.000000	0.000000	132.131092	4.000000	0.000000
67	0.577353	2.868166e+04	377.98	1133.96	8.739245e-02	654.68	0.209107	0.786645	0.004247	0.000000	0.000000	0.000000	0.000000	0.000000	0.000000	0.000001	0.000000	0.000000	0.000000	132.131092	4.000000	0.000000
68	0.577353	2.868166e+04	377.98	1133.96	8.739245e-02	654.68	0.209107	0.786645	0.004247	0.000000	0.000000	0.000000	0.000000	0.000000	0.000000	0.000001	0.000000	0.000000	0.000000	132.131094	4.000000	0.000000
69	0.577353	2.868166e+04	377.98	1133.96	8.739245e-02	654.68	0.209107	0.786645	0.004247	0.000000	0.000000	0.000000	0.000000	0.000000	0.000000	0.000001	0.000000	0.000000	0.000000	132.131092	4.000000	0.000000
70	0.577353	2.868165e+04	377.98	1133.96	8.739237e-02	654.68	0.209106	0.786645	0.004247	0.000000	0.000000	0.000000	0.000001	0.000000	0.000000	0.000001	0.000000	0.000000	0.000000	132.131092	4.000000	0.000000
71	0.577354	2.868163e+04	377.98	1133.96	8.739228e-02	654.68	0.209106	0.786645	0.004247	0.000000	0.000000	0.000000	0.000001	0.000000	0.000000	0.000001	0.000000	0.000000	0.000000	132.131092	4.000000	0.000000
72	0.577354	2.868162e+04	377.98	1133.96	8.739219e-02	654.68	0.209106	0.786645	0.004247	0.000000	0.000000	0.000000	0.000001	0.000000	0.000000	0.000002	0.000000	0.000000	0.000000	132.131092	4.000000	0.000001
73	0.577355	2.868158e+04	377.98	1133.96	8.739192e-02	654.68	0.209105	0.786645	0.004247	0.000000	0.000000	0.000000	0.000001	0.000000	0.000000	0.000002	0.000000	0.000000	0.000000	132.131092	4.000000	0.000001
74	0.577355	2.868158e+04	377.98	1133.96	8.739192e-02	654.68	0.209105	0.786645	0.004247	0.000000	0.000000	0.000000	0.000001	0.000000	0.000000	0.000002	0.000000	0.000000	0.000000	132.131092	4.000000	0.000001
75	0.577357	2.868154e+04	377.99	1133.96	8.739163e-02	654.68	0.209104	0.786645	0.004247	0.000000	0.000000	0.000000	0.000001	0.000000	0.000000	0.000003	0.000000	0.000000	0.000000	132.131092	4.000000	0.000001
76	0.577358	2.868150e+04	377.99	1133.97	8.739133e-02	654.68	0.209103	0.786645	0.004247	0.000000	0.000000	0.000000	0.000001	0.000000	0.000000	0.000003	0.000000	0.000000	0.000000	132.131092	4.000000	0.000001
77	0.577362	2.868141e+04	377.99	1133.97	8.739067e-02	654.68	0.209102	0.786645	0.004247	0.000000	0.000000	0.000000	0.000002	0.000000	0.000000	0.000004	0.000001	0.000000	0.000000	132.131092	4.000000	0.000001
78	0.577362	2.868140e+04	377.99	1133.97	8.739067e-02	654.68	0.209102	0.786645	0.004247	0.000000	0.000000	0.000000	0.000002	0.000000	0.000000	0.000004	0.000001	0.000000	0.000000	132.131092	4.000000	0.000001
79	0.577365	2.868130e+04	377.99	1133.98	8.738993e-02	654.69	0.209100	0.786645	0.004246	0.000000	0.000000	0.000000	0.000003	0.000000	0.000000	0.000005	0.000001	0.000000	0.000000	132.131092	4.000000	0.000001
80	0.577369	2.868118e+04	378.00	1133.99	8.738911e-02	654.69	0.209098	0.786645	0.004246	0.000000	0.000000	0.000000	0.000003	0.000000	0.000000	0.000006	0.000002	0.000000	0.000000	132.131092	4.000000	0.000002
81	0.577374	2.868105e+04	378.00	1134.00	8.738820e-02	654.69	0.209096	0.786645	0.004246	0.000000	0.000000	0.000000	0.000004	0.000000	0.000000	0.000007	0.000002	0.000000	0.000000	132.131092	4.000000	0.000002
82	0.577379	2.868091e+04	378.00	1134.00	8.738721e-02	654.69	0.209093	0.786645	0.004246	0.000000	0.000000	0.000000	0.000005	0.000000	0.000000	0.000008	0.000003	0.000000	0.000000	132.131092	4.000000	0.000002
83	0.577384	2.868076e+04	378.01	1134.01	8.738613e-02	654.69	0.209091	0.786645	0.004246	0.000000	0.000000	0.000000	0.000005	0.000000	0.000000	0.000009	0.000004	0.000000	0.000000	132.131092	4.000000	0.000003
84	0.577390	2.868059e+04	378.01	1134.02	8.738498e-02	654.69	0.209089	0.786645	0.004246	0.000000	0.000000	0.000000	0.000006	0.000000	0.000000	0.000009	0.000005	0.000000	0.000000	132.131092	4.000000	0.000003
85	0.577396	2.868042e+04	378.02	1134.04	8.738375e-02	654.70	0.209086	0.786645	0.004246	0.000000	0.000000	0.000000	0.000007	0.000000	0.000000	0.000010	0.000006	0.000000	0.000000	132.131092	4.000000	0.000003
86	0.577403	2.868023e+04	378.03	1134.05	8.738246e-02	654.70	0.209084	0.786645	0.004245	0.000000	0.000000	0.000000	0.000008	0.000000	0.000000	0.000011	0.000008	0.000000	0.000000	132.131092	4.000000	0.000003
87	0.577409	2.868004e+04	378.03	1134.06	8.738110e-02	654.70	0.209081	0.786645	0.004245	0.000000	0.000000	0.000000	0.000009	0.000000	0.000000	0.000011	0.000009	0.000000	0.000000	132.131092	4.000000	0.000004
88	0.577409	2.868004e+04	378.03	1134.06	8.738110e-02	654.70	0.209081	0.786645	0.004245	0.000000	0.000000	0.000000	0.000009	0.000000	0.000000	0.000011	0.000009	0.000000	0.000000	132.131092	4.000000	0.000004
89	0.577409	2.868004e+04	378.03	1134.06	8.738110e-02	654.70	0.209081	0.786645	0.004245	0.000000	0.000000	0.000000	0.000009	0.000000	0.000000	0.000011	0.000009	0.000000	0.000000	132.131092	4.000000	0.000004
90	0.577409	2.868004e+04	378.03	1134.06	8.738110e-02	654.70	0.209081	0.786645	0.004245	0.000000	0.000000	0.000000	0.000009	0.000000	0.000000	0.000011	0.000009	0.000000	0.000000	132.131092	4.000000	0.000004
91	0.577409	2.868004e+04	378.03	1134.06	8.738111e-02	654.70	0.209081	0.786645	0.004245	0.000000	0.000000	0.000000	0.000009	0.000000	0.000000	0.000011	0.000009	0.000000	0.000000	132.131092	4.000000	0.000004
92	0.577409	2.868004e+04	378.03	1134.06	8.738110e-02	654.70	0.209081	0.786645	0.004245	0.000000	0.000000	0.000000	0.000009	0.000000	0.000000	0.000011	0.000009	0.000000	0.000000	132.131092	4.000000	0.000004
93	0.577409	2.868004e+04	378.03	1134.06	8.738110e-02	654.70	0.209081	0.786645	0.004245	0.000000	0.000000	0.000000	0.000009	0.000000	0.000000	0.000011	0.000009	0.000000	0.000000	132.131092	4.000000	0.000004
94	0.577409	2.868004e+04	378.03	1134.06	8.738110e-02	654.70	0.209081	0.786645	0.004245	0.000000	0.000000	0.000000	0.000009	0.000000	0.000000	0.000011	0.000009	0.000000	0.000000	132.131092	4.000000	0.000004
95	0.577409	2.868004e+04	378.03	1134.06	8.738110e-02	654.70	0.209081	0.786645	0.004245	0.000000	0.000000	0.000000	0.000009	0.000000	0.000000	0.000011	0.000009	0.000000	0.000000	132.131092	4.000000	0.000004
96	0.577409	2.868004e+04	378.03	1134.06	8.738110e-02	654.70	0.209081	0.786645	0.004245	0.000000	0.000000	0.000000	0.000009	0.000000	0.000000	0.000011	0.000009	0.000000	0.000000	132.131092	4.000000	0.000004
97	0.577409	2.868004e+04	378.03	1134.06	8.738110e-02	654.70	0.209081	0.786645	0.004245	0.000000	0.000000	0.000000	0.000009	0.000000	0.000000	0.000011	0.000009	0.000000	0.000000	132.131092	4.000000	0.000004
98	0.577409	2.868004e+04	378.03	1134.06	8.738110e-02	654.70	0.209081	0.786645	0.004245	0.000000	0.000000	0.000000	0.000009	0.000000	0.000000	0.000011	0.000009	0.000000	0.000000	132.131092	4.000000	0.000004
99	0.577409	2.868004e+04	378.03	1134.06	8.738110e-02	654.70	0.209081	0.786645	0.004245	0.000000	0.000000	0.000000	0.000009	0.000000	0.000000	0.000011	0.000009	0.000000	0.000000	132.131092	4.000000	0.000004
100	0.577409	2.868004e+04	378.03	1134.06	8.738110e-02	654.70	0.209081	0.786645	0.004245	0.000000	0.000000	0.000000	0.000009	0.000000	0.000000	0.000011	0.000009	0.000000	0.000000	132.131092	4.000000	0.000004
101	0.577409	2.868004e+04	378.03	1134.06	8.738110e-02	654.70	0.209081	0.786645	0.004245	0.000000	0.000000	0.000000	0.000009	0.000000	0.000000	0.000011	0.000009	0.000000	0.000000	132.131092	4.000000	0.000004
102	0.577409	2.868004e+04	378.03	1134.06	8.738110e-02	654.70	0.209081	0.786645	0.004245	0.000000	0.000000	0.000000	0.000009	0.000000	0.000000	0.000011	0.000009	0.000000	0.000000	132.131092	4.000000	0.000004
103	0.577409	2.868004e+04	378.03	1134.06	8.738110e-02	654.70	0.209081	0.786645	0.004245	0.000000	0.000000	0.000000	0.000009	0.000000	0.000000	0.000011	0.000009	0.000000	0.000000	132.131092	4.000000	0.000004
104	0.577409	2.868004e+04	378.03	1134.06	8.738110e-02	654.70	0.209081	0.786645	0.004245	0.000000	0.000000	0.000000	0.000009	0.000000	0.000000	0.000011	0.000009	0.000000	0.000000	132.131092	4.000000	0.000004
105	0.577409	2.868004e+04	378.03	1134.06	8.738110e-02	654.70	0.209081	0.786645	0.004245	0.000000	0.000000	0.000000	0.000009	0.000000	0.000000	0.000011	0.000009	0.000000	0.000000	132.131092	4.000000	0.000004
106	0.577409	2.868004e+04	378.03	1134.06	8.738110e-02	654.70	0.209081	0.786645	0.004245	0.000000	0.000000	0.000000	0.000009	0.000000	0.000000	0.000011	0.000009	0.000000	0.000000	132.131092	4.000000	0.000004
107	0.577409	2.868004e+04	378.03	1134.06	8.738110e-02	654.70	0.209081	0.786645	0.004245	0.000000	0.000000	0.000000	0.000009	0.000000	0.000000	0.000011	0.000009	0.000000	0.000000	132.131092	4.000000	0.000004
108	0.577409	2.868004e+04	378.03	1134.06	8.738110e-02	654.70	0.209081	0.786645	0.004245	0.000000	0.000000	0.000000	0.000009	0.000000	0.000000	0.000011	0.000009	0.000000	0.000000	132.131092	4.000000	0.000004
109	0.577409	2.868004e+04	378.03	1134.06	8.738110e-02	654.70	0.209081	0.786645	0.004245	0.000000	0.000000	0.000000	0.000009	0.000000	0.000000	0.000011	0.000009	0.000000	0.000000	132.131092	4.000000	0.000004
110	0.577409	2.868004e+04	378.03	1134.06	8.738110e-02	654.70	0.209081	0.786645	0.004245	0.000000	0.000000	0.000000	0.000009	0.000000	0.000000	0.000011	0.000009	0.000000	0.000000	132.131094	4.000000	0.000004
111	0.577409	2.868004e+04	378.03	1134.06	8.738110e-02	654.70	0.209081	0.786645	0.004245	0.000000	0.000000	0.000000	0.000009	0.000000	0.000000	0.000011	0.000009	0.000000	0.000000	132.131092	4.000000	0.000004
112	0.577416	2.867984e+04	378.04	1134.07	8.737969e-02	654.70	0.209079	0.786645	0.004245	0.000000	0.000000	0.000000	0.000010	0.000000	0.000000	0.000012	0.000010	0.000000	0.000000	132.131092	4.000000	0.000004
113	0.577423	2.867963e+04	378.04	1134.09	8.737823e-02	654.71	0.209076	0.786645	0.004245	0.000000	0.000000	0.000000	0.000010	0.000000	0.000000	0.000012	0.000012	0.000000	0.000000	132.131092	4.000000	0.000004
114	0.577431	2.867941e+04	378.05	1134.10	8.737673e-02	654.71	0.209074	0.786645	0.004245	0.000000	0.000000	0.000000	0.000011	0.000000	0.000000	0.000012	0.000013	0.000000	0.000000	132.131092	4.000000	0.000004
115	0.577439	2.867919e+04	378.06	1134.11	8.737519e-02	654.71	0.209071	0.786645	0.004244	0.000000	0.000000	0.000000	0.000012	0.000000	0.000000	0.000013	0.000015	0.000000	0.000000	132.131092	4.000000	0.000005
116	0.577446	2.867897e+04	378.06	1134.13	8.737361e-02	654.72	0.209068	0.786645	0.004244	0.000000	0.000000	0.000000	0.000013	0.000000	0.000000	0.000013	0.000017	0.000000	0.000000	132.131092	4.000000	0.000005
117	0.577454	2.867874e+04	378.07	1134.14	8.737200e-02	654.72	0.209066	0.786645	0.004244	0.000000	0.000000	0.000000	0.000014	0.000000	0.000000	0.000013	0.000018	0.000000	0.000000	132.131092	4.000000	0.000005
118	0.577462	2.867850e+04	378.08	1134.16	8.737037e-02	654.72	0.209063	0.786645	0.004244	0.000000	0.000000	0.000000	0.000015	0.000000	0.000000	0.000013	0.000020	0.000000	0.000000	132.131092	4.000000	0.000006
119	0.577471	2.867827e+04	378.08	1134.17	8.736872e-02	654.73	0.209060	0.786645	0.004243	0.000000	0.000000	0.000000	0.000016	0.000000	0.000000	0.000013	0.000022	0.000000	0.000000	132.131092	4.000000	0.000006
120	0.577479	2.867803e+04	378.09	1134.19	8.736704e-02	654.73	0.209057	0.786645	0.004243	0.000000	0.000000	0.000000	0.000017	0.000000	0.000000	0.000014	0.000023	0.000000	0.000000	132.131092	4.000000	0.000006
121	0.577479	2.867803e+04	378.09	1134.19	8.736704e-02	654.73	0.209057	0.786645	0.004243	0.000000	0.000000	0.000000	0.000017	0.000000	0.000000	0.000014	0.000023	0.000000	0.000000	132.131092	4.000000	0.000006
122	0.577487	2.867779e+04	378.10	1134.20	8.736535e-02	654.73	0.209055	0.786645	0.004243	0.000000	0.000000	0.000000	0.000018	0.000000	0.000000	0.000014	0.000025	0.000000	0.000000	132.131092	4.000000	0.000006
123	0.577496	2.867754e+04	378.11	1134.22	8.736364e-02	654.73	0.209052	0.786645	0.004243	0.000000	0.000000	0.000000	0.000019	0.000000	0.000000	0.000014	0.000027	0.000000	0.000000	132.131092	4.000000	0.000007
124	0.577504	2.867730e+04	378.11	1134.23	8.736193e-02	654.74	0.209049	0.786645	0.004243	0.000000	0.000000	0.000000	0.000020	0.000000	0.000000	0.000014	0.000029	0.000000	0.000000	132.131092	4.000000	0.000007
125	0.577504	2.867730e+04	378.11	1134.23	8.736193e-02	654.74	0.209049	0.786645	0.004243	0.000000	0.000000	0.000000	0.000020	0.000000	0.000000	0.000014	0.000029	0.000000	0.000000	132.131092	4.000000	0.000007
126	0.577513	2.867705e+04	378.12	1134.25	8.736020e-02	654.74	0.209047	0.786645	0.004242	0.000000	0.000000	0.000000	0.000021	0.000000	0.000000	0.000014	0.000031	0.000000	0.000000	132.131092	4.000000	0.000007
127	0.577521	2.867680e+04	378.13	1134.26	8.735846e-02	654.74	0.209044	0.786645	0.004242	0.000000	0.000000	0.000000	0.000022	0.000000	0.000000	0.000014	0.000033	0.000000	0.000000	132.131092	4.000000	0.000007
128	0.577530	2.867655e+04	378.14	1134.28	8.735671e-02	654.75	0.209041	0.786645	0.004242	0.000000	0.000000	0.000000	0.000023	0.000000	0.000000	0.000014	0.000035	0.000000	0.000000	132.131092	4.000000	0.000008
129	0.577530	2.867655e+04	378.14	1134.28	8.735672e-02	654.75	0.209041	0.786645	0.004242	0.000000	0.000000	0.000000	0.000023	0.000000	0.000000	0.000014	0.000035	0.000000	0.000000	132.131092	4.000000	0.000008
130	0.577539	2.867630e+04	378.14	1134.29	8.735496e-02	654.75	0.209038	0.786645	0.004242	0.000000	0.000000	0.000000	0.000024	0.000000	0.000000	0.000014	0.000037	0.000000	0.000000	132.131092	4.000000	0.000008
131	0.577548	2.867605e+04	378.15	1134.31	8.735320e-02	654.75	0.209036	0.786645	0.004241	0.000000	0.000000	0.000000	0.000025	0.000000	0.000000	0.000014	0.000038	0.000000	0.000000	132.131092	4.000000	0.000008
132	0.577556	2.867580e+04	378.16	1134.32	8.735143e-02	654.76	0.209033	0.786645	0.004241	0.000000	0.000000	0.000000	0.000026	0.000000	0.000000	0.000014	0.000040	0.000000	0.000000	132.131092	4.000000	0.000009
133	0.577556	2.867580e+04	378.16	1134.32	8.735143e-02	654.76	0.209033	0.786645	0.004241	0.000000	0.000000	0.000000	0.000026	0.000000	0.000000	0.000014	0.000040	0.000000	0.000000	132.131092	4.000000	0.000009
134	0.577565	2.867554e+04	378.17	1134.34	8.734966e-02	654.76	0.209030	0.786645	0.004241	0.000000	0.000000	0.000000	0.000028	0.000000	0.000000	0.000014	0.000042	0.000000	0.000000	132.131092	4.000000	0.000009
135	0.577574	2.867529e+04	378.17	1134.36	8.734788e-02	654.76	0.209027	0.786645	0.004241	0.000000	0.000000	0.000000	0.000029	0.000000	0.000000	0.000014	0.000044	0.000000	0.000000	132.131092	4.000000	0.000009
136	0.577574	2.867529e+04	378.17	1134.36	8.734788e-02	654.76	0.209027	0.786645	0.004241	0.000000	0.000000	0.000000	0.000029	0.000000	0.000000	0.000014	0.000044	0.000000	0.000000	132.131092	4.000000	0.000009
137	0.577583	2.867503e+04	378.18	1134.37	8.734609e-02	654.77	0.209024	0.786645	0.004241	0.000000	0.000000	0.000000	0.000030	0.000000	0.000000	0.000014	0.000046	0.000000	0.000000	132.131092	4.000000	0.000009
138	0.577592	2.867478e+04	378.19	1134.39	8.734431e-02	654.77	0.209022	0.786645	0.004240	0.000000	0.000000	0.000000	0.000031	0.000000	0.000000	0.000014	0.000048	0.000000	0.000000	132.131092	4.000000	0.000010
139	0.577601	2.867452e+04	378.20	1134.40	8.734251e-02	654.77	0.209019	0.786645	0.004240	0.000000	0.000000	0.000000	0.000032	0.000000	0.000000	0.000014	0.000050	0.000000	0.000000	132.131092	4.000000	0.000010
140	0.577601	2.867452e+04	378.20	1134.40	8.734251e-02	654.77	0.209019	0.786645	0.004240	0.000000	0.000000	0.000000	0.000032	0.000000	0.000000	0.000014	0.000050	0.000000	0.000000	132.131092	4.000000	0.000010
141	0.577609	2.867426e+04	378.21	1134.42	8.734071e-02	654.78	0.209016	0.786645	0.004240	0.000000	0.000000	0.000000	0.000033	0.000000	0.000000	0.000014	0.000052	0.000000	0.000000	132.131092	4.000000	0.000010
142	0.577624	2.867385e+04	378.22	1134.45	8.733784e-02	654.78	0.209012	0.786645	0.004239	0.000000	0.000000	0.000000	0.000035	0.000000	0.000000	0.000015	0.000055	0.000000	0.000000	132.131092	4.000000	0.000011
143	0.577624	2.867385e+04	378.22	1134.45	8.733784e-02	654.78	0.209012	0.786645	0.004239	0.000000	0.000000	0.000000	0.000035	0.000000	0.000000	0.000015	0.000055	0.000000	0.000000	132.131092	4.000000	0.000011
144	0.577624	2.867385e+04	378.22	1134.45	8.733784e-02	654.78	0.209012	0.786645	0.004239	0.000000	0.000000	0.000000	0.000035	0.000000	0.000000	0.000015	0.000055	0.000000	0.000000	132.131092	4.000000	0.000011
145	0.577638	2.867344e+04	378.23	1134.47	8.733495e-02	654.79	0.209007	0.786645	0.004239	0.000000	0.000000	0.000000	0.000036	0.000000	0.000000	0.000015	0.000058	0.000000	0.000000	132.131092	4.000000	0.000011
146	0.577652	2.867302e+04	378.24	1134.50	8.733206e-02	654.79	0.209003	0.786645	0.004239	0.000000	0.000000	0.000000	0.000038	0.000000	0.000000	0.000015	0.000061	0.000000	0.000000	132.131092	4.000000	0.000012
147	0.577667	2.867261e+04	378.26	1134.52	8.732915e-02	654.80	0.208998	0.786645	0.004238	0.000000	0.000000	0.000000	0.000040	0.000000	0.000000	0.000015	0.000064	0.000000	0.000000	132.131092	4.000000	0.000012
148	0.577681	2.867219e+04	378.27	1134.55	8.732623e-02	654.81	0.208994	0.786645	0.004238	0.000000	0.000000	0.000000	0.000041	0.000000	0.000000	0.000015	0.000068	0.000000	0.000000	132.131092	4.000000	0.000012
149	0.577696	2.867177e+04	378.28	1134.58	8.732330e-02	654.81	0.208989	0.786645	0.004238	0.000000	0.000000	0.000000	0.000043	0.000000	0.000000	0.000015	0.000071	0.000000	0.000000	132.131092	4.000000	0.000013
150	0.577710	2.867135e+04	378.29	1134.60	8.732036e-02	654.82	0.208984	0.786645	0.004237	0.000000	0.000000	0.000000	0.000045	0.000000	0.000000	0.000015	0.000074	0.000000	0.000000	132.131092	4.000000	0.000013
151	0.577725	2.867093e+04	378.31	1134.63	8.731741e-02	654.82	0.208980	0.786645	0.004237	0.000000	0.000000	0.000000	0.000047	0.000000	0.000000	0.000015	0.000077	0.000000	0.000000	132.131092	4.000000	0.000014
152	0.577740	2.867050e+04	378.32	1134.65	8.731444e-02	654.83	0.208975	0.786645	0.004236	0.000000	0.000000	0.000000	0.000048	0.000000	0.000000	0.000015	0.000080	0.000000	0.000000	132.131092	4.000000	0.000014
153	0.577754	2.867008e+04	378.33	1134.68	8.731146e-02	654.83	0.208971	0.786645	0.004236	0.000000	0.000000	0.000000	0.000050	0.000000	0.000000	0.000015	0.000083	0.000000	0.000000	132.131092	4.000000	0.000015
154	0.577769	2.866965e+04	378.35	1134.71	8.730847e-02	654.84	0.208966	0.786645	0.004236	0.000000	0.000000	0.000000	0.000052	0.000000	0.000000	0.000015	0.000086	0.000000	0.000000	132.131092	4.000000	0.000015
155	0.577784	2.866922e+04	378.36	1134.73	8.730547e-02	654.84	0.208962	0.786645	0.004235	0.000000	0.000000	0.000000	0.000054	0.000000	0.000000	0.000015	0.000090	0.000000	0.000000	132.131092	4.000000	0.000015
156	0.577799	2.866879e+04	378.37	1134.76	8.730245e-02	654.85	0.208957	0.786645	0.004235	0.000000	0.000000	0.000000	0.000055	0.000000	0.000000	0.000015	0.000093	0.000000	0.000000	132.131092	4.000000	0.000016
157	0.577814	2.866835e+04	378.38	1134.79	8.729941e-02	654.86	0.208952	0.786645	0.004235	0.000000	0.000000	0.000000	0.000057	0.000000	0.000000	0.000015	0.000096	0.000000	0.000000	132.131092	4.000000	0.000016
158	0.577829	2.866792e+04	378.40	1134.81	8.729636e-02	654.86	0.208948	0.786645	0.004234	0.000000	0.000000	0.000000	0.000059	0.000000	0.000000	0.000015	0.000099	0.000000	0.000000	132.131092	4.000000	0.000017
159	0.577845	2.866748e+04	378.41	1134.84	8.729330e-02	654.87	0.208943	0.786645	0.004234	0.000000	0.000000	0.000000	0.000061	0.000000	0.000000	0.000015	0.000102	0.000000	0.000000	132.131092	4.000000	0.000017
160	0.577860	2.866704e+04	378.42	1134.87	8.729022e-02	654.87	0.208938	0.786645	0.004233	0.000000	0.000000	0.000000	0.000063	0.000000	0.000000	0.000015	0.000106	0.000000	0.000000	132.131092	4.000000	0.000018
161	0.577875	2.866659e+04	378.44	1134.90	8.728713e-02	654.88	0.208933	0.786645	0.004233	0.000000	0.000000	0.000000	0.000065	0.000000	0.000000	0.000015	0.000109	0.000000	0.000000	132.131092	4.000000	0.000018
162	0.577891	2.866615e+04	378.45	1134.92	8.728401e-02	654.88	0.208929	0.786645	0.004233	0.000000	0.000000	0.000000	0.000067	0.000000	0.000000	0.000015	0.000112	0.000000	0.000000	132.131092	4.000000	0.000019
163	0.577891	2.866615e+04	378.45	1134.92	8.728401e-02	654.88	0.208929	0.786645	0.004233	0.000000	0.000000	0.000000	0.000067	0.000000	0.000000	0.000015	0.000112	0.000000	0.000000	132.131092	4.000000	0.000019
164	0.577891	2.866615e+04	378.45	1134.92	8.728401e-02	654.88	0.208929	0.786645	0.004233	0.000000	0.000000	0.000000	0.000067	0.000000	0.000000	0.000015	0.000112	0.000000	0.000000	132.131092	4.000000	0.000019
165	0.577906	2.866570e+04	378.47	1134.95	8.728088e-02	654.89	0.208924	0.786645	0.004232	0.000000	0.000000	0.000000	0.000068	0.000000	0.000000	0.000015	0.000115	0.000000	0.000000	132.131092	4.000000	0.000019
166	0.577922	2.866525e+04	378.48	1134.98	8.727773e-02	654.90	0.208919	0.786645	0.004232	0.000000	0.000000	0.000000	0.000070	0.000000	0.000000	0.000015	0.000119	0.000000	0.000000	132.131092	4.000000	0.000019
167	0.577922	2.866525e+04	378.48	1134.98	8.727773e-02	654.90	0.208919	0.786645	0.004232	0.000000	0.000000	0.000000	0.000070	0.000000	0.000000	0.000015	0.000119	0.000000	0.000000	132.131092	4.000000	0.000019
168	0.577937	2.866479e+04	378.49	1135.01	8.727457e-02	654.90	0.208914	0.786645	0.004231	0.000000	0.000000	0.000000	0.000072	0.000000	0.000000	0.000016	0.000122	0.000000	0.000000	132.131092	4.000000	0.000020
169	0.577953	2.866434e+04	378.51	1135.04	8.727138e-02	654.91	0.208909	0.786645	0.004231	0.000000	0.000000	0.000000	0.000074	0.000000	0.000000	0.000016	0.000125	0.000000	0.000000	132.131092	4.000000	0.000020
170	0.577969	2.866388e+04	378.52	1135.07	8.726818e-02	654.91	0.208905	0.786645	0.004231	0.000000	0.000000	0.000000	0.000076	0.000000	0.000000	0.000016	0.000128	0.000000	0.000000	132.131092	4.000000	0.000021
171	0.577985	2.866342e+04	378.53	1135.09	8.726495e-02	654.92	0.208900	0.786645	0.004230	0.000000	0.000000	0.000000	0.000078	0.000000	0.000000	0.000016	0.000132	0.000000	0.000000	132.131092	4.000000	0.000021
172	0.578001	2.866295e+04	378.55	1135.12	8.726171e-02	654.93	0.208895	0.786645	0.004230	0.000000	0.000000	0.000000	0.000080	0.000000	0.000000	0.000016	0.000135	0.000000	0.000000	132.131092	4.000000	0.000022
173	0.578017	2.866248e+04	378.56	1135.15	8.725844e-02	654.93	0.208890	0.786645	0.004229	0.000000	0.000000	0.000000	0.000082	0.000000	0.000000	0.000016	0.000138	0.000000	0.000000	132.131092	4.000000	0.000022
174	0.578034	2.866201e+04	378.58	1135.18	8.725516e-02	654.94	0.208885	0.786645	0.004229	0.000000	0.000000	0.000000	0.000084	0.000000	0.000000	0.000016	0.000142	0.000000	0.000000	132.131092	4.000000	0.000022
175	0.578034	2.866201e+04	378.58	1135.18	8.725516e-02	654.94	0.208885	0.786645	0.004229	0.000000	0.000000	0.000000	0.000084	0.000000	0.000000	0.000016	0.000142	0.000000	0.000000	132.131092	4.000000	0.000022
176	0.578050	2.866154e+04	378.59	1135.21	8.725185e-02	654.95	0.208880	0.786645	0.004228	0.000000	0.000000	0.000000	0.000086	0.000000	0.000000	0.000016	0.000145	0.000000	0.000000	132.131092	4.000000	0.000023
177	0.578078	2.866074e+04	378.62	1135.26	8.724630e-02	654.96	0.208872	0.786645	0.004228	0.000000	0.000000	0.000000	0.000089	0.000000	0.000000	0.000016	0.000150	0.000000	0.000000	132.131092	4.000000	0.000024
178	0.578078	2.866074e+04	378.62	1135.26	8.724630e-02	654.96	0.208872	0.786645	0.004228	0.000000	0.000000	0.000000	0.000089	0.000000	0.000000	0.000016	0.000150	0.000000	0.000000	132.131092	4.000000	0.000024
179	0.578078	2.866074e+04	378.62	1135.26	8.724630e-02	654.96	0.208872	0.786645	0.004228	0.000000	0.000000	0.000000	0.000089	0.000000	0.000000	0.000016	0.000150	0.000000	0.000000	132.131092	4.000000	0.000024
180	0.578078	2.866074e+04	378.62	1135.26	8.724630e-02	654.96	0.208872	0.786645	0.004228	0.000000	0.000000	0.000000	0.000089	0.000000	0.000000	0.000016	0.000150	0.000000	0.000000	132.131092	4.000000	0.000024
181	0.578078	2.866074e+04	378.62	1135.26	8.724630e-02	654.96	0.208872	0.786645	0.004228	0.000000	0.000000	0.000000	0.000089	0.000000	0.000000	0.000016	0.000150	0.000000	0.000000	132.131092	4.000000	0.000024
182	0.578078	2.866074e+04	378.62	1135.26	8.724630e-02	654.96	0.208872	0.786645	0.004228	0.000000	0.000000	0.000000	0.000089	0.000000	0.000000	0.000016	0.000150	0.000000	0.000000	132.131092	4.000000	0.000024
183	0.578078	2.866074e+04	378.62	1135.26	8.724630e-02	654.96	0.208872	0.786645	0.004228	0.000000	0.000000	0.000000	0.000089	0.000000	0.000000	0.000016	0.000150	0.000000	0.000000	132.131092	4.000000	0.000024
184	0.578078	2.866074e+04	378.62	1135.26	8.724630e-02	654.96	0.208872	0.786645	0.004228	0.000000	0.000000	0.000000	0.000089	0.000000	0.000000	0.000016	0.000150	0.000000	0.000000	132.131092	4.000000	0.000024
185	0.578078	2.866074e+04	378.62	1135.26	8.724630e-02	654.96	0.208872	0.786645	0.004228	0.000000	0.000000	0.000000	0.000089	0.000000	0.000000	0.000016	0.000150	0.000000	0.000000	132.131092	4.000000	0.000024
186	0.578078	2.866074e+04	378.62	1135.26	8.724630e-02	654.96	0.208872	0.786645	0.004228	0.000000	0.000000	0.000000	0.000089	0.000000	0.000000	0.000016	0.000150	0.000000	0.000000	132.131092	4.000000	0.000024
187	0.578078	2.866074e+04	378.62	1135.26	8.724630e-02	654.96	0.208872	0.786645	0.004228	0.000000	0.000000	0.000000	0.000089	0.000000	0.000000	0.000016	0.000150	0.000000	0.000000	132.131092	4.000000	0.000024
188	0.578078	2.866074e+04	378.62	1135.26	8.724630e-02	654.96	0.208872	0.786645	0.004228	0.000000	0.000000	0.000000	0.000089	0.000000	0.000000	0.000016	0.000150	0.000000	0.000000	132.131092	4.000000	0.000024
189	0.578078	2.866074e+04	378.62	1135.26	8.724630e-02	654.96	0.208872	0.786645	0.004228	0.000000	0.000000	0.000000	0.000089	0.000000	0.000000	0.000016	0.000150	0.000000	0.000000	132.131092	4.000000	0.000024
190	0.578078	2.866074e+04	378.62	1135.26	8.724630e-02	654.96	0.208872	0.786645	0.004228	0.000000	0.000000	0.000000	0.000089	0.000000	0.000000	0.000016	0.000150	0.000000	0.000000	132.131092	4.000000	0.000024
191	0.578078	2.866074e+04	378.62	1135.26	8.724630e-02	654.96	0.208872	0.786645	0.004228	0.000000	0.000000	0.000000	0.000089	0.000000	0.000000	0.000016	0.000150	0.000000	0.000000	132.131092	4.000000	0.000024
192	0.578078	2.866074e+04	378.62	1135.26	8.724630e-02	654.96	0.208872	0.786645	0.004228	0.000000	0.000000	0.000000	0.000089	0.000000	0.000000	0.000016	0.000150	0.000000	0.000000	132.131092	4.000000	0.000024
193	0.578078	2.866074e+04	378.62	1135.26	8.724630e-02	654.96	0.208872	0.786645	0.004228	0.000000	0.000000	0.000000	0.000089	0.000000	0.000000	0.000016	0.000150	0.000000	0.000000	132.131092	4.000000	0.000024
194	0.578078	2.866074e+04	378.62	1135.26	8.724630e-02	654.96	0.208872	0.786645	0.004228	0.000000	0.000000	0.000000	0.000089	0.000000	0.000000	0.000016	0.000150	0.000000	0.000000	132.131092	4.000000	0.000024
195	0.578078	2.866074e+04	378.62	1135.26	8.724630e-02	654.96	0.208872	0.786645	0.004228	0.000000	0.000000	0.000000	0.000089	0.000000	0.000000	0.000016	0.000150	0.000000	0.000000	132.131092	4.000000	0.000024
196	0.578078	2.866074e+04	378.62	1135.26	8.724630e-02	654.96	0.208872	0.786645	0.004228	0.000000	0.000000	0.000000	0.000089	0.000000	0.000000	0.000016	0.000150	0.000000	0.000000	132.131092	4.000000	0.000024
197	0.578078	2.866074e+04	378.62	1135.26	8.724630e-02	654.96	0.208872	0.786645	0.004228	0.000000	0.000000	0.000000	0.000089	0.000000	0.000000	0.000016	0.000150	0.000000	0.000000	132.131094	4.000000	0.000024
198	0.578078	2.866074e+04	378.62	1135.26	8.724630e-02	654.96	0.208872	0.786645	0.004228	0.000000	0.000000	0.000000	0.000089	0.000000	0.000000	0.000016	0.000150	0.000000	0.000000	132.131092	4.000000	0.000024
199	0.578106	2.865994e+04	378.64	1135.31	8.724068e-02	654.97	0.208863	0.786645	0.004227	0.000000	0.000000	0.000000	0.000093	0.000000	0.000000	0.000016	0.000156	0.000000	0.000000	132.131092	4.000000	0.000024
200	0.578134	2.865912e+04	378.66	1135.36	8.723500e-02	654.98	0.208855	0.786645	0.004226	0.000000	0.000000	0.000000	0.000096	0.000000	0.000000	0.000016	0.000162	0.000000	0.000000	132.131092	4.000000	0.000025
201	0.578162	2.865830e+04	378.69	1135.41	8.722924e-02	654.99	0.208846	0.786645	0.004226	0.000000	0.000000	0.000000	0.000100	0.000000	0.000000	0.000016	0.000167	0.000000	0.000000	132.131092	4.000000	0.000026
202	0.578217	2.865671e+04	378.74	1135.51	8.721821e-02	655.01	0.208830	0.786645	0.004224	0.000000	0.000000	0.000000	0.000107	0.000000	0.000000	0.000017	0.000178	0.000000	0.000000	132.131092	4.000000	0.000027
203	0.578217	2.865671e+04	378.74	1135.51	8.721820e-02	655.01	0.208830	0.786645	0.004224	0.000000	0.000000	0.000000	0.000107	0.000000	0.000000	0.000017	0.000178	0.000000	0.000000	132.131092	4.000000	0.000027
204	0.578273	2.865509e+04	378.79	1135.61	8.720688e-02	655.03	0.208813	0.786645	0.004223	0.000000	0.000000	0.000000	0.000114	0.000000	0.000000	0.000017	0.000189	0.000000	0.000000	132.131092	4.000000	0.000028
205	0.578331	2.865342e+04	378.84	1135.71	8.719526e-02	655.05	0.208796	0.786645	0.004221	0.000000	0.000000	0.000000	0.000121	0.000000	0.000000	0.000017	0.000200	0.000000	0.000000	132.131092	4.000000	0.000030
206	0.578390	2.865171e+04	378.89	1135.82	8.718330e-02	655.07	0.208778	0.786645	0.004220	0.000000	0.000000	0.000000	0.000128	0.000000	0.000000	0.000018	0.000211	0.000000	0.000000	132.131092	4.000000	0.000031
207	0.578452	2.864994e+04	378.94	1135.92	8.717100e-02	655.10	0.208761	0.786645	0.004218	0.000000	0.000000	0.000000	0.000136	0.000000	0.000000	0.000018	0.000222	0.000000	0.000000	132.131092	4.000000	0.000033
208	0.578548	2.864715e+04	379.03	1136.09	8.715161e-02	655.13	0.208733	0.786645	0.004216	0.000000	0.000000	0.000000	0.000148	0.000000	0.000000	0.000018	0.000239	0.000000	0.000000	132.131092	4.000000	0.000035
209	0.578548	2.864715e+04	379.03	1136.09	8.715161e-02	655.13	0.208733	0.786645	0.004216	0.000000	0.000000	0.000000	0.000148	0.000000	0.000000	0.000018	0.000239	0.000000	0.000000	132.131092	4.000000	0.000035
210	0.578705	2.864261e+04	379.16	1136.37	8.711999e-02	655.19	0.208688	0.786645	0.004212	0.000000	0.000000	0.000000	0.000169	0.000000	0.000000	0.000019	0.000267	0.000000	0.000000	132.131092	4.000000	0.000038
211	0.578705	2.864261e+04	379.16	1136.37	8.711995e-02	655.19	0.208688	0.786645	0.004212	0.000000	0.000000	0.000000	0.000169	0.000000	0.000000	0.000019	0.000267	0.000000	0.000000	132.131092	4.000000	0.000038
212	0.578876	2.863767e+04	379.31	1136.67	8.708566e-02	655.26	0.208641	0.786645	0.004208	0.000000	0.000000	0.000000	0.000191	0.000000	0.000000	0.000020	0.000295	0.000000	0.000000	132.131092	4.000000	0.000041
213	0.578876	2.863766e+04	379.31	1136.67	8.708560e-02	655.26	0.208641	0.786645	0.004208	0.000000	0.000000	0.000000	0.000191	0.000000	0.000000	0.000020	0.000295	0.000000	0.000000	132.131092	4.000000	0.000041
214	0.579062	2.863227e+04	379.48	1137.00	8.704810e-02	655.33	0.208590	0.786645	0.004203	0.000000	0.000000	0.000000	0.000216	0.000000	0.000000	0.000021	0.000325	0.000000	0.000000	132.131092	4.000000	0.000044
215	0.579268	2.862631e+04	379.66	1137.36	8.700675e-02	655.41	0.208535	0.786645	0.004198	0.000000	0.000000	0.000000	0.000244	0.000000	0.000000	0.000023	0.000356	0.000000	0.000000	132.131092	4.000000	0.000047
216	0.579496	2.861970e+04	379.86	1137.75	8.696089e-02	655.50	0.208475	0.786645	0.004193	0.000000	0.000000	0.000000	0.000275	0.000000	0.000000	0.000024	0.000388	0.000000	0.000000	132.131092	4.000000	0.000050
217	0.579751	2.861230e+04	380.08	1138.20	8.690965e-02	655.59	0.208410	0.786645	0.004187	0.000000	0.000000	0.000000	0.000311	0.000000	0.000000	0.000026	0.000422	0.000000	0.000000	132.131092	4.000000	0.000054
218	0.580039	2.860395e+04	380.33	1138.69	8.685191e-02	655.71	0.208338	0.786645	0.004180	0.000000	0.000000	0.000000	0.000351	0.000000	0.000000	0.000028	0.000457	0.000000	0.000000	132.131092	4.000000	0.000057
219	0.580365	2.859447e+04	380.62	1139.26	8.678603e-02	655.83	0.208259	0.786645	0.004173	0.000000	0.000000	0.000000	0.000398	0.000000	0.000000	0.000030	0.000495	0.000000	0.000000	132.131092	4.000000	0.000060
220	0.580367	2.859443e+04	380.62	1139.26	8.678621e-02	655.83	0.208259	0.786645	0.004173	0.000000	0.000000	0.000000	0.000399	0.000000	0.000000	0.000030	0.000495	0.000000	0.000000	132.131092	4.000000	0.000060
221	0.580366	2.859445e+04	380.62	1139.26	8.678603e-02	655.83	0.208259	0.786645	0.004173	0.000000	0.000000	0.000000	0.000399	0.000000	0.000000	0.000030	0.000495	0.000000	0.000000	132.131092	4.000000	0.000060
222	0.580365	2.859447e+04	380.62	1139.26	8.678603e-02	655.83	0.208259	0.786645	0.004173	0.000000	0.000000	0.000000	0.000398	0.000000	0.000000	0.000030	0.000495	0.000000	0.000000	132.131092	4.000000	0.000060
223	0.580365	2.859447e+04	380.62	1139.26	8.678603e-02	655.83	0.208259	0.786645	0.004173	0.000000	0.000000	0.000000	0.000398	0.000000	0.000000	0.000030	0.000495	0.000000	0.000000	132.131092	4.000000	0.000060
224	0.580365	2.859447e+04	380.62	1139.26	8.678603e-02	655.83	0.208259	0.786645	0.004173	0.000000	0.000000	0.000000	0.000398	0.000000	0.000000	0.000030	0.000495	0.000000	0.000000	132.131092	4.000000	0.000060
225	0.580365	2.859447e+04	380.62	1139.26	8.678603e-02	655.83	0.208259	0.786645	0.004173	0.000000	0.000000	0.000000	0.000398	0.000000	0.000000	0.000030	0.000495	0.000000	0.000000	132.131092	4.000000	0.000060
226	0.580365	2.859447e+04	380.62	1139.26	8.678603e-02	655.83	0.208259	0.786645	0.004173	0.000000	0.000000	0.000000	0.000398	0.000000	0.000000	0.000030	0.000495	0.000000	0.000000	132.131092	4.000000	0.000060
227	0.580365	2.859447e+04	380.62	1139.26	8.678603e-02	655.83	0.208259	0.786645	0.004173	0.000000	0.000000	0.000000	0.000398	0.000000	0.000000	0.000030	0.000495	0.000000	0.000000	132.131092	4.000000	0.000060
228	0.580365	2.859447e+04	380.62	1139.26	8.678603e-02	655.83	0.208259	0.786645	0.004173	0.000000	0.000000	0.000000	0.000398	0.000000	0.000000	0.000030	0.000495	0.000000	0.000000	132.131092	4.000000	0.000060
229	0.580365	2.859447e+04	380.62	1139.26	8.678603e-02	655.83	0.208259	0.786645	0.004173	0.000000	0.000000	0.000000	0.000398	0.000000	0.000000	0.000030	0.000495	0.000000	0.000000	132.131092	4.000000	0.000060
230	0.580365	2.859447e+04	380.62	1139.26	8.678603e-02	655.83	0.208259	0.786645	0.004173	0.000000	0.000000	0.000000	0.000398	0.000000	0.000000	0.000030	0.000495	0.000000	0.000000	132.131092	4.000000	0.000060
231	0.580365	2.859447e+04	380.62	1139.26	8.678603e-02	655.83	0.208259	0.786645	0.004173	0.000000	0.000000	0.000000	0.000398	0.000000	0.000000	0.000030	0.000495	0.000000	0.000000	132.131092	4.000000	0.000060
232	0.580365	2.859447e+04	380.62	1139.26	8.678603e-02	655.83	0.208259	0.786645	0.004173	0.000000	0.000000	0.000000	0.000398	0.000000	0.000000	0.000030	0.000495	0.000000	0.000000	132.131092	4.000000	0.000060
233	0.580365	2.859447e+04	380.62	1139.26	8.678603e-02	655.83	0.208259	0.786645	0.004173	0.000000	0.000000	0.000000	0.000398	0.000000	0.000000	0.000030	0.000495	0.000000	0.000000	132.131092	4.000000	0.000060
234	0.580365	2.859447e+04	380.62	1139.26	8.678603e-02	655.83	0.208259	0.786645	0.004173	0.000000	0.000000	0.000000	0.000398	0.000000	0.000000	0.000030	0.000495	0.000000	0.000000	132.131092	4.000000	0.000060
235	0.580365	2.859447e+04	380.62	1139.26	8.678603e-02	655.83	0.208259	0.786645	0.004173	0.000000	0.000000	0.000000	0.000398	0.000000	0.000000	0.000030	0.000495	0.000000	0.000000	132.131092	4.000000	0.000060
236	0.580365	2.859447e+04	380.62	1139.26	8.678603e-02	655.83	0.208259	0.786645	0.004173	0.000000	0.000000	0.000000	0.000398	0.000000	0.000000	0.000030	0.000495	0.000000	0.000000	132.131092	4.000000	0.000060
237	0.580365	2.859447e+04	380.62	1139.26	8.678603e-02	655.83	0.208259	0.786645	0.004173	0.000000	0.000000	0.000000	0.000398	0.000000	0.000000	0.000030	0.000495	0.000000	0.000000	132.131092	4.000000	0.000060
238	0.580365	2.859447e+04	380.62	1139.26	8.678603e-02	655.83	0.208259	0.786645	0.004173	0.000000	0.000000	0.000000	0.000398	0.000000	0.000000	0.000030	0.000495	0.000000	0.000000	132.131092	4.000000	0.000060
239	0.580365	2.859447e+04	380.62	1139.26	8.678603e-02	655.83	0.208259	0.786645	0.004173	0.000000	0.000000	0.000000	0.000398	0.000000	0.000000	0.000030	0.000495	0.000000	0.000000	132.131092	4.000000	0.000060
240	0.580365	2.859447e+04	380.62	1139.26	8.678603e-02	655.83	0.208259	0.786645	0.004173	0.000000	0.000000	0.000000	0.000398	0.000000	0.000000	0.000030	0.000495	0.000000	0.000000	132.131092	4.000000	0.000060
241	0.580365	2.859447e+04	380.62	1139.26	8.678603e-02	655.83	0.208259	0.786645	0.004173	0.000000	0.000000	0.000000	0.000398	0.000000	0.000000	0.000030	0.000495	0.000000	0.000000	132.131092	4.000000	0.000060
242	0.580365	2.859447e+04	380.62	1139.26	8.678603e-02	655.83	0.208259	0.786645	0.004173	0.000000	0.000000	0.000000	0.000398	0.000000	0.000000	0.000030	0.000495	0.000000	0.000000	132.131094	4.000000	0.000060
243	0.580366	2.859445e+04	380.62	1139.26	8.678609e-02	655.83	0.208259	0.786645	0.004173	0.000000	0.000000	0.000000	0.000399	0.000000	0.000000	0.000030	0.000495	0.000000	0.000000	132.131092	4.000000	0.000060
244	0.580239	2.859812e+04	380.51	1139.04	8.681136e-02	655.78	0.208289	0.786645	0.004176	0.000000	0.000000	0.000000	0.000380	0.000000	0.000000	0.000029	0.000481	0.000000	0.000000	132.131092	4.000000	0.000059
245	0.580240	2.859811e+04	380.51	1139.04	8.681140e-02	655.78	0.208289	0.786645	0.004176	0.000000	0.000000	0.000000	0.000380	0.000000	0.000000	0.000029	0.000481	0.000000	0.000000	132.131092	4.000000	0.000059
246	0.580459	2.859174e+04	380.70	1139.42	8.676754e-02	655.87	0.208237	0.786645	0.004171	0.000000	0.000000	0.000000	0.000412	0.000000	0.000000	0.000030	0.000505	0.000000	0.000000	132.131092	4.000000	0.000061
247	0.580459	2.859174e+04	380.70	1139.42	8.676744e-02	655.87	0.208237	0.786645	0.004171	0.000000	0.000000	0.000000	0.000412	0.000000	0.000000	0.000030	0.000505	0.000000	0.000000	132.131092	4.000000	0.000061
248	0.580390	2.859375e+04	380.64	1139.30	8.678132e-02	655.84	0.208253	0.786645	0.004172	0.000000	0.000000	0.000000	0.000402	0.000000	0.000000	0.000030	0.000498	0.000000	0.000000	132.131092	4.000000	0.000060
249	0.580390	2.859375e+04	380.64	1139.30	8.678128e-02	655.84	0.208253	0.786645	0.004172	0.000000	0.000000	0.000000	0.000402	0.000000	0.000000	0.000030	0.000498	0.000000	0.000000	132.131092	4.000000	0.000060
250	0.580550	2.858911e+04	380.78	1139.57	8.674928e-02	655.90	0.208215	0.786645	0.004169	0.000000	0.000000	0.000000	0.000425	0.000000	0.000000	0.000031	0.000515	0.000000	0.000000	132.131092	4.000000	0.000062
251	0.580550	2.858911e+04	380.78	1139.57	8.674929e-02	655.90	0.208215	0.786645	0.004169	0.000000	0.000000	0.000000	0.000425	0.000000	0.000000	0.000031	0.000515	0.000000	0.000000	132.131092	4.000000	0.000062
252	0.580720	2.858417e+04	380.93	1139.86	8.671522e-02	655.97	0.208176	0.786645	0.004165	0.000000	0.000000	0.000000	0.000450	0.000000	0.000000	0.000032	0.000533	0.000000	0.000000	132.131092	4.000000	0.000063
253	0.580901	2.857890e+04	381.09	1140.17	8.667887e-02	656.04	0.208134	0.786645	0.004161	0.000000	0.000000	0.000000	0.000477	0.000000	0.000000	0.000033	0.000551	0.000000	0.000000	132.131092	4.000000	0.000064
254	0.581096	2.857325e+04	381.26	1140.50	8.664007e-02	656.11	0.208089	0.786645	0.004156	0.000000	0.000000	0.000000	0.000505	0.000000	0.000000	0.000035	0.000570	0.000000	0.000000	132.131092	4.000000	0.000066
255	0.581304	2.856720e+04	381.45	1140.86	8.659845e-02	656.19	0.208042	0.786645	0.004152	0.000000	0.000000	0.000000	0.000536	0.000000	0.000000	0.000036	0.000589	0.000000	0.000000	132.131092	4.000000	0.000067
256	0.581527	2.856070e+04	381.64	1141.24	8.655375e-02	656.28	0.207992	0.786645	0.004147	0.000000	0.000000	0.000000	0.000570	0.000000	0.000000	0.000037	0.000609	0.000000	0.000000	132.131092	4.000000	0.000069
257	0.581768	2.855369e+04	381.86	1141.64	8.650570e-02	656.37	0.207939	0.786645	0.004141	0.000000	0.000000	0.000000	0.000606	0.000000	0.000000	0.000039	0.000630	0.000000	0.000000	132.131092	4.000000	0.000070
258	0.582029	2.854612e+04	382.09	1142.08	8.645380e-02	656.47	0.207882	0.786645	0.004136	0.000000	0.000000	0.000000	0.000645	0.000000	0.000000	0.000041	0.000651	0.000000	0.000000	132.131092	4.000000	0.000071
259	0.582310	2.853793e+04	382.33	1142.56	8.639762e-02	656.58	0.207822	0.786645	0.004130	0.000000	0.000000	0.000000	0.000688	0.000000	0.000000	0.000042	0.000673	0.000000	0.000000	132.131092	4.000000	0.000073
260	0.582311	2.853791e+04	382.33	1142.56	8.639768e-02	656.58	0.207822	0.786645	0.004130	0.000000	0.000000	0.000000	0.000688	0.000000	0.000000	0.000043	0.000673	0.000000	0.000000	132.131092	4.000000	0.000073
261	0.582311	2.853792e+04	382.33	1142.56	8.639763e-02	656.58	0.207822	0.786645	0.004130	0.000000	0.000000	0.000000	0.000688	0.000000	0.000000	0.000043	0.000673	0.000000	0.000000	132.131092	4.000000	0.000073
262	0.582617	2.852901e+04	382.60	1143.07	8.633679e-02	656.70	0.207757	0.786645	0.004123	0.000000	0.000000	0.000000	0.000735	0.000000	0.000000	0.000045	0.000696	0.000000	0.000000	132.131092	4.000000	0.000074
263	0.582616	2.852902e+04	382.60	1143.07	8.633665e-02	656.70	0.207757	0.786645	0.004123	0.000000	0.000000	0.000000	0.000735	0.000000	0.000000	0.000044	0.000696	0.000000	0.000000	132.131092	4.000000	0.000074
264	0.582617	2.852900e+04	382.60	1143.07	8.633675e-02	656.70	0.207757	0.786645	0.004123	0.000000	0.000000	0.000000	0.000735	0.000000	0.000000	0.000045	0.000696	0.000000	0.000000	132.131092	4.000000	0.000074
265	0.582617	2.852901e+04	382.60	1143.07	8.633679e-02	656.70	0.207757	0.786645	0.004123	0.000000	0.000000	0.000000	0.000735	0.000000	0.000000	0.000045	0.000696	0.000000	0.000000	132.131092	4.000000	0.000074
266	0.582617	2.852901e+04	382.60	1143.07	8.633679e-02	656.70	0.207757	0.786645	0.004123	0.000000	0.000000	0.000000	0.000735	0.000000	0.000000	0.000045	0.000696	0.000000	0.000000	132.131092	4.000000	0.000074
267	0.582617	2.852901e+04	382.60	1143.07	8.633679e-02	656.70	0.207757	0.786645	0.004123	0.000000	0.000000	0.000000	0.000735	0.000000	0.000000	0.000045	0.000696	0.000000	0.000000	132.131092	4.000000	0.000074
268	0.582617	2.852901e+04	382.60	1143.07	8.633679e-02	656.70	0.207757	0.786645	0.004123	0.000000	0.000000	0.000000	0.000735	0.000000	0.000000	0.000045	0.000696	0.000000	0.000000	132.131092	4.000000	0.000074
269	0.582617	2.852901e+04	382.60	1143.07	8.633679e-02	656.70	0.207757	0.786645	0.004123	0.000000	0.000000	0.000000	0.000735	0.000000	0.000000	0.000045	0.000696	0.000000	0.000000	132.131092	4.000000	0.000074
270	0.582617	2.852901e+04	382.60	1143.07	8.633679e-02	656.70	0.207757	0.786645	0.004123	0.000000	0.000000	0.000000	0.000735	0.000000	0.000000	0.000045	0.000696	0.000000	0.000000	132.131092	4.000000	0.000074
271	0.582617	2.852901e+04	382.60	1143.07	8.633679e-02	656.70	0.207757	0.786645	0.004123	0.000000	0.000000	0.000000	0.000735	0.000000	0.000000	0.000045	0.000696	0.000000	0.000000	132.131092	4.000000	0.000074
272	0.582617	2.852901e+04	382.60	1143.07	8.633679e-02	656.70	0.207757	0.786645	0.004123	0.000000	0.000000	0.000000	0.000735	0.000000	0.000000	0.000045	0.000696	0.000000	0.000000	132.131092	4.000000	0.000074
273	0.582617	2.852901e+04	382.60	1143.07	8.633679e-02	656.70	0.207757	0.786645	0.004123	0.000000	0.000000	0.000000	0.000735	0.000000	0.000000	0.000045	0.000696	0.000000	0.000000	132.131092	4.000000	0.000074
274	0.582617	2.852901e+04	382.60	1143.07	8.633679e-02	656.70	0.207757	0.786645	0.004123	0.000000	0.000000	0.000000	0.000735	0.000000	0.000000	0.000045	0.000696	0.000000	0.000000	132.131092	4.000000	0.000074
275	0.582617	2.852901e+04	382.60	1143.07	8.633679e-02	656.70	0.207757	0.786645	0.004123	0.000000	0.000000	0.000000	0.000735	0.000000	0.000000	0.000045	0.000696	0.000000	0.000000	132.131092	4.000000	0.000074
276	0.582617	2.852901e+04	382.60	1143.07	8.633679e-02	656.70	0.207757	0.786645	0.004123	0.000000	0.000000	0.000000	0.000735	0.000000	0.000000	0.000045	0.000696	0.000000	0.000000	132.131092	4.000000	0.000074
277	0.582617	2.852901e+04	382.60	1143.07	8.633679e-02	656.70	0.207757	0.786645	0.004123	0.000000	0.000000	0.000000	0.000735	0.000000	0.000000	0.000045	0.000696	0.000000	0.000000	132.131092	4.000000	0.000074
278	0.582617	2.852901e+04	382.60	1143.07	8.633679e-02	656.70	0.207757	0.786645	0.004123	0.000000	0.000000	0.000000	0.000735	0.000000	0.000000	0.000045	0.000696	0.000000	0.000000	132.131092	4.000000	0.000074
279	0.582617	2.852901e+04	382.60	1143.07	8.633679e-02	656.70	0.207757	0.786645	0.004123	0.000000	0.000000	0.000000	0.000735	0.000000	0.000000	0.000045	0.000696	0.000000	0.000000	132.131092	4.000000	0.000074
280	0.582617	2.852901e+04	382.60	1143.07	8.633679e-02	656.70	0.207757	0.786645	0.004123	0.000000	0.000000	0.000000	0.000735	0.000000	0.000000	0.000045	0.000696	0.000000	0.000000	132.131092	4.000000	0.000074
281	0.582617	2.852901e+04	382.60	1143.07	8.633679e-02	656.70	0.207757	0.786645	0.004123	0.000000	0.000000	0.000000	0.000735	0.000000	0.000000	0.000045	0.000696	0.000000	0.000000	132.131092	4.000000	0.000074
282	0.582617	2.852901e+04	382.60	1143.07	8.633679e-02	656.70	0.207757	0.786645	0.004123	0.000000	0.000000	0.000000	0.000735	0.000000	0.000000	0.000045	0.000696	0.000000	0.000000	132.131092	4.000000	0.000074
283	0.582617	2.852901e+04	382.60	1143.07	8.633679e-02	656.70	0.207757	0.786645	0.004123	0.000000	0.000000	0.000000	0.000735	0.000000	0.000000	0.000045	0.000696	0.000000	0.000000	132.131092	4.000000	0.000074
284	0.582617	2.852901e+04	382.60	1143.07	8.633679e-02	656.70	0.207757	0.786645	0.004123	0.000000	0.000000	0.000000	0.000735	0.000000	0.000000	0.000045	0.000696	0.000000	0.000000	132.131092	4.000000	0.000074
285	0.582617	2.852901e+04	382.60	1143.07	8.633679e-02	656.70	0.207757	0.786645	0.004123	0.000000	0.000000	0.000000	0.000735	0.000000	0.000000	0.000045	0.000696	0.000000	0.000000	132.131094	4.000000	0.000074
286	0.582617	2.852901e+04	382.60	1143.07	8.633673e-02	656.70	0.207757	0.786645	0.004123	0.000000	0.000000	0.000000	0.000735	0.000000	0.000000	0.000045	0.000696	0.000000	0.000000	132.131092	4.000000	0.000074
287	0.582518	2.853190e+04	382.52	1142.91	8.635651e-02	656.66	0.207778	0.786645	0.004125	0.000000	0.000000	0.000000	0.000719	0.000000	0.000000	0.000044	0.000688	0.000000	0.000000	132.131092	4.000000	0.000074
288	0.582518	2.853190e+04	382.52	1142.91	8.635648e-02	656.66	0.207778	0.786645	0.004125	0.000000	0.000000	0.000000	0.000719	0.000000	0.000000	0.000044	0.000688	0.000000	0.000000	132.131092	4.000000	0.000074
289	0.582737	2.852552e+04	382.71	1143.28	8.631287e-02	656.74	0.207732	0.786645	0.004121	0.000000	0.000000	0.000000	0.000753	0.000000	0.000000	0.000045	0.000704	0.000000	0.000000	132.131092	4.000000	0.000075
290	0.582737	2.852552e+04	382.71	1143.28	8.631289e-02	656.74	0.207732	0.786645	0.004121	0.000000	0.000000	0.000000	0.000753	0.000000	0.000000	0.000045	0.000704	0.000000	0.000000	132.131092	4.000000	0.000075
291	0.582970	2.851874e+04	382.91	1143.67	8.626664e-02	656.83	0.207684	0.786645	0.004116	0.000000	0.000000	0.000000	0.000789	0.000000	0.000000	0.000047	0.000721	0.000000	0.000000	132.131092	4.000000	0.000076
292	0.583217	2.851154e+04	383.13	1144.08	8.621750e-02	656.93	0.207632	0.786645	0.004110	0.000000	0.000000	0.000000	0.000827	0.000000	0.000000	0.000048	0.000737	0.000000	0.000000	132.131092	4.000000	0.000076
293	0.583482	2.850385e+04	383.36	1144.52	8.616528e-02	657.03	0.207579	0.786645	0.004105	0.000000	0.000000	0.000000	0.000868	0.000000	0.000000	0.000050	0.000754	0.000000	0.000000	132.131092	4.000000	0.000077
294	0.583763	2.849567e+04	383.61	1144.99	8.610954e-02	657.14	0.207522	0.786645	0.004099	0.000000	0.000000	0.000000	0.000911	0.000000	0.000000	0.000052	0.000772	0.000000	0.000000	132.131092	4.000000	0.000078
295	0.584064	2.848691e+04	383.88	1145.49	8.605005e-02	657.25	0.207461	0.786645	0.004092	0.000000	0.000000	0.000000	0.000958	0.000000	0.000000	0.000054	0.000790	0.000000	0.000000	132.131092	4.000000	0.000079
296	0.584386	2.847752e+04	384.16	1146.02	8.598641e-02	657.38	0.207397	0.786645	0.004086	0.000000	0.000000	0.000000	0.001008	0.000000	0.000000	0.000056	0.000808	0.000000	0.000000	132.131092	4.000000	0.000080
297	0.584733	2.846744e+04	384.47	1146.60	8.591821e-02	657.51	0.207329	0.786645	0.004079	0.000000	0.000000	0.000000	0.001062	0.000000	0.000000	0.000058	0.000827	0.000000	0.000000	132.131092	4.000000	0.000081
298	0.585104	2.845661e+04	384.79	1147.21	8.584478e-02	657.65	0.207257	0.786645	0.004071	0.000000	0.000000	0.000000	0.001121	0.000000	0.000000	0.000060	0.000846	0.000000	0.000000	132.131092	4.000000	0.000082
299	0.585509	2.844486e+04	385.15	1147.88	8.576623e-02	657.80	0.207179	0.786645	0.004063	0.000000	0.000000	0.000000	0.001184	0.000000	0.000000	0.000063	0.000866	0.000000	0.000000	132.131092	4.000000	0.000083
300	0.585506	2.844491e+04	385.15	1147.88	8.576582e-02	657.80	0.207179	0.786645	0.004063	0.000000	0.000000	0.000000	0.001184	0.000000	0.000000	0.000063	0.000866	0.000000	0.000000	132.131092	4.000000	0.000083
301	0.585508	2.844488e+04	385.15	1147.88	8.576604e-02	657.80	0.207179	0.786645	0.004063	0.000000	0.000000	0.000000	0.001184	0.000000	0.000000	0.000063	0.000866	0.000000	0.000000	132.131092	4.000000	0.000083
302	0.585352	2.844942e+04	385.01	1147.62	8.579674e-02	657.75	0.207209	0.786645	0.004066	0.000000	0.000000	0.000000	0.001160	0.000000	0.000000	0.000062	0.000859	0.000000	0.000000	132.131092	4.000000	0.000083
303	0.585351	2.844944e+04	385.01	1147.62	8.579659e-02	657.75	0.207209	0.786645	0.004066	0.000000	0.000000	0.000000	0.001160	0.000000	0.000000	0.000062	0.000859	0.000000	0.000000	132.131092	4.000000	0.000083
304	0.585609	2.844193e+04	385.24	1148.04	8.574600e-02	657.84	0.207160	0.786645	0.004060	0.000000	0.000000	0.000000	0.001200	0.000000	0.000000	0.000063	0.000871	0.000000	0.000000	132.131092	4.000000	0.000083
305	0.585610	2.844191e+04	385.24	1148.04	8.574619e-02	657.84	0.207160	0.786645	0.004060	0.000000	0.000000	0.000000	0.001200	0.000000	0.000000	0.000063	0.000871	0.000000	0.000000	132.131092	4.000000	0.000083
306	0.585609	2.844193e+04	385.24	1148.04	8.574605e-02	657.84	0.207160	0.786645	0.004060	0.000000	0.000000	0.000000	0.001200	0.000000	0.000000	0.000063	0.000871	0.000000	0.000000	132.131092	4.000000	0.000083
307	0.585880	2.843404e+04	385.48	1148.49	8.569299e-02	657.95	0.207108	0.786645	0.004055	0.000000	0.000000	0.000000	0.001243	0.000000	0.000000	0.000065	0.000884	0.000000	0.000000	132.131092	4.000000	0.000084
308	0.586161	2.842582e+04	385.73	1148.96	8.563674e-02	658.06	0.207054	0.786645	0.004049	0.000000	0.000000	0.000000	0.001288	0.000000	0.000000	0.000067	0.000897	0.000000	0.000000	132.131092	4.000000	0.000085
309	0.586164	2.842576e+04	385.73	1148.96	8.563714e-02	658.06	0.207054	0.786645	0.004049	0.000000	0.000000	0.000000	0.001288	0.000000	0.000000	0.000067	0.000897	0.000000	0.000000	132.131092	4.000000	0.000085
310	0.586164	2.842578e+04	385.73	1148.96	8.563703e-02	658.06	0.207054	0.786645	0.004049	0.000000	0.000000	0.000000	0.001288	0.000000	0.000000	0.000067	0.000897	0.000000	0.000000	132.131092	4.000000	0.000085
311	0.586466	2.841701e+04	385.99	1149.45	8.557878e-02	658.17	0.206998	0.786645	0.004043	0.000000	0.000000	0.000000	0.001335	0.000000	0.000000	0.000069	0.000910	0.000000	0.000000	132.131092	4.000000	0.000085
312	0.586462	2.841708e+04	385.99	1149.45	8.557829e-02	658.17	0.206998	0.786645	0.004043	0.000000	0.000000	0.000000	0.001335	0.000000	0.000000	0.000069	0.000910	0.000000	0.000000	132.131092	4.000000	0.000085
313	0.586464	2.841705e+04	385.99	1149.45	8.557849e-02	658.17	0.206998	0.786645	0.004043	0.000000	0.000000	0.000000	0.001335	0.000000	0.000000	0.000069	0.000910	0.000000	0.000000	132.131092	4.000000	0.000085
314	0.586466	2.841701e+04	385.99	1149.45	8.557878e-02	658.17	0.206998	0.786645	0.004043	0.000000	0.000000	0.000000	0.001335	0.000000	0.000000	0.000069	0.000910	0.000000	0.000000	132.131092	4.000000	0.000085
315	0.586466	2.841701e+04	385.99	1149.45	8.557878e-02	658.17	0.206998	0.786645	0.004043	0.000000	0.000000	0.000000	0.001335	0.000000	0.000000	0.000069	0.000910	0.000000	0.000000	132.131092	4.000000	0.000085
316	0.586466	2.841701e+04	385.99	1149.45	8.557878e-02	658.17	0.206998	0.786645	0.004043	0.000000	0.000000	0.000000	0.001335	0.000000	0.000000	0.000069	0.000910	0.000000	0.000000	132.131092	4.000000	0.000085
317	0.586466	2.841701e+04	385.99	1149.45	8.557878e-02	658.17	0.206998	0.786645	0.004043	0.000000	0.000000	0.000000	0.001335	0.000000	0.000000	0.000069	0.000910	0.000000	0.000000	132.131092	4.000000	0.000085
318	0.586466	2.841701e+04	385.99	1149.45	8.557878e-02	658.17	0.206998	0.786645	0.004043	0.000000	0.000000	0.000000	0.001335	0.000000	0.000000	0.000069	0.000910	0.000000	0.000000	132.131092	4.000000	0.000085
319	0.586466	2.841701e+04	385.99	1149.45	8.557878e-02	658.17	0.206998	0.786645	0.004043	0.000000	0.000000	0.000000	0.001335	0.000000	0.000000	0.000069	0.000910	0.000000	0.000000	132.131092	4.000000	0.000085
320	0.586466	2.841701e+04	385.99	1149.45	8.557878e-02	658.17	0.206998	0.786645	0.004043	0.000000	0.000000	0.000000	0.001335	0.000000	0.000000	0.000069	0.000910	0.000000	0.000000	132.131092	4.000000	0.000085
321	0.586466	2.841701e+04	385.99	1149.45	8.557878e-02	658.17	0.206998	0.786645	0.004043	0.000000	0.000000	0.000000	0.001335	0.000000	0.000000	0.000069	0.000910	0.000000	0.000000	132.131092	4.000000	0.000085
322	0.586466	2.841701e+04	385.99	1149.45	8.557878e-02	658.17	0.206998	0.786645	0.004043	0.000000	0.000000	0.000000	0.001335	0.000000	0.000000	0.000069	0.000910	0.000000	0.000000	132.131092	4.000000	0.000085
323	0.586466	2.841701e+04	385.99	1149.45	8.557878e-02	658.17	0.206998	0.786645	0.004043	0.000000	0.000000	0.000000	0.001335	0.000000	0.000000	0.000069	0.000910	0.000000	0.000000	132.131092	4.000000	0.000085
324	0.586466	2.841701e+04	385.99	1149.45	8.557878e-02	658.17	0.206998	0.786645	0.004043	0.000000	0.000000	0.000000	0.001335	0.000000	0.000000	0.000069	0.000910	0.000000	0.000000	132.131092	4.000000	0.000085
325	0.586466	2.841701e+04	385.99	1149.45	8.557878e-02	658.17	0.206998	0.786645	0.004043	0.000000	0.000000	0.000000	0.001335	0.000000	0.000000	0.000069	0.000910	0.000000	0.000000	132.131092	4.000000	0.000085
326	0.586466	2.841701e+04	385.99	1149.45	8.557878e-02	658.17	0.206998	0.786645	0.004043	0.000000	0.000000	0.000000	0.001335	0.000000	0.000000	0.000069	0.000910	0.000000	0.000000	132.131092	4.000000	0.000085
327	0.586466	2.841701e+04	385.99	1149.45	8.557878e-02	658.17	0.206998	0.786645	0.004043	0.000000	0.000000	0.000000	0.001335	0.000000	0.000000	0.000069	0.000910	0.000000	0.000000	132.131092	4.000000	0.000085
328	0.586466	2.841701e+04	385.99	1149.45	8.557878e-02	658.17	0.206998	0.786645	0.004043	0.000000	0.000000	0.000000	0.001335	0.000000	0.000000	0.000069	0.000910	0.000000	0.000000	132.131092	4.000000	0.000085
329	0.586466	2.841701e+04	385.99	1149.45	8.557878e-02	658.17	0.206998	0.786645	0.004043	0.000000	0.000000	0.000000	0.001335	0.000000	0.000000	0.000069	0.000910	0.000000	0.000000	132.131092	4.000000	0.000085
330	0.586466	2.841701e+04	385.99	1149.45	8.557878e-02	658.17	0.206998	0.786645	0.004043	0.000000	0.000000	0.000000	0.001335	0.000000	0.000000	0.000069	0.000910	0.000000	0.000000	132.131092	4.000000	0.000085
331	0.586466	2.841701e+04	385.99	1149.45	8.557878e-02	658.17	0.206998	0.786645	0.004043	0.000000	0.000000	0.000000	0.001335	0.000000	0.000000	0.000069	0.000910	0.000000	0.000000	132.131092	4.000000	0.000085
332	0.586466	2.841701e+04	385.99	1149.45	8.557878e-02	658.17	0.206998	0.786645	0.004043	0.000000	0.000000	0.000000	0.001335	0.000000	0.000000	0.000069	0.000910	0.000000	0.000000	132.131092	4.000000	0.000085
333	0.586466	2.841701e+04	385.99	1149.45	8.557878e-02	658.17	0.206998	0.786645	0.004043	0.000000	0.000000	0.000000	0.001335	0.000000	0.000000	0.000069	0.000910	0.000000	0.000000	132.131092	4.000000	0.000085
334	0.586466	2.841701e+04	385.99	1149.45	8.557878e-02	658.17	0.206998	0.786645	0.004043	0.000000	0.000000	0.000000	0.001335	0.000000	0.000000	0.000069	0.000910	0.000000	0.000000	132.131094	4.000000	0.000085
335	0.586463	2.841705e+04	385.99	1149.45	8.557843e-02	658.17	0.206998	0.786645	0.004043	0.000000	0.000000	0.000000	0.001335	0.000000	0.000000	0.000069	0.000910	0.000000	0.000000	132.131092	4.000000	0.000085
336	0.586353	2.842027e+04	385.89	1149.26	8.560030e-02	658.13	0.207019	0.786645	0.004045	0.000000	0.000000	0.000000	0.001318	0.000000	0.000000	0.000068	0.000905	0.000000	0.000000	132.131092	4.000000	0.000085
337	0.586352	2.842029e+04	385.89	1149.27	8.560018e-02	658.13	0.207019	0.786645	0.004045	0.000000	0.000000	0.000000	0.001318	0.000000	0.000000	0.000068	0.000905	0.000000	0.000000	132.131092	4.000000	0.000085
338	0.586547	2.841462e+04	386.07	1149.58	8.556204e-02	658.20	0.206982	0.786645	0.004041	0.000000	0.000000	0.000000	0.001349	0.000000	0.000000	0.000069	0.000914	0.000000	0.000000	132.131092	4.000000	0.000085
339	0.586547	2.841461e+04	386.07	1149.58	8.556211e-02	658.20	0.206982	0.786645	0.004041	0.000000	0.000000	0.000000	0.001349	0.000000	0.000000	0.000069	0.000914	0.000000	0.000000	132.131092	4.000000	0.000085
340	0.586749	2.840875e+04	386.24	1149.91	8.552271e-02	658.28	0.206945	0.786645	0.004037	0.000000	0.000000	0.000000	0.001381	0.000000	0.000000	0.000070	0.000922	0.000000	0.000000	132.131092	4.000000	0.000086
341	0.586957	2.840267e+04	386.43	1150.26	8.548204e-02	658.36	0.206906	0.786645	0.004033	0.000000	0.000000	0.000000	0.001414	0.000000	0.000000	0.000072	0.000931	0.000000	0.000000	132.131092	4.000000	0.000086
342	0.587174	2.839638e+04	386.62	1150.61	8.544001e-02	658.44	0.206866	0.786645	0.004029	0.000000	0.000000	0.000000	0.001448	0.000000	0.000000	0.000073	0.000940	0.000000	0.000000	132.131092	4.000000	0.000086
343	0.587397	2.838987e+04	386.82	1150.97	8.539644e-02	658.52	0.206825	0.786645	0.004024	0.000000	0.000000	0.000000	0.001483	0.000000	0.000000	0.000074	0.000948	0.000000	0.000000	132.131092	4.000000	0.000087
344	0.587813	2.837777e+04	387.18	1151.65	8.531558e-02	658.68	0.206748	0.786645	0.004016	0.000000	0.000000	0.000000	0.001550	0.000000	0.000000	0.000077	0.000964	0.000000	0.000000	132.131092	4.000000	0.000087
345	0.587813	2.837776e+04	387.18	1151.65	8.531560e-02	658.68	0.206748	0.786645	0.004016	0.000000	0.000000	0.000000	0.001550	0.000000	0.000000	0.000077	0.000964	0.000000	0.000000	132.131092	4.000000	0.000087
346	0.588257	2.836485e+04	387.57	1152.37	8.522947e-02	658.85	0.206668	0.786645	0.004007	0.000000	0.000000	0.000000	0.001620	0.000000	0.000000	0.000080	0.000981	0.000000	0.000000	132.131092	4.000000	0.000088
347	0.588257	2.836484e+04	387.57	1152.37	8.522950e-02	658.85	0.206668	0.786645	0.004007	0.000000	0.000000	0.000000	0.001620	0.000000	0.000000	0.000080	0.000981	0.000000	0.000000	132.131092	4.000000	0.000088
348	0.588732	2.835103e+04	387.99	1153.14	8.513758e-02	659.03	0.206582	0.786645	0.003997	0.000000	0.000000	0.000000	0.001696	0.000000	0.000000	0.000082	0.000997	0.000000	0.000000	132.131092	4.000000	0.000089
349	0.589241	2.833621e+04	388.44	1153.96	8.503936e-02	659.22	0.206491	0.786645	0.003987	0.000000	0.000000	0.000000	0.001777	0.000000	0.000000	0.000085	0.001014	0.000000	0.000000	132.131092	4.000000	0.000089
350	0.589787	2.832032e+04	388.92	1154.84	8.493393e-02	659.43	0.206394	0.786645	0.003976	0.000000	0.000000	0.000000	0.001865	0.000000	0.000000	0.000089	0.001031	0.000000	0.000000	132.131092	4.000000	0.000090
351	0.590378	2.830314e+04	389.44	1155.79	8.482125e-02	659.65	0.206291	0.786645	0.003965	0.000000	0.000000	0.000000	0.001959	0.000000	0.000000	0.000092	0.001048	0.000000	0.000000	132.131092	4.000000	0.000091
352	0.590376	2.830319e+04	389.44	1155.79	8.482083e-02	659.65	0.206291	0.786645	0.003965	0.000000	0.000000	0.000000	0.001959	0.000000	0.000000	0.000092	0.001048	0.000000	0.000000	132.131092	4.000000	0.000091
353	0.591013	2.828467e+04	390.00	1156.81	8.469927e-02	659.88	0.206180	0.786645	0.003952	0.000000	0.000000	0.000000	0.002061	0.000000	0.000000	0.000096	0.001066	0.000000	0.000000	132.131092	4.000000	0.000091
354	0.591015	2.828463e+04	390.00	1156.81	8.469951e-02	659.88	0.206180	0.786645	0.003952	0.000000	0.000000	0.000000	0.002061	0.000000	0.000000	0.000096	0.001066	0.000000	0.000000	132.131092	4.000000	0.000091
355	0.591700	2.826467e+04	390.61	1157.91	8.456763e-02	660.14	0.206061	0.786645	0.003939	0.000000	0.000000	0.000000	0.002171	0.000000	0.000000	0.000100	0.001084	0.000000	0.000000	132.131092	4.000000	0.000092
356	0.591701	2.826466e+04	390.61	1157.91	8.456771e-02	660.14	0.206061	0.786645	0.003939	0.000000	0.000000	0.000000	0.002171	0.000000	0.000000	0.000100	0.001084	0.000000	0.000000	132.131092	4.000000	0.000092
357	0.592449	2.824290e+04	391.26	1159.10	8.442553e-02	660.42	0.205933	0.786645	0.003924	0.000000	0.000000	0.000000	0.002291	0.000000	0.000000	0.000104	0.001103	0.000000	0.000000	132.131092	4.000000	0.000093
358	0.592448	2.824291e+04	391.26	1159.10	8.442534e-02	660.42	0.205933	0.786645	0.003924	0.000000	0.000000	0.000000	0.002291	0.000000	0.000000	0.000104	0.001103	0.000000	0.000000	132.131092	4.000000	0.000093
359	0.592449	2.824289e+04	391.26	1159.10	8.442551e-02	660.42	0.205933	0.786645	0.003924	0.000000	0.000000	0.000000	0.002291	0.000000	0.000000	0.000104	0.001103	0.000000	0.000000	132.131092	4.000000	0.000093
360	0.593263	2.821921e+04	391.98	1160.39	8.427089e-02	660.72	0.205794	0.786645	0.003909	0.000000	0.000000	0.000000	0.002422	0.000000	0.000000	0.000109	0.001121	0.000000	0.000000	132.131092	4.000000	0.000093
361	0.593264	2.821919e+04	391.98	1160.39	8.427094e-02	660.72	0.205794	0.786645	0.003909	0.000000	0.000000	0.000000	0.002422	0.000000	0.000000	0.000109	0.001121	0.000000	0.000000	132.131092	4.000000	0.000093
362	0.593263	2.821921e+04	391.98	1160.39	8.427079e-02	660.72	0.205794	0.786645	0.003909	0.000000	0.000000	0.000000	0.002422	0.000000	0.000000	0.000109	0.001121	0.000000	0.000000	132.131092	4.000000	0.000093
363	0.594156	2.819326e+04	392.77	1161.80	8.410264e-02	661.05	0.205645	0.786645	0.003891	0.000000	0.000000	0.000000	0.002565	0.000000	0.000000	0.000114	0.001140	0.000000	0.000000	132.131092	4.000000	0.000094
364	0.594154	2.819330e+04	392.77	1161.80	8.410226e-02	661.05	0.205645	0.786645	0.003891	0.000000	0.000000	0.000000	0.002565	0.000000	0.000000	0.000114	0.001140	0.000000	0.000000	132.131092	4.000000	0.000094
365	0.594156	2.819326e+04	392.77	1161.80	8.410250e-02	661.05	0.205645	0.786645	0.003891	0.000000	0.000000	0.000000	0.002565	0.000000	0.000000	0.000114	0.001140	0.000000	0.000000	132.131092	4.000000	0.000094
366	0.595134	2.816482e+04	393.63	1163.34	8.391812e-02	661.41	0.205482	0.786645	0.003873	0.000000	0.000000	0.000000	0.002722	0.000000	0.000000	0.000120	0.001159	0.000000	0.000000	132.131092	4.000000	0.000095
367	0.595137	2.816475e+04	393.63	1163.34	8.391848e-02	661.41	0.205482	0.786645	0.003873	0.000000	0.000000	0.000000	0.002722	0.000000	0.000000	0.000120	0.001159	0.000000	0.000000	132.131092	4.000000	0.000095
368	0.595134	2.816481e+04	393.63	1163.34	8.391808e-02	661.41	0.205482	0.786645	0.003873	0.000000	0.000000	0.000000	0.002722	0.000000	0.000000	0.000120	0.001159	0.000000	0.000000	132.131092	4.000000	0.000095
369	0.595134	2.816482e+04	393.63	1163.34	8.391812e-02	661.41	0.205482	0.786645	0.003873	0.000000	0.000000	0.000000	0.002722	0.000000	0.000000	0.000120	0.001159	0.000000	0.000000	132.131092	4.000000	0.000095
370	0.595134	2.816482e+04	393.63	1163.34	8.391812e-02	661.41	0.205482	0.786645	0.003873	0.000000	0.000000	0.000000	0.002722	0.000000	0.000000	0.000120	0.001159	0.000000	0.000000	132.131092	4.000000	0.000095
371	0.595134	2.816482e+04	393.63	1163.34	8.391812e-02	661.41	0.205482	0.786645	0.003873	0.000000	0.000000	0.000000	0.002722	0.000000	0.000000	0.000120	0.001159	0.000000	0.000000	132.131092	4.000000	0.000095
372	0.595134	2.816482e+04	393.63	1163.34	8.391812e-02	661.41	0.205482	0.786645	0.003873	0.000000	0.000000	0.000000	0.002722	0.000000	0.000000	0.000120	0.001159	0.000000	0.000000	132.131092	4.000000	0.000095
373	0.595134	2.816482e+04	393.63	1163.34	8.391812e-02	661.41	0.205482	0.786645	0.003873	0.000000	0.000000	0.000000	0.002722	0.000000	0.000000	0.000120	0.001159	0.000000	0.000000	132.131092	4.000000	0.000095
374	0.595134	2.816482e+04	393.63	1163.34	8.391812e-02	661.41	0.205482	0.786645	0.003873	0.000000	0.000000	0.000000	0.002722	0.000000	0.000000	0.000120	0.001159	0.000000	0.000000	132.131092	4.000000	0.000095
375	0.595134	2.816482e+04	393.63	1163.34	8.391812e-02	661.41	0.205482	0.786645	0.003873	0.000000	0.000000	0.000000	0.002722	0.000000	0.000000	0.000120	0.001159	0.000000	0.000000	132.131092	4.000000	0.000095
376	0.595134	2.816482e+04	393.63	1163.34	8.391812e-02	661.41	0.205482	0.786645	0.003873	0.000000	0.000000	0.000000	0.002722	0.000000	0.000000	0.000120	0.001159	0.000000	0.000000	132.131092	4.000000	0.000095
377	0.595134	2.816482e+04	393.63	1163.34	8.391812e-02	661.41	0.205482	0.786645	0.003873	0.000000	0.000000	0.000000	0.002722	0.000000	0.000000	0.000120	0.001159	0.000000	0.000000	132.131092	4.000000	0.000095
378	0.595134	2.816482e+04	393.63	1163.34	8.391812e-02	661.41	0.205482	0.786645	0.003873	0.000000	0.000000	0.000000	0.002722	0.000000	0.000000	0.000120	0.001159	0.000000	0.000000	132.131092	4.000000	0.000095
379	0.595134	2.816482e+04	393.63	1163.34	8.391812e-02	661.41	0.205482	0.786645	0.003873	0.000000	0.000000	0.000000	0.002722	0.000000	0.000000	0.000120	0.001159	0.000000	0.000000	132.131092	4.000000	0.000095
380	0.595134	2.816482e+04	393.63	1163.34	8.391812e-02	661.41	0.205482	0.786645	0.003873	0.000000	0.000000	0.000000	0.002722	0.000000	0.000000	0.000120	0.001159	0.000000	0.000000	132.131092	4.000000	0.000095
381	0.595134	2.816482e+04	393.63	1163.34	8.391812e-02	661.41	0.205482	0.786645	0.003873	0.000000	0.000000	0.000000	0.002722	0.000000	0.000000	0.000120	0.001159	0.000000	0.000000	132.131092	4.000000	0.000095
382	0.595134	2.816482e+04	393.63	1163.34	8.391812e-02	661.41	0.205482	0.786645	0.003873	0.000000	0.000000	0.000000	0.002722	0.000000	0.000000	0.000120	0.001159	0.000000	0.000000	132.131092	4.000000	0.000095
383	0.595134	2.816482e+04	393.63	1163.34	8.391812e-02	661.41	0.205482	0.786645	0.003873	0.000000	0.000000	0.000000	0.002722	0.000000	0.000000	0.000120	0.001159	0.000000	0.000000	132.131092	4.000000	0.000095
384	0.595134	2.816482e+04	393.63	1163.34	8.391812e-02	661.41	0.205482	0.786645	0.003873	0.000000	0.000000	0.000000	0.002722	0.000000	0.000000	0.000120	0.001159	0.000000	0.000000	132.131092	4.000000	0.000095
385	0.595134	2.816482e+04	393.63	1163.34	8.391812e-02	661.41	0.205482	0.786645	0.003873	0.000000	0.000000	0.000000	0.002722	0.000000	0.000000	0.000120	0.001159	0.000000	0.000000	132.131092	4.000000	0.000095
386	0.595134	2.816482e+04	393.63	1163.34	8.391812e-02	661.41	0.205482	0.786645	0.003873	0.000000	0.000000	0.000000	0.002722	0.000000	0.000000	0.000120	0.001159	0.000000	0.000000	132.131092	4.000000	0.000095
387	0.595134	2.816482e+04	393.63	1163.34	8.391812e-02	661.41	0.205482	0.786645	0.003873	0.000000	0.000000	0.000000	0.002722	0.000000	0.000000	0.000120	0.001159	0.000000	0.000000	132.131092	4.000000	0.000095
388	0.595134	2.816482e+04	393.63	1163.34	8.391812e-02	661.41	0.205482	0.786645	0.003873	0.000000	0.000000	0.000000	0.002722	0.000000	0.000000	0.000120	0.001159	0.000000	0.000000	132.131092	4.000000	0.000095
389	0.595134	2.816482e+04	393.63	1163.34	8.391812e-02	661.41	0.205482	0.786645	0.003873	0.000000	0.000000	0.000000	0.002722	0.000000	0.000000	0.000120	0.001159	0.000000	0.000000	132.131094	4.000000	0.000095
390	0.595135	2.816479e+04	393.63	1163.34	8.391823e-02	661.41	0.205482	0.786645	0.003873	0.000000	0.000000	0.000000	0.002722	0.000000	0.000000	0.000120	0.001159	0.000000	0.000000	132.131092	4.000000	0.000095
391	0.596217	2.813338e+04	394.58	1165.04	8.371602e-02	661.81	0.205304	0.786645	0.003852	0.000000	0.000000	0.000000	0.002895	0.000000	0.000000	0.000126	0.001177	0.000000	0.000000	132.131092	4.000000	0.000095
392	0.596216	2.813338e+04	394.58	1165.04	8.371584e-02	661.81	0.205304	0.786645	0.003852	0.000000	0.000000	0.000000	0.002895	0.000000	0.000000	0.000126	0.001177	0.000000	0.000000	132.131092	4.000000	0.000095
393	0.597416	2.809854e+04	395.63	1166.91	8.349281e-02	662.24	0.205108	0.786645	0.003829	0.000000	0.000000	0.000000	0.003088	0.000000	0.000000	0.000133	0.001196	0.000000	0.000000	132.131092	4.000000	0.000096
394	0.598755	2.805966e+04	396.81	1168.98	8.324546e-02	662.73	0.204893	0.786645	0.003804	0.000000	0.000000	0.000000	0.003302	0.000000	0.000000	0.000141	0.001214	0.000000	0.000000	132.131092	4.000000	0.000097
395	0.600249	2.801623e+04	398.13	1171.30	8.296844e-02	663.27	0.204655	0.786645	0.003776	0.000000	0.000000	0.000000	0.003542	0.000000	0.000000	0.000149	0.001232	0.000000	0.000000	132.131092	4.000000	0.000097
396	0.599774	2.803002e+04	397.71	1170.56	8.305625e-02	663.10	0.204730	0.786645	0.003785	0.000000	0.000000	0.000000	0.003466	0.000000	0.000000	0.000146	0.001227	0.000000	0.000000	132.131092	4.000000	0.000097
397	0.599777	2.802997e+04	397.71	1170.56	8.305645e-02	663.10	0.204730	0.786645	0.003785	0.000000	0.000000	0.000000	0.003466	0.000000	0.000000	0.000146	0.001227	0.000000	0.000000	132.131092	4.000000	0.000097
398	0.600894	2.799759e+04	398.69	1172.27	8.285298e-02	663.50	0.204554	0.786645	0.003765	0.000000	0.000000	0.000000	0.003644	0.000000	0.000000	0.000153	0.001239	0.000000	0.000000	132.131092	4.000000	0.000098
399	0.602107	2.796239e+04	399.76	1174.13	8.263136e-02	663.93	0.204365	0.786645	0.003742	0.000000	0.000000	0.000000	0.003838	0.000000	0.000000	0.000160	0.001250	0.000000	0.000000	132.131092	4.000000	0.000098
400	0.602106	2.796240e+04	399.76	1174.13	8.263119e-02	663.93	0.204364	0.786645	0.003742	0.000000	0.000000	0.000000	0.003838	0.000000	0.000000	0.000160	0.001250	0.000000	0.000000	132.131092	4.000000	0.000098
401	0.602107	2.796239e+04	399.76	1174.13	8.263129e-02	663.93	0.204364	0.786645	0.003742	0.000000	0.000000	0.000000	0.003838	0.000000	0.000000	0.000160	0.001250	0.000000	0.000000	132.131092	4.000000	0.000098
402	0.603440	2.792375e+04	400.93	1176.15	8.239049e-02	664.40	0.204159	0.786645	0.003718	0.000000	0.000000	0.000000	0.004050	0.000000	0.000000	0.000167	0.001261	0.000000	0.000000	132.131092	4.000000	0.000099
403	0.603439	2.792376e+04	400.93	1176.15	8.239029e-02	664.40	0.204159	0.786645	0.003718	0.000000	0.000000	0.000000	0.004051	0.000000	0.000000	0.000167	0.001261	0.000000	0.000000	132.131092	4.000000	0.000099
404	0.603441	2.792373e+04	400.93	1176.15	8.239048e-02	664.40	0.204159	0.786645	0.003718	0.000000	0.000000	0.000000	0.004051	0.000000	0.000000	0.000167	0.001261	0.000000	0.000000	132.131092	4.000000	0.000099
405	0.604903	2.788133e+04	402.21	1178.36	8.212658e-02	664.92	0.203934	0.786645	0.003691	0.000001	0.000000	0.000000	0.004284	0.000000	0.000000	0.000175	0.001271	0.000000	0.000000	132.131092	4.000000	0.000099
406	0.604906	2.788126e+04	402.21	1178.36	8.212676e-02	664.92	0.203934	0.786645	0.003691	0.000001	0.000000	0.000000	0.004284	0.000000	0.000000	0.000175	0.001271	0.000000	0.000000	132.131092	4.000000	0.000099
407	0.604904	2.788129e+04	402.21	1178.36	8.212661e-02	664.92	0.203934	0.786645	0.003691	0.000001	0.000000	0.000000	0.004284	0.000000	0.000000	0.000175	0.001271	0.000000	0.000000	132.131092	4.000000	0.000099
408	0.604903	2.788133e+04	402.21	1178.36	8.212658e-02	664.92	0.203934	0.786645	0.003691	0.000001	0.000000	0.000000	0.004284	0.000000	0.000000	0.000175	0.001271	0.000000	0.000000	132.131092	4.000000	0.000099
409	0.604903	2.788133e+04	402.21	1178.36	8.212658e-02	664.92	0.203934	0.786645	0.003691	0.000001	0.000000	0.000000	0.004284	0.000000	0.000000	0.000175	0.001271	0.000000	0.000000	132.131092	4.000000	0.000099
410	0.604903	2.788133e+04	402.21	1178.36	8.212658e-02	664.92	0.203934	0.786645	0.003691	0.000001	0.000000	0.000000	0.004284	0.000000	0.000000	0.000175	0.001271	0.000000	0.000000	132.131092	4.000000	0.000099
411	0.604903	2.788133e+04	402.21	1178.36	8.212658e-02	664.92	0.203934	0.786645	0.003691	0.000001	0.000000	0.000000	0.004284	0.000000	0.000000	0.000175	0.001271	0.000000	0.000000	132.131092	4.000000	0.000099
412	0.604903	2.788133e+04	402.21	1178.36	8.212658e-02	664.92	0.203934	0.786645	0.003691	0.000001	0.000000	0.000000	0.004284	0.000000	0.000000	0.000175	0.001271	0.000000	0.000000	132.131092	4.000000	0.000099
413	0.604903	2.788133e+04	402.21	1178.36	8.212658e-02	664.92	0.203934	0.786645	0.003691	0.000001	0.000000	0.000000	0.004284	0.000000	0.000000	0.000175	0.001271	0.000000	0.000000	132.131092	4.000000	0.000099
414	0.604903	2.788133e+04	402.21	1178.36	8.212658e-02	664.92	0.203934	0.786645	0.003691	0.000001	0.000000	0.000000	0.004284	0.000000	0.000000	0.000175	0.001271	0.000000	0.000000	132.131092	4.000000	0.000099
415	0.604903	2.788133e+04	402.21	1178.36	8.212658e-02	664.92	0.203934	0.786645	0.003691	0.000001	0.000000	0.000000	0.004284	0.000000	0.000000	0.000175	0.001271	0.000000	0.000000	132.131092	4.000000	0.000099
416	0.604903	2.788133e+04	402.21	1178.36	8.212658e-02	664.92	0.203934	0.786645	0.003691	0.000001	0.000000	0.000000	0.004284	0.000000	0.000000	0.000175	0.001271	0.000000	0.000000	132.131092	4.000000	0.000099
417	0.604903	2.788133e+04	402.21	1178.36	8.212658e-02	664.92	0.203934	0.786645	0.003691	0.000001	0.000000	0.000000	0.004284	0.000000	0.000000	0.000175	0.001271	0.000000	0.000000	132.131092	4.000000	0.000099
418	0.604903	2.788133e+04	402.21	1178.36	8.212658e-02	664.92	0.203934	0.786645	0.003691	0.000001	0.000000	0.000000	0.004284	0.000000	0.000000	0.000175	0.001271	0.000000	0.000000	132.131092	4.000000	0.000099
419	0.604903	2.788133e+04	402.21	1178.36	8.212658e-02	664.92	0.203934	0.786645	0.003691	0.000001	0.000000	0.000000	0.004284	0.000000	0.000000	0.000175	0.001271	0.000000	0.000000	132.131092	4.000000	0.000099
420	0.604903	2.788133e+04	402.21	1178.36	8.212658e-02	664.92	0.203934	0.786645	0.003691	0.000001	0.000000	0.000000	0.004284	0.000000	0.000000	0.000175	0.001271	0.000000	0.000000	132.131092	4.000000	0.000099
421	0.604903	2.788133e+04	402.21	1178.36	8.212658e-02	664.92	0.203934	0.786645	0.003691	0.000001	0.000000	0.000000	0.004284	0.000000	0.000000	0.000175	0.001271	0.000000	0.000000	132.131092	4.000000	0.000099
422	0.604903	2.788133e+04	402.21	1178.36	8.212658e-02	664.92	0.203934	0.786645	0.003691	0.000001	0.000000	0.000000	0.004284	0.000000	0.000000	0.000175	0.001271	0.000000	0.000000	132.131092	4.000000	0.000099
423	0.604903	2.788133e+04	402.21	1178.36	8.212658e-02	664.92	0.203934	0.786645	0.003691	0.000001	0.000000	0.000000	0.004284	0.000000	0.000000	0.000175	0.001271	0.000000	0.000000	132.131092	4.000000	0.000099
424	0.604903	2.788133e+04	402.21	1178.36	8.212658e-02	664.92	0.203934	0.786645	0.003691	0.000001	0.000000	0.000000	0.004284	0.000000	0.000000	0.000175	0.001271	0.000000	0.000000	132.131092	4.000000	0.000099
425	0.604903	2.788133e+04	402.21	1178.36	8.212658e-02	664.92	0.203934	0.786645	0.003691	0.000001	0.000000	0.000000	0.004284	0.000000	0.000000	0.000175	0.001271	0.000000	0.000000	132.131092	4.000000	0.000099
426	0.604903	2.788133e+04	402.21	1178.36	8.212658e-02	664.92	0.203934	0.786645	0.003691	0.000001	0.000000	0.000000	0.004284	0.000000	0.000000	0.000175	0.001271	0.000000	0.000000	132.131092	4.000000	0.000099
427	0.604903	2.788133e+04	402.21	1178.36	8.212658e-02	664.92	0.203934	0.786645	0.003691	0.000001	0.000000	0.000000	0.004284	0.000000	0.000000	0.000175	0.001271	0.000000	0.000000	132.131092	4.000000	0.000099
428	0.604903	2.788133e+04	402.21	1178.36	8.212658e-02	664.92	0.203934	0.786645	0.003691	0.000001	0.000000	0.000000	0.004284	0.000000	0.000000	0.000175	0.001271	0.000000	0.000000	132.131094	4.000000	0.000099
429	0.604906	2.788126e+04	402.21	1178.36	8.212678e-02	664.92	0.203934	0.786645	0.003691	0.000001	0.000000	0.000000	0.004284	0.000000	0.000000	0.000175	0.001271	0.000000	0.000000	132.131092	4.000000	0.000099
430	0.606528	2.783429e+04	403.63	1180.79	8.183766e-02	665.48	0.203689	0.786645	0.003662	0.000001	0.000000	0.000000	0.004541	0.000000	0.000000	0.000184	0.001279	0.000000	0.000000	132.131092	4.000000	0.000099
431	0.606527	2.783431e+04	403.63	1180.79	8.183731e-02	665.48	0.203689	0.786645	0.003662	0.000001	0.000000	0.000000	0.004541	0.000000	0.000000	0.000184	0.001279	0.000000	0.000000	132.131092	4.000000	0.000099
432	0.608331	2.778210e+04	405.21	1183.47	8.151840e-02	666.11	0.203420	0.786645	0.003629	0.000001	0.000000	0.000000	0.004826	0.000000	0.000000	0.000194	0.001285	0.000000	0.000000	132.131092	4.000000	0.000100
433	0.610346	2.772380e+04	406.98	1186.45	8.116430e-02	666.80	0.203123	0.786645	0.003593	0.000001	0.000000	0.000000	0.005145	0.000000	0.000000	0.000204	0.001289	0.000000	0.000000	132.131092	4.000000	0.000100
434	0.612598	2.765856e+04	408.95	1189.77	8.076793e-02	667.57	0.202794	0.786645	0.003553	0.000001	0.000000	0.000000	0.005501	0.000000	0.000000	0.000216	0.001290	0.000000	0.000000	132.131092	4.000000	0.000101
435	0.612607	2.765837e+04	408.96	1189.77	8.076843e-02	667.57	0.202794	0.786645	0.003553	0.000001	0.000000	0.000000	0.005502	0.000000	0.000000	0.000216	0.001290	0.000000	0.000000	132.131092	4.000000	0.000101
436	0.612612	2.765826e+04	408.96	1189.77	8.076899e-02	667.57	0.202794	0.786645	0.003553	0.000001	0.000000	0.000000	0.005502	0.000000	0.000000	0.000216	0.001290	0.000000	0.000000	132.131092	4.000000	0.000101
437	0.611843	2.768043e+04	408.29	1188.66	8.090057e-02	667.32	0.202904	0.786645	0.003567	0.000001	0.000000	0.000000	0.005382	0.000000	0.000000	0.000212	0.001290	0.000000	0.000000	132.131092	4.000000	0.000101
438	0.611849	2.768031e+04	408.30	1188.66	8.090100e-02	667.31	0.202904	0.786645	0.003567	0.000001	0.000000	0.000000	0.005382	0.000000	0.000000	0.000212	0.001290	0.000000	0.000000	132.131092	4.000000	0.000101
439	0.613498	2.763278e+04	409.73	1191.04	8.061880e-02	667.87	0.202668	0.786645	0.003538	0.000001	0.000000	0.000000	0.005639	0.000000	0.000000	0.000221	0.001289	0.000000	0.000000	132.131092	4.000000	0.000101
440	0.613489	2.763294e+04	409.73	1191.04	8.061791e-02	667.87	0.202668	0.786645	0.003538	0.000001	0.000000	0.000000	0.005639	0.000000	0.000000	0.000220	0.001289	0.000000	0.000000	132.131092	4.000000	0.000101
441	0.613489	2.763294e+04	409.73	1191.04	8.061791e-02	667.87	0.202668	0.786645	0.003538	0.000001	0.000000	0.000000	0.005639	0.000000	0.000000	0.000220	0.001289	0.000000	0.000000	132.131092	4.000000	0.000101
442	0.615277	2.758134e+04	411.29	1193.62	8.031144e-02	668.47	0.202414	0.786645	0.003507	0.000001	0.000000	0.000000	0.005918	0.000000	0.000000	0.000229	0.001285	0.000000	0.000000	132.131092	4.000000	0.000101
443	0.617220	2.752515e+04	412.99	1196.43	7.997759e-02	669.12	0.202140	0.786645	0.003473	0.000001	0.000000	0.000000	0.006223	0.000000	0.000000	0.000239	0.001279	0.000000	0.000000	132.131092	4.000000	0.000102
444	0.617226	2.752504e+04	413.00	1196.42	7.997810e-02	669.12	0.202140	0.786645	0.003473	0.000001	0.000000	0.000000	0.006223	0.000000	0.000000	0.000239	0.001279	0.000000	0.000000	132.131092	4.000000	0.000102
445	0.617235	2.752486e+04	413.00	1196.42	7.997894e-02	669.12	0.202140	0.786645	0.003473	0.000001	0.000000	0.000000	0.006223	0.000000	0.000000	0.000239	0.001279	0.000000	0.000000	132.131092	4.000000	0.000102
446	0.617220	2.752515e+04	412.99	1196.43	7.997759e-02	669.12	0.202140	0.786645	0.003473	0.000001	0.000000	0.000000	0.006223	0.000000	0.000000	0.000239	0.001279	0.000000	0.000000	132.131092	4.000000	0.000102
447	0.617220	2.752515e+04	412.99	1196.43	7.997760e-02	669.12	0.202140	0.786645	0.003473	0.000001	0.000000	0.000000	0.006223	0.000000	0.000000	0.000239	0.001279	0.000000	0.000000	132.131092	4.000000	0.000102
448	0.617220	2.752515e+04	412.99	1196.43	7.997759e-02	669.12	0.202140	0.786645	0.003473	0.000001	0.000000	0.000000	0.006223	0.000000	0.000000	0.000239	0.001279	0.000000	0.000000	132.131092	4.000000	0.000102
449	0.617220	2.752515e+04	412.99	1196.43	7.997759e-02	669.12	0.202140	0.786645	0.003473	0.000001	0.000000	0.000000	0.006223	0.000000	0.000000	0.000239	0.001279	0.000000	0.000000	132.131092	4.000000	0.000102
450	0.617220	2.752515e+04	412.99	1196.43	7.997759e-02	669.12	0.202140	0.786645	0.003473	0.000001	0.000000	0.000000	0.006223	0.000000	0.000000	0.000239	0.001279	0.000000	0.000000	132.131092	4.000000	0.000102
451	0.617220	2.752515e+04	412.99	1196.43	7.997759e-02	669.12	0.202140	0.786645	0.003473	0.000001	0.000000	0.000000	0.006223	0.000000	0.000000	0.000239	0.001279	0.000000	0.000000	132.131092	4.000000	0.000102
452	0.617220	2.752515e+04	412.99	1196.43	7.997759e-02	669.12	0.202140	0.786645	0.003473	0.000001	0.000000	0.000000	0.006223	0.000000	0.000000	0.000239	0.001279	0.000000	0.000000	132.131092	4.000000	0.000102
453	0.617220	2.752515e+04	412.99	1196.43	7.997759e-02	669.12	0.202140	0.786645	0.003473	0.000001	0.000000	0.000000	0.006223	0.000000	0.000000	0.000239	0.001279	0.000000	0.000000	132.131092	4.000000	0.000102
454	0.617220	2.752515e+04	412.99	1196.43	7.997759e-02	669.12	0.202140	0.786645	0.003473	0.000001	0.000000	0.000000	0.006223	0.000000	0.000000	0.000239	0.001279	0.000000	0.000000	132.131092	4.000000	0.000102
455	0.617220	2.752515e+04	412.99	1196.43	7.997759e-02	669.12	0.202140	0.786645	0.003473	0.000001	0.000000	0.000000	0.006223	0.000000	0.000000	0.000239	0.001279	0.000000	0.000000	132.131092	4.000000	0.000102
456	0.617220	2.752515e+04	412.99	1196.43	7.997759e-02	669.12	0.202140	0.786645	0.003473	0.000001	0.000000	0.000000	0.006223	0.000000	0.000000	0.000239	0.001279	0.000000	0.000000	132.131092	4.000000	0.000102
457	0.617220	2.752515e+04	412.99	1196.43	7.997759e-02	669.12	0.202140	0.786645	0.003473	0.000001	0.000000	0.000000	0.006223	0.000000	0.000000	0.000239	0.001279	0.000000	0.000000	132.131092	4.000000	0.000102
458	0.617220	2.752515e+04	412.99	1196.43	7.997759e-02	669.12	0.202140	0.786645	0.003473	0.000001	0.000000	0.000000	0.006223	0.000000	0.000000	0.000239	0.001279	0.000000	0.000000	132.131092	4.000000	0.000102
459	0.617220	2.752515e+04	412.99	1196.43	7.997759e-02	669.12	0.202140	0.786645	0.003473	0.000001	0.000000	0.000000	0.006223	0.000000	0.000000	0.000239	0.001279	0.000000	0.000000	132.131092	4.000000	0.000102
460	0.617220	2.752515e+04	412.99	1196.43	7.997759e-02	669.12	0.202140	0.786645	0.003473	0.000001	0.000000	0.000000	0.006223	0.000000	0.000000	0.000239	0.001279	0.000000	0.000000	132.131092	4.000000	0.000102
461	0.617220	2.752515e+04	412.99	1196.43	7.997759e-02	669.12	0.202140	0.786645	0.003473	0.000001	0.000000	0.000000	0.006223	0.000000	0.000000	0.000239	0.001279	0.000000	0.000000	132.131092	4.000000	0.000102
462	0.617220	2.752515e+04	412.99	1196.43	7.997759e-02	669.12	0.202140	0.786645	0.003473	0.000001	0.000000	0.000000	0.006223	0.000000	0.000000	0.000239	0.001279	0.000000	0.000000	132.131092	4.000000	0.000102
463	0.617220	2.752515e+04	412.99	1196.43	7.997759e-02	669.12	0.202140	0.786645	0.003473	0.000001	0.000000	0.000000	0.006223	0.000000	0.000000	0.000239	0.001279	0.000000	0.000000	132.131092	4.000000	0.000102
464	0.617220	2.752515e+04	412.99	1196.43	7.997759e-02	669.12	0.202140	0.786645	0.003473	0.000001	0.000000	0.000000	0.006223	0.000000	0.000000	0.000239	0.001279	0.000000	0.000000	132.131092	4.000000	0.000102
465	0.617220	2.752515e+04	412.99	1196.43	7.997759e-02	669.12	0.202140	0.786645	0.003473	0.000001	0.000000	0.000000	0.006223	0.000000	0.000000	0.000239	0.001279	0.000000	0.000000	132.131092	4.000000	0.000102
466	0.617220	2.752515e+04	412.99	1196.43	7.997759e-02	669.12	0.202140	0.786645	0.003473	0.000001	0.000000	0.000000	0.006223	0.000000	0.000000	0.000239	0.001279	0.000000	0.000000	132.131094	4.000000	0.000102
467	0.617231	2.752494e+04	413.00	1196.42	7.997858e-02	669.12	0.202140	0.786645	0.003473	0.000001	0.000000	0.000000	0.006223	0.000000	0.000000	0.000239	0.001279	0.000000	0.000000	132.131092	4.000000	0.000102
468	0.619388	2.746285e+04	414.88	1199.46	7.961745e-02	669.82	0.201843	0.786645	0.003436	0.000001	0.000000	0.000000	0.006556	0.000000	0.000000	0.000249	0.001269	0.000000	0.000000	132.131092	4.000000	0.000102
469	0.619382	2.746297e+04	414.88	1199.47	7.961680e-02	669.82	0.201843	0.786645	0.003436	0.000001	0.000000	0.000000	0.006556	0.000000	0.000000	0.000249	0.001269	0.000000	0.000000	132.131092	4.000000	0.000102
470	0.621753	2.739472e+04	416.94	1202.79	7.922217e-02	670.59	0.201521	0.786645	0.003396	0.000001	0.000000	0.000000	0.006922	0.000000	0.000000	0.000260	0.001255	0.000000	0.000000	132.131092	4.000000	0.000102
471	0.624355	2.731969e+04	419.21	1206.43	7.878885e-02	671.43	0.201171	0.786645	0.003352	0.000001	0.000000	0.000000	0.007324	0.000000	0.000000	0.000271	0.001235	0.000000	0.000000	132.131092	4.000000	0.000103
472	0.627288	2.723566e+04	421.76	1210.40	7.831743e-02	672.35	0.200791	0.786645	0.003304	0.000002	0.000000	0.000000	0.007767	0.000000	0.000000	0.000283	0.001208	0.000000	0.000000	132.131092	4.000000	0.000103
473	0.627272	2.723599e+04	421.75	1210.41	7.831634e-02	672.35	0.200791	0.786645	0.003304	0.000002	0.000000	0.000000	0.007767	0.000000	0.000000	0.000283	0.001208	0.000000	0.000000	132.131092	4.000000	0.000103
474	0.627284	2.723574e+04	421.75	1210.40	7.831725e-02	672.35	0.200791	0.786645	0.003304	0.000002	0.000000	0.000000	0.007767	0.000000	0.000000	0.000283	0.001208	0.000000	0.000000	132.131092	4.000000	0.000103
475	0.626076	2.727040e+04	420.71	1208.76	7.851231e-02	671.97	0.200947	0.786645	0.003324	0.000002	0.000000	0.000000	0.007584	0.000000	0.000000	0.000278	0.001220	0.000000	0.000000	132.131092	4.000000	0.000103
476	0.626073	2.727047e+04	420.70	1208.76	7.851209e-02	671.97	0.200948	0.786645	0.003324	0.000002	0.000000	0.000000	0.007584	0.000000	0.000000	0.000278	0.001220	0.000000	0.000000	132.131092	4.000000	0.000103
477	0.627895	2.721822e+04	422.29	1211.23	7.821904e-02	672.54	0.200712	0.786645	0.003294	0.000002	0.000000	0.000000	0.007860	0.000000	0.000000	0.000285	0.001202	0.000000	0.000000	132.131092	4.000000	0.000103
478	0.627891	2.721831e+04	422.28	1211.23	7.821873e-02	672.54	0.200712	0.786645	0.003294	0.000002	0.000000	0.000000	0.007860	0.000000	0.000000	0.000285	0.001202	0.000000	0.000000	132.131092	4.000000	0.000103
479	0.627890	2.721832e+04	422.28	1211.23	7.821869e-02	672.54	0.200712	0.786645	0.003294	0.000002	0.000000	0.000000	0.007860	0.000000	0.000000	0.000285	0.001202	0.000000	0.000000	132.131092	4.000000	0.000103
480	0.629830	2.716272e+04	423.97	1213.84	7.790881e-02	673.14	0.200465	0.786645	0.003263	0.000002	0.000000	0.000000	0.008153	0.000000	0.000000	0.000292	0.001181	0.000000	0.000000	132.131092	4.000000	0.000103
481	0.629838	2.716257e+04	423.97	1213.84	7.790942e-02	673.14	0.200465	0.786645	0.003263	0.000002	0.000000	0.000000	0.008152	0.000000	0.000000	0.000292	0.001181	0.000000	0.000000	132.131092	4.000000	0.000103
482	0.629833	2.716266e+04	423.97	1213.84	7.790906e-02	673.14	0.200465	0.786645	0.003263	0.000002	0.000000	0.000000	0.008153	0.000000	0.000000	0.000292	0.001181	0.000000	0.000000	132.131092	4.000000	0.000103
483	0.631882	2.710382e+04	425.75	1216.60	7.758014e-02	673.78	0.200205	0.786645	0.003229	0.000002	0.000000	0.000000	0.008463	0.000000	0.000000	0.000299	0.001156	0.000000	0.000000	132.131092	4.000000	0.000103
484	0.634053	2.704141e+04	427.64	1219.52	7.723190e-02	674.45	0.199933	0.786645	0.003194	0.000002	0.000000	0.000000	0.008793	0.000000	0.000000	0.000306	0.001128	0.000000	0.000000	132.131092	4.000000	0.000104
485	0.634085	2.704078e+04	427.66	1219.51	7.723428e-02	674.45	0.199933	0.786645	0.003194	0.000002	0.000000	0.000000	0.008793	0.000000	0.000000	0.000305	0.001128	0.000000	0.000000	132.131092	4.000000	0.000104
486	0.634092	2.704063e+04	427.66	1219.50	7.723478e-02	674.45	0.199933	0.786645	0.003194	0.000002	0.000000	0.000000	0.008793	0.000000	0.000000	0.000305	0.001128	0.000000	0.000000	132.131092	4.000000	0.000104
487	0.634053	2.704141e+04	427.64	1219.52	7.723190e-02	674.45	0.199933	0.786645	0.003194	0.000002	0.000000	0.000000	0.008793	0.000000	0.000000	0.000306	0.001128	0.000000	0.000000	132.131092	4.000000	0.000104
488	0.634053	2.704141e+04	427.64	1219.52	7.723190e-02	674.45	0.199933	0.786645	0.003194	0.000002	0.000000	0.000000	0.008793	0.000000	0.000000	0.000306	0.001128	0.000000	0.000000	132.131092	4.000000	0.000104
489	0.634053	2.704141e+04	427.64	1219.52	7.723190e-02	674.45	0.199933	0.786645	0.003194	0.000002	0.000000	0.000000	0.008793	0.000000	0.000000	0.000306	0.001128	0.000000	0.000000	132.131092	4.000000	0.000104
490	0.634053	2.704141e+04	427.64	1219.52	7.723190e-02	674.45	0.199933	0.786645	0.003194	0.000002	0.000000	0.000000	0.008793	0.000000	0.000000	0.000306	0.001128	0.000000	0.000000	132.131092	4.000000	0.000104
491	0.634053	2.704141e+04	427.64	1219.52	7.723190e-02	674.45	0.199933	0.786645	0.003194	0.000002	0.000000	0.000000	0.008793	0.000000	0.000000	0.000306	0.001128	0.000000	0.000000	132.131092	4.000000	0.000104
492	0.634053	2.704141e+04	427.64	1219.52	7.723190e-02	674.45	0.199933	0.786645	0.003194	0.000002	0.000000	0.000000	0.008793	0.000000	0.000000	0.000306	0.001128	0.000000	0.000000	132.131092	4.000000	0.000104
493	0.634053	2.704141e+04	427.64	1219.52	7.723190e-02	674.45	0.199933	0.786645	0.003194	0.000002	0.000000	0.000000	0.008793	0.000000	0.000000	0.000306	0.001128	0.000000	0.000000	132.131092	4.000000	0.000104
494	0.634053	2.704141e+04	427.64	1219.52	7.723190e-02	674.45	0.199933	0.786645	0.003194	0.000002	0.000000	0.000000	0.008793	0.000000	0.000000	0.000306	0.001128	0.000000	0.000000	132.131092	4.000000	0.000104
495	0.634053	2.704141e+04	427.64	1219.52	7.723190e-02	674.45	0.199933	0.786645	0.003194	0.000002	0.000000	0.000000	0.008793	0.000000	0.000000	0.000306	0.001128	0.000000	0.000000	132.131092	4.000000	0.000104
496	0.634053	2.704141e+04	427.64	1219.52	7.723190e-02	674.45	0.199933	0.786645	0.003194	0.000002	0.000000	0.000000	0.008793	0.000000	0.000000	0.000306	0.001128	0.000000	0.000000	132.131092	4.000000	0.000104
497	0.634053	2.704141e+04	427.64	1219.52	7.723190e-02	674.45	0.199933	0.786645	0.003194	0.000002	0.000000	0.000000	0.008793	0.000000	0.000000	0.000306	0.001128	0.000000	0.000000	132.131092	4.000000	0.000104
498	0.634053	2.704141e+04	427.64	1219.52	7.723190e-02	674.45	0.199933	0.786645	0.003194	0.000002	0.000000	0.000000	0.008793	0.000000	0.000000	0.000306	0.001128	0.000000	0.000000	132.131092	4.000000	0.000104
499	0.634053	2.704141e+04	427.64	1219.52	7.723190e-02	674.45	0.199933	0.786645	0.003194	0.000002	0.000000	0.000000	0.008793	0.000000	0.000000	0.000306	0.001128	0.000000	0.000000	132.131092	4.000000	0.000104
500	0.634053	2.704141e+04	427.64	1219.52	7.723190e-02	674.45	0.199933	0.786645	0.003194	0.000002	0.000000	0.000000	0.008793	0.000000	0.000000	0.000306	0.001128	0.000000	0.000000	132.131092	4.000000	0.000104
501	0.634053	2.704141e+04	427.64	1219.52	7.723190e-02	674.45	0.199933	0.786645	0.003194	0.000002	0.000000	0.000000	0.008793	0.000000	0.000000	0.000306	0.001128	0.000000	0.000000	132.131092	4.000000	0.000104
502	0.634053	2.704141e+04	427.64	1219.52	7.723190e-02	674.45	0.199933	0.786645	0.003194	0.000002	0.000000	0.000000	0.008793	0.000000	0.000000	0.000306	0.001128	0.000000	0.000000	132.131092	4.000000	0.000104
503	0.634053	2.704141e+04	427.64	1219.52	7.723190e-02	674.45	0.199933	0.786645	0.003194	0.000002	0.000000	0.000000	0.008793	0.000000	0.000000	0.000306	0.001128	0.000000	0.000000	132.131092	4.000000	0.000104
504	0.634053	2.704141e+04	427.64	1219.52	7.723190e-02	674.45	0.199933	0.786645	0.003194	0.000002	0.000000	0.000000	0.008793	0.000000	0.000000	0.000306	0.001128	0.000000	0.000000	132.131092	4.000000	0.000104
505	0.634053	2.704141e+04	427.64	1219.52	7.723190e-02	674.45	0.199933	0.786645	0.003194	0.000002	0.000000	0.000000	0.008793	0.000000	0.000000	0.000306	0.001128	0.000000	0.000000	132.131092	4.000000	0.000104
506	0.634053	2.704141e+04	427.64	1219.52	7.723190e-02	674.45	0.199933	0.786645	0.003194	0.000002	0.000000	0.000000	0.008793	0.000000	0.000000	0.000306	0.001128	0.000000	0.000000	132.131092	4.000000	0.000104
507	0.634053	2.704141e+04	427.64	1219.52	7.723190e-02	674.45	0.199933	0.786645	0.003194	0.000002	0.000000	0.000000	0.008793	0.000000	0.000000	0.000306	0.001128	0.000000	0.000000	132.131094	4.000000	0.000104
508	0.634074	2.704099e+04	427.65	1219.51	7.723352e-02	674.45	0.199933	0.786645	0.003194	0.000002	0.000000	0.000000	0.008793	0.000000	0.000000	0.000305	0.001128	0.000000	0.000000	132.131092	4.000000	0.000104
509	0.633252	2.706446e+04	426.94	1218.44	7.736075e-02	674.20	0.200033	0.786645	0.003207	0.000002	0.000000	0.000000	0.008671	0.000000	0.000000	0.000303	0.001139	0.000000	0.000000	132.131092	4.000000	0.000103
510	0.633262	2.706426e+04	426.95	1218.44	7.736150e-02	674.20	0.200033	0.786645	0.003207	0.000002	0.000000	0.000000	0.008671	0.000000	0.000000	0.000303	0.001139	0.000000	0.000000	132.131092	4.000000	0.000103
511	0.634720	2.702268e+04	428.20	1220.33	7.713663e-02	674.64	0.199856	0.786645	0.003184	0.000002	0.000000	0.000000	0.008886	0.000000	0.000000	0.000307	0.001119	0.000000	0.000000	132.131092	4.000000	0.000104
512	0.634704	2.702300e+04	428.20	1220.33	7.713551e-02	674.64	0.199856	0.786645	0.003184	0.000002	0.000000	0.000000	0.008886	0.000000	0.000000	0.000307	0.001119	0.000000	0.000000	132.131092	4.000000	0.000104
513	0.634266	2.703559e+04	427.81	1219.75	7.720569e-02	674.50	0.199911	0.786645	0.003191	0.000002	0.000000	0.000000	0.008820	0.000000	0.000000	0.000306	0.001125	0.000000	0.000000	132.131092	4.000000	0.000104
514	0.634259	2.703572e+04	427.81	1219.75	7.720523e-02	674.50	0.199911	0.786645	0.003191	0.000002	0.000000	0.000000	0.008820	0.000000	0.000000	0.000306	0.001125	0.000000	0.000000	132.131092	4.000000	0.000104
515	0.635284	2.700642e+04	428.70	1221.09	7.704515e-02	674.81	0.199786	0.786645	0.003175	0.000002	0.000000	0.000000	0.008973	0.000000	0.000000	0.000309	0.001111	0.000000	0.000000	132.131092	4.000000	0.000104
516	0.636340	2.697623e+04	429.61	1222.46	7.688152e-02	675.13	0.199658	0.786645	0.003159	0.000002	0.000000	0.000000	0.009129	0.000000	0.000000	0.000311	0.001095	0.000000	0.000000	132.131092	4.000000	0.000104
517	0.637423	2.694528e+04	430.55	1223.87	7.671402e-02	675.45	0.199528	0.786645	0.003142	0.000002	0.000000	0.000000	0.009290	0.000000	0.000000	0.000314	0.001079	0.000000	0.000000	132.131092	4.000000	0.000104
518	0.638542	2.691338e+04	431.51	1225.30	7.654307e-02	675.78	0.199396	0.786645	0.003124	0.000002	0.000000	0.000000	0.009455	0.000000	0.000000	0.000316	0.001062	0.000000	0.000000	132.131092	4.000000	0.000104
519	0.639684	2.688077e+04	432.50	1226.77	7.636806e-02	676.12	0.199261	0.786645	0.003107	0.000002	0.000000	0.000000	0.009623	0.000000	0.000000	0.000319	0.001043	0.000000	0.000000	132.131092	4.000000	0.000104
520	0.640856	2.684733e+04	433.51	1228.26	7.618935e-02	676.46	0.199124	0.786645	0.003088	0.000003	0.000000	0.000000	0.009796	0.000000	0.000000	0.000321	0.001024	0.000000	0.000000	132.131092	4.000000	0.000104
521	0.642067	2.681288e+04	434.56	1229.79	7.600749e-02	676.81	0.198985	0.786645	0.003070	0.000003	0.000000	0.000000	0.009972	0.000000	0.000000	0.000323	0.001003	0.000000	0.000000	132.131092	4.000000	0.000104
522	0.643291	2.677793e+04	435.61	1231.34	7.582136e-02	677.17	0.198844	0.786645	0.003051	0.000003	0.000000	0.000000	0.010152	0.000000	0.000000	0.000324	0.000981	0.000000	0.000000	132.131092	4.000000	0.000104
523	0.644561	2.674184e+04	436.71	1232.92	7.563271e-02	677.53	0.198701	0.786645	0.003032	0.000003	0.000000	0.000000	0.010335	0.000000	0.000000	0.000325	0.000958	0.000000	0.000000	132.131092	4.000000	0.000104
524	0.645858	2.670499e+04	437.82	1234.52	7.544086e-02	677.89	0.198556	0.786645	0.003013	0.000003	0.000000	0.000000	0.010522	0.000000	0.000000	0.000326	0.000934	0.000000	0.000000	132.131092	4.000000	0.000104
525	0.645852	2.670510e+04	437.82	1234.52	7.544059e-02	677.89	0.198556	0.786645	0.003013	0.000003	0.000000	0.000000	0.010522	0.000000	0.000000	0.000326	0.000934	0.000000	0.000000	132.131092	4.000000	0.000104
526	0.647163	2.666778e+04	438.95	1236.15	7.524511e-02	678.27	0.198410	0.786645	0.002993	0.000003	0.000000	0.000000	0.010713	0.000000	0.000000	0.000327	0.000909	0.000000	0.000000	132.131092	4.000000	0.000104
527	0.647170	2.666763e+04	438.95	1236.14	7.524548e-02	678.27	0.198410	0.786645	0.002993	0.000003	0.000000	0.000000	0.010713	0.000000	0.000000	0.000327	0.000909	0.000000	0.000000	132.131092	4.000000	0.000104
528	0.648523	2.662926e+04	440.12	1237.79	7.504815e-02	678.64	0.198263	0.786645	0.002973	0.000003	0.000000	0.000000	0.010906	0.000000	0.000000	0.000327	0.000882	0.000000	0.000000	132.131092	4.000000	0.000105
529	0.648515	2.662943e+04	440.11	1237.79	7.504776e-02	678.64	0.198263	0.786645	0.002973	0.000003	0.000000	0.000000	0.010906	0.000000	0.000000	0.000327	0.000882	0.000000	0.000000	132.131092	4.000000	0.000105
530	0.649881	2.659062e+04	441.29	1239.46	7.484753e-02	679.02	0.198115	0.786645	0.002953	0.000003	0.000000	0.000000	0.011102	0.000000	0.000000	0.000327	0.000855	0.000000	0.000000	132.131092	4.000000	0.000105
531	0.649892	2.659041e+04	441.29	1239.45	7.484804e-02	679.02	0.198115	0.786645	0.002953	0.000003	0.000000	0.000000	0.011102	0.000000	0.000000	0.000327	0.000855	0.000000	0.000000	132.131092	4.000000	0.000105
532	0.649885	2.659054e+04	441.29	1239.45	7.484773e-02	679.02	0.198115	0.786645	0.002953	0.000003	0.000000	0.000000	0.011102	0.000000	0.000000	0.000327	0.000855	0.000000	0.000000	132.131092	4.000000	0.000105
533	0.651273	2.655114e+04	442.48	1241.13	7.464549e-02	679.41	0.197966	0.786645	0.002933	0.000003	0.000000	0.000000	0.011300	0.000000	0.000000	0.000327	0.000826	0.000000	0.000000	132.131092	4.000000	0.000105
534	0.652641	2.651202e+04	443.66	1242.84	7.443977e-02	679.80	0.197817	0.786645	0.002912	0.000003	0.000000	0.000000	0.011500	0.000000	0.000000	0.000326	0.000797	0.000000	0.000000	132.131092	4.000000	0.000105
535	0.652673	2.651138e+04	443.68	1242.83	7.444125e-02	679.80	0.197817	0.786645	0.002912	0.000003	0.000000	0.000000	0.011500	0.000000	0.000000	0.000326	0.000797	0.000000	0.000000	132.131092	4.000000	0.000105
536	0.652219	2.652411e+04	443.30	1242.31	7.450344e-02	679.68	0.197863	0.786645	0.002919	0.000003	0.000000	0.000000	0.011438	0.000000	0.000000	0.000326	0.000806	0.000000	0.000000	132.131092	4.000000	0.000105
537	0.652234	2.652380e+04	443.31	1242.31	7.450416e-02	679.68	0.197863	0.786645	0.002919	0.000003	0.000000	0.000000	0.011438	0.000000	0.000000	0.000326	0.000806	0.000000	0.000000	132.131092	4.000000	0.000105
538	0.653237	2.649556e+04	444.16	1243.47	7.436376e-02	679.94	0.197760	0.786645	0.002904	0.000003	0.000000	0.000000	0.011577	0.000000	0.000000	0.000325	0.000785	0.000000	0.000000	132.131092	4.000000	0.000105
539	0.653215	2.649600e+04	444.15	1243.48	7.436276e-02	679.94	0.197760	0.786645	0.002904	0.000003	0.000000	0.000000	0.011577	0.000000	0.000000	0.000325	0.000785	0.000000	0.000000	132.131092	4.000000	0.000105
540	0.654193	2.646821e+04	444.99	1244.66	7.422040e-02	680.21	0.197657	0.786645	0.002890	0.000003	0.000000	0.000000	0.011717	0.000000	0.000000	0.000324	0.000764	0.000000	0.000000	132.131092	4.000000	0.000105
541	0.655167	2.644046e+04	445.83	1245.85	7.407726e-02	680.48	0.197554	0.786645	0.002876	0.000003	0.000000	0.000000	0.011857	0.000000	0.000000	0.000323	0.000742	0.000000	0.000000	132.131092	4.000000	0.000105
542	0.655202	2.643976e+04	445.85	1245.83	7.407883e-02	680.48	0.197554	0.786645	0.002876	0.000003	0.000000	0.000000	0.011857	0.000000	0.000000	0.000323	0.000742	0.000000	0.000000	132.131092	4.000000	0.000105
543	0.655192	2.643996e+04	445.85	1245.84	7.407837e-02	680.48	0.197554	0.786645	0.002876	0.000003	0.000000	0.000000	0.011857	0.000000	0.000000	0.000323	0.000742	0.000000	0.000000	132.131092	4.000000	0.000105
544	0.655167	2.644046e+04	445.83	1245.85	7.407726e-02	680.48	0.197554	0.786645	0.002876	0.000003	0.000000	0.000000	0.011857	0.000000	0.000000	0.000323	0.000742	0.000000	0.000000	132.131092	4.000000	0.000105
545	0.655167	2.644046e+04	445.83	1245.85	7.407726e-02	680.48	0.197554	0.786645	0.002876	0.000003	0.000000	0.000000	0.011857	0.000000	0.000000	0.000323	0.000742	0.000000	0.000000	132.131092	4.000000	0.000105
546	0.655167	2.644046e+04	445.83	1245.85	7.407726e-02	680.48	0.197554	0.786645	0.002876	0.000003	0.000000	0.000000	0.011857	0.000000	0.000000	0.000323	0.000742	0.000000	0.000000	132.131092	4.000000	0.000105
547	0.655167	2.644046e+04	445.83	1245.85	7.407726e-02	680.48	0.197554	0.786645	0.002876	0.000003	0.000000	0.000000	0.011857	0.000000	0.000000	0.000323	0.000742	0.000000	0.000000	132.131092	4.000000	0.000105
548	0.655167	2.644046e+04	445.83	1245.85	7.407726e-02	680.48	0.197554	0.786645	0.002876	0.000003	0.000000	0.000000	0.011857	0.000000	0.000000	0.000323	0.000742	0.000000	0.000000	132.131092	4.000000	0.000105
549	0.655167	2.644046e+04	445.83	1245.85	7.407726e-02	680.48	0.197554	0.786645	0.002876	0.000003	0.000000	0.000000	0.011857	0.000000	0.000000	0.000323	0.000742	0.000000	0.000000	132.131092	4.000000	0.000105
550	0.655167	2.644046e+04	445.83	1245.85	7.407726e-02	680.48	0.197554	0.786645	0.002876	0.000003	0.000000	0.000000	0.011857	0.000000	0.000000	0.000323	0.000742	0.000000	0.000000	132.131092	4.000000	0.000105
551	0.655167	2.644046e+04	445.83	1245.85	7.407726e-02	680.48	0.197554	0.786645	0.002876	0.000003	0.000000	0.000000	0.011857	0.000000	0.000000	0.000323	0.000742	0.000000	0.000000	132.131092	4.000000	0.000105
552	0.655167	2.644046e+04	445.83	1245.85	7.407726e-02	680.48	0.197554	0.786645	0.002876	0.000003	0.000000	0.000000	0.011857	0.000000	0.000000	0.000323	0.000742	0.000000	0.000000	132.131092	4.000000	0.000105
553	0.655167	2.644046e+04	445.83	1245.85	7.407726e-02	680.48	0.197554	0.786645	0.002876	0.000003	0.000000	0.000000	0.011857	0.000000	0.000000	0.000323	0.000742	0.000000	0.000000	132.131092	4.000000	0.000105
554	0.655167	2.644046e+04	445.83	1245.85	7.407726e-02	680.48	0.197554	0.786645	0.002876	0.000003	0.000000	0.000000	0.011857	0.000000	0.000000	0.000323	0.000742	0.000000	0.000000	132.131092	4.000000	0.000105
555	0.655167	2.644046e+04	445.83	1245.85	7.407726e-02	680.48	0.197554	0.786645	0.002876	0.000003	0.000000	0.000000	0.011857	0.000000	0.000000	0.000323	0.000742	0.000000	0.000000	132.131092	4.000000	0.000105
556	0.655167	2.644046e+04	445.83	1245.85	7.407726e-02	680.48	0.197554	0.786645	0.002876	0.000003	0.000000	0.000000	0.011857	0.000000	0.000000	0.000323	0.000742	0.000000	0.000000	132.131092	4.000000	0.000105
557	0.655167	2.644046e+04	445.83	1245.85	7.407726e-02	680.48	0.197554	0.786645	0.002876	0.000003	0.000000	0.000000	0.011857	0.000000	0.000000	0.000323	0.000742	0.000000	0.000000	132.131092	4.000000	0.000105
558	0.655167	2.644046e+04	445.83	1245.85	7.407726e-02	680.48	0.197554	0.786645	0.002876	0.000003	0.000000	0.000000	0.011857	0.000000	0.000000	0.000323	0.000742	0.000000	0.000000	132.131092	4.000000	0.000105
559	0.655167	2.644046e+04	445.83	1245.85	7.407726e-02	680.48	0.197554	0.786645	0.002876	0.000003	0.000000	0.000000	0.011857	0.000000	0.000000	0.000323	0.000742	0.000000	0.000000	132.131092	4.000000	0.000105
560	0.655167	2.644046e+04	445.83	1245.85	7.407726e-02	680.48	0.197554	0.786645	0.002876	0.000003	0.000000	0.000000	0.011857	0.000000	0.000000	0.000323	0.000742	0.000000	0.000000	132.131092	4.000000	0.000105
561	0.655167	2.644046e+04	445.83	1245.85	7.407726e-02	680.48	0.197554	0.786645	0.002876	0.000003	0.000000	0.000000	0.011857	0.000000	0.000000	0.000323	0.000742	0.000000	0.000000	132.131092	4.000000	0.000105
562	0.655167	2.644046e+04	445.83	1245.85	7.407726e-02	680.48	0.197554	0.786645	0.002876	0.000003	0.000000	0.000000	0.011857	0.000000	0.000000	0.000323	0.000742	0.000000	0.000000	132.131092	4.000000	0.000105
563	0.655167	2.644046e+04	445.83	1245.85	7.407726e-02	680.48	0.197554	0.786645	0.002876	0.000003	0.000000	0.000000	0.011857	0.000000	0.000000	0.000323	0.000742	0.000000	0.000000	132.131092	4.000000	0.000105
564	0.655167	2.644046e+04	445.83	1245.85	7.407726e-02	680.48	0.197554	0.786645	0.002876	0.000003	0.000000	0.000000	0.011857	0.000000	0.000000	0.000323	0.000742	0.000000	0.000000	132.131094	4.000000	0.000105
565	0.655187	2.644006e+04	445.84	1245.84	7.407815e-02	680.48	0.197554	0.786645	0.002876	0.000003	0.000000	0.000000	0.011857	0.000000	0.000000	0.000323	0.000742	0.000000	0.000000	132.131092	4.000000	0.000105
566	0.656202	2.641145e+04	446.71	1247.01	7.393651e-02	680.75	0.197451	0.786645	0.002862	0.000003	0.000000	0.000000	0.011998	0.000000	0.000000	0.000321	0.000720	0.000000	0.000000	132.131092	4.000000	0.000105
567	0.656186	2.641179e+04	446.70	1247.01	7.393578e-02	680.75	0.197451	0.786645	0.002862	0.000003	0.000000	0.000000	0.011998	0.000000	0.000000	0.000321	0.000720	0.000000	0.000000	132.131092	4.000000	0.000105
568	0.657194	2.638331e+04	447.56	1248.19	7.379364e-02	681.02	0.197349	0.786645	0.002847	0.000003	0.000000	0.000000	0.012138	0.000000	0.000000	0.000320	0.000698	0.000000	0.000000	132.131092	4.000000	0.000105
569	0.658206	2.635473e+04	448.43	1249.36	7.365171e-02	681.29	0.197247	0.786645	0.002833	0.000003	0.000000	0.000000	0.012279	0.000000	0.000000	0.000318	0.000675	0.000000	0.000000	132.131092	4.000000	0.000105
570	0.659205	2.632643e+04	449.28	1250.53	7.350984e-02	681.55	0.197146	0.786645	0.002819	0.000003	0.000000	0.000000	0.012419	0.000000	0.000000	0.000315	0.000653	0.000000	0.000000	132.131092	4.000000	0.000105
571	0.660228	2.629767e+04	450.15	1251.69	7.336928e-02	681.82	0.197046	0.786645	0.002805	0.000003	0.000000	0.000000	0.012558	0.000000	0.000000	0.000313	0.000630	0.000000	0.000000	132.131092	4.000000	0.000105
572	0.661235	2.626925e+04	451.01	1252.84	7.322908e-02	682.08	0.196946	0.786645	0.002791	0.000003	0.000000	0.000000	0.012697	0.000000	0.000000	0.000310	0.000607	0.000000	0.000000	132.131092	4.000000	0.000105
573	0.662235	2.624101e+04	451.87	1253.99	7.308975e-02	682.34	0.196848	0.786645	0.002777	0.000003	0.000000	0.000000	0.012836	0.000000	0.000000	0.000307	0.000584	0.000000	0.000000	132.131092	4.000000	0.000105
574	0.663249	2.621255e+04	452.73	1255.11	7.295213e-02	682.60	0.196751	0.786645	0.002763	0.000003	0.000000	0.000000	0.012973	0.000000	0.000000	0.000304	0.000561	0.000000	0.000000	132.131092	4.000000	0.000105
575	0.664230	2.618482e+04	453.57	1256.24	7.281512e-02	682.85	0.196655	0.786645	0.002749	0.000003	0.000000	0.000000	0.013108	0.000000	0.000000	0.000301	0.000539	0.000000	0.000000	132.131092	4.000000	0.000105
576	0.665228	2.615681e+04	454.42	1257.34	7.268037e-02	683.10	0.196560	0.786645	0.002736	0.000003	0.000000	0.000000	0.013242	0.000000	0.000000	0.000297	0.000516	-0.000000	0.000000	132.131092	4.000000	0.000105
577	0.666215	2.612910e+04	455.26	1258.43	7.254730e-02	683.35	0.196467	0.786645	0.002723	0.000003	0.000000	0.000000	0.013375	0.000000	0.000000	0.000293	0.000494	0.000000	0.000000	132.131092	4.000000	0.000106
578	0.667163	2.610229e+04	456.07	1259.51	7.241533e-02	683.60	0.196375	0.786645	0.002710	0.000003	0.000000	0.000000	0.013506	0.000000	0.000000	0.000289	0.000472	-0.000000	0.000000	132.131092	4.000000	0.000106
579	0.668145	2.607489e+04	456.90	1260.56	7.228665e-02	683.83	0.196285	0.786645	0.002697	0.000003	0.000000	0.000000	0.013634	0.000000	0.000000	0.000285	0.000451	0.000000	0.000000	132.131092	4.000000	0.000106
580	0.669106	2.604803e+04	457.71	1261.59	7.215997e-02	684.07	0.196197	0.786645	0.002684	0.000003	0.000000	0.000000	0.013761	0.000000	0.000000	0.000281	0.000430	-0.000000	0.000000	132.131092	4.000000	0.000106
581	0.669948	2.602370e+04	458.45	1262.64	7.203287e-02	684.30	0.196110	0.786645	0.002672	0.000003	0.000000	0.000000	0.013885	0.000000	0.000000	0.000276	0.000409	0.000000	0.000000	132.131092	4.000000	0.000106
582	0.670017	2.602230e+04	458.49	1262.62	7.203467e-02	684.30	0.196110	0.786645	0.002672	0.000003	0.000000	0.000000	0.013885	0.000000	0.000000	0.000276	0.000409	-0.000000	0.000000	132.131092	4.000000	0.000106
583	0.669625	2.603303e+04	458.17	1262.24	7.208159e-02	684.21	0.196143	0.786645	0.002676	0.000003	0.000000	0.000000	0.013837	0.000000	0.000000	0.000278	0.000417	0.000000	0.000000	132.131092	4.000000	0.000106
584	0.669650	2.603253e+04	458.18	1262.23	7.208224e-02	684.21	0.196143	0.786645	0.002676	0.000003	0.000000	0.000000	0.013837	0.000000	0.000000	0.000278	0.000417	-0.000000	0.000000	132.131092	4.000000	0.000106
585	0.670238	2.601617e+04	458.68	1262.84	7.200673e-02	684.35	0.196090	0.786645	0.002669	0.000003	0.000000	0.000000	0.013913	0.000000	0.000000	0.000275	0.000404	-0.000000	0.000000	132.131092	4.000000	0.000106
586	0.670208	2.601679e+04	458.66	1262.85	7.200594e-02	684.35	0.196090	0.786645	0.002669	0.000003	0.000000	0.000000	0.013913	0.000000	0.000000	0.000275	0.000404	0.000000	0.000000	132.131092	4.000000	0.000106
587	0.670776	2.600090e+04	459.14	1263.46	7.193098e-02	684.49	0.196038	0.786645	0.002661	0.000003	0.000000	0.000000	0.013988	0.000000	0.000000	0.000272	0.000392	0.000000	0.000000	132.131092	4.000000	0.000106
588	0.671355	2.598483e+04	459.63	1264.06	7.185743e-02	684.62	0.195987	0.786645	0.002654	0.000003	0.000000	0.000000	0.014062	0.000000	0.000000	0.000270	0.000380	0.000000	0.000000	132.131092	4.000000	0.000106
589	0.671869	2.597014e+04	460.07	1264.67	7.178335e-02	684.76	0.195936	0.786645	0.002647	0.000003	0.000000	0.000000	0.014134	0.000000	0.000000	0.000267	0.000368	0.000000	0.000000	132.131092	4.000000	0.000106
590	0.671895	2.596962e+04	460.09	1264.66	7.178400e-02	684.76	0.195936	0.786645	0.002647	0.000003	0.000000	0.000000	0.014134	0.000000	0.000000	0.000267	0.000368	-0.000000	0.000000	132.131092	4.000000	0.000106
591	0.672448	2.595419e+04	460.55	1265.24	7.171208e-02	684.89	0.195886	0.786645	0.002639	0.000003	0.000000	0.000000	0.014206	0.000000	0.000000	0.000264	0.000357	-0.000000	0.000000	132.131092	4.000000	0.000106
592	0.672981	2.593922e+04	461.01	1265.82	7.164084e-02	685.02	0.195837	0.786645	0.002632	0.000003	0.000000	0.000000	0.014277	0.000000	0.000000	0.000261	0.000345	0.000000	0.000000	132.131092	4.000000	0.000106
593	0.673501	2.592457e+04	461.45	1266.39	7.157047e-02	685.15	0.195788	0.786645	0.002625	0.000003	0.000000	0.000000	0.014347	0.000000	0.000000	0.000258	0.000334	-0.000000	0.000000	132.131092	4.000000	0.000106
594	0.674045	2.590949e+04	461.91	1266.95	7.150191e-02	685.28	0.195740	0.786645	0.002618	0.000003	0.000000	0.000000	0.014415	-0.000000	0.000000	0.000255	0.000323	0.000000	0.000000	132.131092	4.000000	0.000106
595	0.674557	2.589512e+04	462.34	1267.50	7.143380e-02	685.40	0.195693	0.786645	0.002612	0.000003	0.000000	0.000000	0.014483	0.000000	0.000000	0.000252	0.000312	-0.000000	0.000000	132.131092	4.000000	0.000106
596	0.675026	2.588167e+04	462.75	1268.06	7.136589e-02	685.53	0.195647	0.786645	0.002605	0.000003	0.000000	0.000000	0.014549	-0.000000	0.000000	0.000249	0.000302	0.000000	-0.000000	132.131092	4.000000	0.000106
597	0.674864	2.588635e+04	462.61	1267.86	7.138986e-02	685.48	0.195663	0.786645	0.002607	0.000003	0.000000	0.000000	0.014526	-0.000000	0.000000	0.000250	0.000306	0.000000	0.000000	132.131092	4.000000	0.000106
598	0.674881	2.588600e+04	462.62	1267.85	7.139027e-02	685.48	0.195663	0.786645	0.002607	0.000003	0.000000	0.000000	0.014526	0.000000	0.000000	0.000250	0.000306	-0.000000	0.000000	132.131092	4.000000	0.000106
599	0.675218	2.587665e+04	462.90	1268.20	7.134758e-02	685.56	0.195633	0.786645	0.002603	0.000003	0.000000	0.000000	0.014569	0.000000	0.000000	0.000248	0.000299	-0.000000	0.000000	132.131092	4.000000	0.000106
600	0.675194	2.587713e+04	462.89	1268.21	7.134701e-02	685.56	0.195633	0.786645	0.002603	0.000003	0.000000	0.000000	0.014569	-0.000000	0.000000	0.000248	0.000299	0.000000	0.000000	132.131092	4.000000	0.000106
601	0.675203	2.587694e+04	462.89	1268.20	7.134723e-02	685.56	0.195633	0.786645	0.002603	0.000003	0.000000	0.000000	0.014569	0.000000	0.000000	0.000248	0.000299	-0.000000	0.000000	132.131092	4.000000	0.000106
602	0.675531	2.586781e+04	463.17	1268.55	7.130482e-02	685.64	0.195604	0.786645	0.002599	0.000003	0.000000	0.000000	0.014611	-0.000000	0.000000	0.000246	0.000293	0.000000	0.000000	132.131092	4.000000	0.000106
603	0.675887	2.585812e+04	463.46	1268.87	7.126361e-02	685.71	0.195575	0.786645	0.002594	0.000003	0.000000	0.000000	0.014653	0.000000	0.000000	0.000244	0.000286	-0.000000	0.000000	132.131092	4.000000	0.000106
604	0.676149	2.585035e+04	463.70	1269.23	7.122072e-02	685.79	0.195546	0.786645	0.002590	0.000003	0.000000	0.000000	0.014694	-0.000000	0.000000	0.000242	0.000280	0.000000	-0.000000	132.131092	4.000000	0.000106
605	0.676184	2.584965e+04	463.72	1269.22	7.122152e-02	685.79	0.195546	0.786645	0.002590	0.000003	0.000000	0.000000	0.014694	0.000000	0.000000	0.000242	0.000280	-0.000000	0.000000	132.131092	4.000000	0.000106
606	0.676065	2.585283e+04	463.62	1269.12	7.123438e-02	685.76	0.195555	0.786645	0.002592	0.000003	0.000000	0.000000	0.014681	-0.000000	0.000000	0.000243	0.000282	0.000000	-0.000000	132.131092	4.000000	0.000106
607	0.676080	2.585254e+04	463.63	1269.11	7.123472e-02	685.76	0.195555	0.786645	0.002592	0.000003	0.000000	0.000000	0.014681	0.000000	0.000000	0.000243	0.000282	-0.000000	0.000000	132.131092	4.000000	0.000106
608	0.676305	2.584632e+04	463.82	1269.34	7.120682e-02	685.81	0.195536	0.786645	0.002589	0.000003	0.000000	0.000000	0.014709	0.000000	0.000000	0.000242	0.000278	-0.000000	-0.000000	132.131092	4.000000	0.000106
609	0.676514	2.584042e+04	464.00	1269.56	7.117880e-02	685.86	0.195516	0.786645	0.002586	0.000003	0.000000	0.000000	0.014736	-0.000000	0.000000	0.000240	0.000273	0.000000	-0.000000	132.131092	4.000000	0.000106
610	0.676715	2.583473e+04	464.17	1269.79	7.115082e-02	685.92	0.195497	0.786645	0.002583	0.000003	0.000000	0.000000	0.014764	0.000000	0.000000	0.000239	0.000269	-0.000000	0.000000	132.131092	4.000000	0.000106
611	0.676944	2.582846e+04	464.36	1270.01	7.112373e-02	685.96	0.195478	0.786645	0.002580	0.000003	0.000000	0.000000	0.014791	-0.000000	0.000000	0.000238	0.000265	0.000000	-0.000000	132.131092	4.000000	0.000106
612	0.677140	2.582289e+04	464.53	1270.23	7.109611e-02	686.02	0.195459	0.786645	0.002578	0.000003	0.000000	0.000000	0.014818	0.000000	0.000000	0.000236	0.000261	-0.000000	0.000000	132.131092	4.000000	0.000106
613	0.677351	2.581700e+04	464.71	1270.45	7.106910e-02	686.06	0.195440	0.786645	0.002575	0.000003	0.000000	0.000000	0.014845	-0.000000	0.000000	0.000235	0.000257	0.000000	-0.000000	132.131092	4.000000	0.000106
614	0.677583	2.581072e+04	464.90	1270.66	7.104280e-02	686.11	0.195421	0.786645	0.002572	0.000003	0.000000	0.000000	0.014872	0.000000	0.000000	0.000234	0.000253	-0.000000	0.000000	132.131092	4.000000	0.000106
615	0.677562	2.581114e+04	464.88	1270.67	7.104232e-02	686.11	0.195421	0.786645	0.002572	0.000003	0.000000	0.000000	0.014872	-0.000000	0.000000	0.000234	0.000253	0.000000	-0.000000	132.131092	4.000000	0.000106
616	0.677767	2.580542e+04	465.06	1270.88	7.101563e-02	686.16	0.195403	0.786645	0.002570	0.000003	0.000000	0.000000	0.014898	-0.000000	0.000000	0.000232	0.000249	0.000000	0.000000	132.131092	4.000000	0.000106
617	0.677781	2.580511e+04	465.07	1270.88	7.101597e-02	686.16	0.195403	0.786645	0.002570	0.000003	0.000000	0.000000	0.014898	0.000000	0.000000	0.000232	0.000249	-0.000000	0.000000	132.131092	4.000000	0.000106
618	0.677979	2.579955e+04	465.23	1271.09	7.098936e-02	686.21	0.195384	0.786645	0.002567	0.000003	0.000000	0.000000	0.014924	-0.000000	0.000000	0.000231	0.000246	0.000000	-0.000000	132.131092	4.000000	0.000106
619	0.678163	2.579426e+04	465.40	1271.31	7.096269e-02	686.26	0.195366	0.786645	0.002564	0.000003	0.000000	0.000000	0.014950	0.000000	0.000000	0.000230	0.000242	-0.000000	0.000000	132.131092	4.000000	0.000106
620	0.678178	2.579395e+04	465.40	1271.31	7.096304e-02	686.26	0.195366	0.786645	0.002564	0.000003	0.000000	0.000000	0.014950	-0.000000	0.000000	0.000230	0.000242	0.000000	-0.000000	132.131092	4.000000	0.000106
621	0.678388	2.578816e+04	465.58	1271.51	7.093718e-02	686.30	0.195348	0.786645	0.002562	0.000002	0.000000	0.000000	0.014976	-0.000000	0.000000	0.000228	0.000238	0.000000	0.000000	132.131092	4.000000	0.000106
622	0.678373	2.578847e+04	465.57	1271.52	7.093684e-02	686.30	0.195348	0.786645	0.002562	0.000002	0.000000	0.000000	0.014976	0.000000	0.000000	0.000228	0.000238	-0.000000	0.000000	132.131092	4.000000	0.000106
623	0.678578	2.578278e+04	465.74	1271.73	7.091111e-02	686.35	0.195330	0.786645	0.002559	0.000002	0.000000	0.000000	0.015002	-0.000000	0.000000	0.000227	0.000234	0.000000	-0.000000	132.131092	4.000000	0.000106
624	0.678579	2.578277e+04	465.74	1271.73	7.091113e-02	686.35	0.195330	0.786645	0.002559	0.000002	0.000000	0.000000	0.015002	0.000000	0.000000	0.000227	0.000234	-0.000000	0.000000	132.131092	4.000000	0.000106
625	0.678577	2.578281e+04	465.74	1271.73	7.091109e-02	686.35	0.195330	0.786645	0.002559	0.000002	0.000000	0.000000	0.015002	-0.000000	0.000000	0.000227	0.000234	0.000000	0.000000	132.131092	4.000000	0.000106
626	0.678773	2.577731e+04	465.91	1271.94	7.088540e-02	686.40	0.195312	0.786645	0.002557	0.000002	0.000000	0.000000	0.015027	0.000000	0.000000	0.000226	0.000231	-0.000000	0.000000	132.131092	4.000000	0.000106
627	0.678776	2.577726e+04	465.91	1271.93	7.088546e-02	686.40	0.195312	0.786645	0.002557	0.000002	0.000000	0.000000	0.015027	-0.000000	0.000000	0.000226	0.000231	0.000000	-0.000000	132.131092	4.000000	0.000106
628	0.678776	2.577724e+04	465.91	1271.93	7.088547e-02	686.40	0.195312	0.786645	0.002557	0.000002	0.000000	0.000000	0.015027	0.000000	0.000000	0.000226	0.000231	-0.000000	0.000000	132.131092	4.000000	0.000106
629	0.678773	2.577731e+04	465.91	1271.94	7.088540e-02	686.40	0.195312	0.786645	0.002557	0.000002	0.000000	0.000000	0.015027	0.000000	0.000000	0.000226	0.000231	-0.000000	0.000000	132.131092	4.000000	0.000106
630	0.678773	2.577731e+04	465.91	1271.94	7.088540e-02	686.40	0.195312	0.786645	0.002557	0.000002	0.000000	0.000000	0.015027	0.000000	0.000000	0.000226	0.000231	-0.000000	0.000000	132.131092	4.000000	0.000106
631	0.678773	2.577731e+04	465.91	1271.94	7.088540e-02	686.40	0.195312	0.786645	0.002557	0.000002	0.000000	0.000000	0.015027	0.000000	0.000000	0.000226	0.000231	-0.000000	0.000000	132.131092	4.000000	0.000106
632	0.678773	2.577731e+04	465.91	1271.94	7.088540e-02	686.40	0.195312	0.786645	0.002557	0.000002	0.000000	0.000000	0.015027	0.000000	0.000000	0.000226	0.000231	-0.000000	0.000000	132.131092	4.000000	0.000106
633	0.678773	2.577731e+04	465.91	1271.94	7.088540e-02	686.40	0.195312	0.786645	0.002557	0.000002	0.000000	0.000000	0.015027	0.000000	0.000000	0.000226	0.000231	-0.000000	0.000000	132.131092	4.000000	0.000106
634	0.678773	2.577731e+04	465.91	1271.94	7.088540e-02	686.40	0.195312	0.786645	0.002557	0.000002	0.000000	0.000000	0.015027	0.000000	0.000000	0.000226	0.000231	-0.000000	0.000000	132.131092	4.000000	0.000106
635	0.678773	2.577731e+04	465.91	1271.94	7.088540e-02	686.40	0.195312	0.786645	0.002557	0.000002	0.000000	0.000000	0.015027	0.000000	0.000000	0.000226	0.000231	-0.000000	0.000000	132.131092	4.000000	0.000106
636	0.678773	2.577731e+04	465.91	1271.94	7.088540e-02	686.40	0.195312	0.786645	0.002557	0.000002	0.000000	0.000000	0.015027	0.000000	0.000000	0.000226	0.000231	-0.000000	0.000000	132.131092	4.000000	0.000106
637	0.678773	2.577731e+04	465.91	1271.94	7.088540e-02	686.40	0.195312	0.786645	0.002557	0.000002	0.000000	0.000000	0.015027	0.000000	0.000000	0.000226	0.000231	-0.000000	0.000000	132.131092	4.000000	0.000106
638	0.678773	2.577731e+04	465.91	1271.94	7.088540e-02	686.40	0.195312	0.786645	0.002557	0.000002	0.000000	0.000000	0.015027	0.000000	0.000000	0.000226	0.000231	-0.000000	0.000000	132.131092	4.000000	0.000106
639	0.678773	2.577731e+04	465.91	1271.94	7.088540e-02	686.40	0.195312	0.786645	0.002557	0.000002	0.000000	0.000000	0.015027	0.000000	0.000000	0.000226	0.000231	-0.000000	0.000000	132.131092	4.000000	0.000106
640	0.678773	2.577731e+04	465.91	1271.94	7.088540e-02	686.40	0.195312	0.786645	0.002557	0.000002	0.000000	0.000000	0.015027	0.000000	0.000000	0.000226	0.000231	-0.000000	0.000000	132.131092	4.000000	0.000106
641	0.678773	2.577731e+04	465.91	1271.94	7.088540e-02	686.40	0.195312	0.786645	0.002557	0.000002	0.000000	0.000000	0.015027	0.000000	0.000000	0.000226	0.000231	-0.000000	0.000000	132.131092	4.000000	0.000106
642	0.678773	2.577731e+04	465.91	1271.94	7.088540e-02	686.40	0.195312	0.786645	0.002557	0.000002	0.000000	0.000000	0.015027	0.000000	0.000000	0.000226	0.000231	-0.000000	0.000000	132.131092	4.000000	0.000106
643	0.678773	2.577731e+04	465.91	1271.94	7.088540e-02	686.40	0.195312	0.786645	0.002557	0.000002	0.000000	0.000000	0.015027	0.000000	0.000000	0.000226	0.000231	-0.000000	0.000000	132.131092	4.000000	0.000106
644	0.678773	2.577731e+04	465.91	1271.94	7.088540e-02	686.40	0.195312	0.786645	0.002557	0.000002	0.000000	0.000000	0.015027	0.000000	0.000000	0.000226	0.000231	-0.000000	0.000000	132.131092	4.000000	0.000106
645	0.678773	2.577731e+04	465.91	1271.94	7.088540e-02	686.40	0.195312	0.786645	0.002557	0.000002	0.000000	0.000000	0.015027	0.000000	0.000000	0.000226	0.000231	-0.000000	0.000000	132.131092	4.000000	0.000106
646	0.678773	2.577731e+04	465.91	1271.94	7.088540e-02	686.40	0.195312	0.786645	0.002557	0.000002	0.000000	0.000000	0.015027	0.000000	0.000000	0.000226	0.000231	-0.000000	0.000000	132.131092	4.000000	0.000106
647	0.678773	2.577731e+04	465.91	1271.94	7.088540e-02	686.40	0.195312	0.786645	0.002557	0.000002	0.000000	0.000000	0.015027	0.000000	0.000000	0.000226	0.000231	-0.000000	0.000000	132.131092	4.000000	0.000106
648	0.678773	2.577731e+04	465.91	1271.94	7.088540e-02	686.40	0.195312	0.786645	0.002557	0.000002	0.000000	0.000000	0.015027	0.000000	0.000000	0.000226	0.000231	-0.000000	0.000000	132.131092	4.000000	0.000106
649	0.678773	2.577731e+04	465.91	1271.94	7.088540e-02	686.40	0.195312	0.786645	0.002557	0.000002	0.000000	0.000000	0.015027	0.000000	0.000000	0.000226	0.000231	-0.000000	0.000000	132.131094	4.000000	0.000106
650	0.678777	2.577724e+04	465.91	1271.93	7.088548e-02	686.40	0.195312	0.786645	0.002557	0.000002	0.000000	0.000000	0.015027	-0.000000	0.000000	0.000226	0.000231	-0.000000	0.000000	132.131092	4.000000	0.000106
651	0.678973	2.577175e+04	466.08	1272.14	7.086004e-02	686.44	0.195294	0.786645	0.002554	0.000002	0.000000	0.000000	0.015053	-0.000000	0.000000	0.000224	0.000227	0.000000	0.000000	132.131092	4.000000	0.000106
652	0.678975	2.577172e+04	466.08	1272.14	7.086007e-02	686.44	0.195294	0.786645	0.002554	0.000002	0.000000	0.000000	0.015053	-0.000000	0.000000	0.000225	0.000227	-0.000000	0.000000	132.131092	4.000000	0.000106
653	0.679171	2.576624e+04	466.24	1272.34	7.083487e-02	686.49	0.195276	0.786645	0.002552	0.000002	0.000000	0.000000	0.015078	0.000000	0.000000	0.000223	0.000224	-0.000000	0.000000	132.131092	4.000000	0.000106
654	0.679367	2.576079e+04	466.41	1272.54	7.080987e-02	686.53	0.195259	0.786645	0.002549	0.000002	0.000000	0.000000	0.015102	-0.000000	0.000000	0.000222	0.000220	0.000000	0.000000	132.131092	4.000000	0.000106
655	0.679560	2.575540e+04	466.57	1272.74	7.078505e-02	686.58	0.195242	0.786645	0.002547	0.000002	0.000000	0.000000	0.015127	0.000000	0.000000	0.000221	0.000217	-0.000000	0.000000	132.131092	4.000000	0.000106
656	0.679752	2.575005e+04	466.73	1272.94	7.076044e-02	686.62	0.195224	0.786645	0.002544	0.000002	0.000000	0.000000	0.015151	-0.000000	0.000000	0.000219	0.000213	0.000000	0.000000	132.131092	4.000000	0.000106
657	0.679943	2.574473e+04	466.89	1273.14	7.073604e-02	686.67	0.195207	0.786645	0.002542	0.000002	0.000000	0.000000	0.015176	0.000000	0.000000	0.000218	0.000210	-0.000000	0.000000	132.131092	4.000000	0.000106
658	0.680133	2.573945e+04	467.05	1273.33	7.071183e-02	686.71	0.195190	0.786645	0.002539	0.000002	0.000000	0.000000	0.015200	-0.000000	0.000000	0.000217	0.000207	0.000000	0.000000	132.131092	4.000000	0.000106
659	0.680468	2.573011e+04	467.34	1273.68	7.066906e-02	686.79	0.195160	0.786645	0.002535	0.000002	0.000000	0.000000	0.015242	0.000000	0.000000	0.000215	0.000201	-0.000000	0.000000	132.131092	4.000000	0.000107
660	0.680799	2.572090e+04	467.62	1274.02	7.062691e-02	686.86	0.195131	0.786645	0.002531	0.000002	0.000000	0.000000	0.015284	0.000000	0.000000	0.000212	0.000196	-0.000000	0.000000	132.131092	4.000000	0.000107
661	0.681126	2.571181e+04	467.89	1274.35	7.058538e-02	686.94	0.195101	0.786645	0.002526	0.000002	0.000000	0.000000	0.015325	0.000000	0.000000	0.000210	0.000190	-0.000000	0.000000	132.131092	4.000000	0.000107
662	0.681649	2.569724e+04	468.33	1274.89	7.051889e-02	687.06	0.195054	0.786645	0.002520	0.000002	0.000000	0.000000	0.015391	-0.000000	0.000000	0.000206	0.000182	0.000000	0.000000	132.131092	4.000000	0.000107
663	0.682543	2.567239e+04	469.08	1275.80	7.040576e-02	687.26	0.194974	0.786645	0.002508	0.000002	0.000000	0.000000	0.015502	-0.000000	0.000000	0.000200	0.000168	0.000000	0.000000	132.131092	4.000000	0.000107
664	0.682543	2.567239e+04	469.08	1275.80	7.040575e-02	687.26	0.194974	0.786645	0.002508	0.000002	0.000000	0.000000	0.015502	-0.000000	0.000000	0.000200	0.000168	-0.000000	0.000000	132.131092	4.000000	0.000107
665	0.683403	2.564850e+04	469.81	1276.67	7.029737e-02	687.45	0.194897	0.786645	0.002497	0.000002	0.000000	0.000000	0.015609	-0.000000	0.000000	0.000194	0.000155	0.000000	0.000000	132.131092	4.000000	0.000107
666	0.684228	2.562556e+04	470.50	1277.50	7.019351e-02	687.64	0.194823	0.786645	0.002487	0.000002	0.000000	0.000000	0.015712	0.000000	0.000000	0.000188	0.000143	-0.000000	0.000000	132.131092	4.000000	0.000107
667	0.685024	2.560347e+04	471.17	1278.30	7.009399e-02	687.82	0.194752	0.786645	0.002477	0.000002	0.000000	0.000000	0.015810	-0.000000	0.000000	0.000183	0.000132	0.000000	-0.000000	132.131092	4.000000	0.000107
668	0.685788	2.558228e+04	471.81	1279.07	6.999857e-02	687.99	0.194683	0.786645	0.002467	0.000002	0.000000	0.000000	0.015904	0.000000	0.000000	0.000177	0.000122	-0.000000	0.000000	132.131092	4.000000	0.000107
669	0.686525	2.556185e+04	472.43	1279.80	6.990705e-02	688.15	0.194616	0.786645	0.002458	0.000002	0.000000	0.000000	0.015994	-0.000000	0.000000	0.000172	0.000113	0.000000	-0.000000	132.131092	4.000000	0.000107
670	0.687232	2.554224e+04	473.03	1280.50	6.981917e-02	688.30	0.194552	0.786645	0.002449	0.000002	0.000000	0.000000	0.016080	0.000000	0.000000	0.000167	0.000105	-0.000000	0.000000	132.131092	4.000000	0.000107
671	0.687918	2.552327e+04	473.60	1281.18	6.973479e-02	688.45	0.194490	0.786645	0.002440	0.000002	0.000000	0.000000	0.016163	-0.000000	0.000000	0.000162	0.000097	0.000000	-0.000000	132.131092	4.000000	0.000107
672	0.688572	2.550512e+04	474.15	1281.83	6.965356e-02	688.60	0.194430	0.786645	0.002432	0.000002	0.000000	0.000000	0.016243	0.000000	0.000000	0.000158	0.000091	-0.000000	0.000000	132.131092	4.000000	0.000107
673	0.689216	2.548737e+04	474.69	1282.45	6.957549e-02	688.73	0.194372	0.786645	0.002424	0.000002	0.000000	0.000000	0.016319	-0.000000	0.000000	0.000154	0.000084	0.000000	-0.000000	132.131092	4.000000	0.000107
674	0.689818	2.547064e+04	475.19	1283.06	6.950004e-02	688.87	0.194316	0.786645	0.002416	0.000002	0.000000	0.000000	0.016393	0.000000	0.000000	0.000149	0.000079	-0.000000	0.000000	132.131092	4.000000	0.000107
675	0.689828	2.547042e+04	475.20	1283.05	6.950015e-02	688.87	0.194316	0.786645	0.002416	0.000002	0.000000	0.000000	0.016393	-0.000000	0.000000	0.000149	0.000079	0.000000	-0.000000	132.131092	4.000000	0.000107
676	0.689823	2.547053e+04	475.20	1283.06	6.950010e-02	688.87	0.194316	0.786645	0.002416	0.000002	0.000000	0.000000	0.016393	-0.000000	0.000000	0.000149	0.000079	-0.000000	0.000000	132.131092	4.000000	0.000107
677	0.690422	2.545401e+04	475.70	1283.64	6.942745e-02	688.99	0.194261	0.786645	0.002409	0.000001	0.000000	0.000000	0.016464	-0.000000	0.000000	0.000146	0.000074	0.000000	-0.000000	132.131092	4.000000	0.000108
678	0.690414	2.545417e+04	475.69	1283.64	6.942739e-02	689.00	0.194261	0.786645	0.002409	0.000001	0.000000	0.000000	0.016464	0.000000	0.000000	0.000146	0.000074	-0.000000	0.000000	132.131092	4.000000	0.000108
679	0.690419	2.545406e+04	475.70	1283.64	6.942744e-02	688.99	0.194261	0.786645	0.002409	0.000001	0.000000	0.000000	0.016464	-0.000000	0.000000	0.000146	0.000074	0.000000	0.000000	132.131092	4.000000	0.000108
680	0.690992	2.543821e+04	476.17	1284.20	6.935719e-02	689.12	0.194208	0.786645	0.002402	0.000001	0.000000	0.000000	0.016533	0.000000	0.000000	0.000142	0.000069	-0.000000	0.000000	132.131092	4.000000	0.000108
681	0.691568	2.542242e+04	476.65	1284.73	6.928943e-02	689.23	0.194157	0.786645	0.002395	0.000001	0.000000	0.000000	0.016599	-0.000000	0.000000	0.000138	0.000065	0.000000	-0.000000	132.131092	4.000000	0.000108
682	0.691554	2.542272e+04	476.64	1284.74	6.928931e-02	689.24	0.194157	0.786645	0.002395	0.000001	0.000000	0.000000	0.016599	0.000000	0.000000	0.000138	0.000065	-0.000000	-0.000000	132.131092	4.000000	0.000108
683	0.691560	2.542260e+04	476.65	1284.74	6.928936e-02	689.24	0.194157	0.786645	0.002395	0.000001	0.000000	0.000000	0.016599	0.000000	0.000000	0.000138	0.000065	0.000000	-0.000000	132.131092	4.000000	0.000108
684	0.692093	2.540781e+04	477.10	1285.27	6.922349e-02	689.35	0.194107	0.786645	0.002388	0.000001	0.000000	0.000000	0.016663	0.000000	0.000000	0.000135	0.000061	-0.000000	0.000000	132.131092	4.000000	0.000108
685	0.692106	2.540755e+04	477.10	1285.26	6.922361e-02	689.35	0.194107	0.786645	0.002388	0.000001	0.000000	0.000000	0.016663	-0.000000	0.000000	0.000135	0.000061	0.000000	-0.000000	132.131092	4.000000	0.000108
686	0.692098	2.540771e+04	477.10	1285.26	6.922355e-02	689.35	0.194107	0.786645	0.002388	0.000001	0.000000	0.000000	0.016663	0.000000	0.000000	0.000135	0.000061	-0.000000	-0.000000	132.131092	4.000000	0.000108
687	0.692630	2.539306e+04	477.54	1285.77	6.915978e-02	689.46	0.194058	0.786645	0.002381	0.000001	0.000000	0.000000	0.016725	-0.000000	0.000000	0.000132	0.000058	0.000000	-0.000000	132.131092	4.000000	0.000108
688	0.692623	2.539322e+04	477.54	1285.77	6.915973e-02	689.46	0.194058	0.786645	0.002381	0.000001	0.000000	0.000000	0.016725	0.000000	0.000000	0.000132	0.000058	-0.000000	0.000000	132.131092	4.000000	0.000108
689	0.692629	2.539308e+04	477.54	1285.77	6.915978e-02	689.46	0.194058	0.786645	0.002381	0.000001	0.000000	0.000000	0.016725	0.000000	0.000000	0.000132	0.000058	0.000000	-0.000000	132.131092	4.000000	0.000108
690	0.693136	2.537905e+04	477.97	1286.27	6.909777e-02	689.57	0.194010	0.786645	0.002375	0.000001	0.000000	0.000000	0.016785	0.000000	0.000000	0.000129	0.000054	-0.000000	-0.000000	132.131092	4.000000	0.000108
691	0.693145	2.537888e+04	477.97	1286.26	6.909785e-02	689.57	0.194010	0.786645	0.002375	0.000001	0.000000	0.000000	0.016785	0.000000	0.000000	0.000129	0.000054	0.000000	-0.000000	132.131092	4.000000	0.000108
692	0.693138	2.537902e+04	477.97	1286.27	6.909780e-02	689.57	0.194010	0.786645	0.002375	0.000001	0.000000	0.000000	0.016785	0.000000	0.000000	0.000129	0.000054	-0.000000	-0.000000	132.131092	4.000000	0.000108
693	0.693644	2.536511e+04	478.39	1286.74	6.903760e-02	689.67	0.193963	0.786645	0.002368	0.000001	0.000000	0.000000	0.016844	-0.000000	0.000000	0.000126	0.000052	0.000000	-0.000000	132.131092	4.000000	0.000108
694	0.693636	2.536528e+04	478.38	1286.75	6.903755e-02	689.67	0.193963	0.786645	0.002368	0.000001	0.000000	0.000000	0.016844	0.000000	0.000000	0.000126	0.000052	-0.000000	-0.000000	132.131092	4.000000	0.000108
695	0.693642	2.536516e+04	478.39	1286.74	6.903759e-02	689.67	0.193963	0.786645	0.002368	0.000001	0.000000	0.000000	0.016844	0.000000	0.000000	0.000126	0.000052	0.000000	-0.000000	132.131092	4.000000	0.000108
696	0.694123	2.535184e+04	478.79	1287.21	6.897889e-02	689.78	0.193918	0.786645	0.002362	0.000001	0.000000	0.000000	0.016901	0.000000	0.000000	0.000124	0.000049	-0.000000	-0.000000	132.131092	4.000000	0.000108
697	0.694132	2.535168e+04	478.79	1287.21	6.897897e-02	689.77	0.193918	0.786645	0.002362	0.000001	0.000000	0.000000	0.016901	0.000000	0.000000	0.000124	0.000049	0.000000	-0.000000	132.131092	4.000000	0.000108
698	0.694125	2.535181e+04	478.79	1287.21	6.897892e-02	689.78	0.193918	0.786645	0.002362	0.000001	0.000000	0.000000	0.016901	0.000000	0.000000	0.000124	0.000049	-0.000000	-0.000000	132.131092	4.000000	0.000108
699	0.694608	2.533856e+04	479.19	1287.66	6.892180e-02	689.87	0.193873	0.786645	0.002356	0.000001	0.000000	0.000000	0.016957	-0.000000	0.000000	0.000121	0.000046	0.000000	-0.000000	132.131092	4.000000	0.000108
700	0.694599	2.533874e+04	479.19	1287.67	6.892174e-02	689.87	0.193873	0.786645	0.002356	0.000001	0.000000	0.000000	0.016957	0.000000	0.000000	0.000121	0.000046	-0.000000	-0.000000	132.131092	4.000000	0.000108
701	0.694606	2.533860e+04	479.19	1287.67	6.892179e-02	689.87	0.193873	0.786645	0.002356	0.000001	0.000000	0.000000	0.016957	0.000000	0.000000	0.000121	0.000046	-0.000000	-0.000000	132.131092	4.000000	0.000108
702	0.695064	2.532593e+04	479.57	1288.11	6.886594e-02	689.97	0.193829	0.786645	0.002351	0.000001	0.000000	0.000000	0.017011	0.000000	0.000000	0.000119	0.000044	-0.000000	-0.000000	132.131092	4.000000	0.000108
703	0.695075	2.532571e+04	479.58	1288.11	6.886603e-02	689.97	0.193829	0.786645	0.002351	0.000001	0.000000	0.000000	0.017011	0.000000	0.000000	0.000119	0.000044	-0.000000	-0.000000	132.131092	4.000000	0.000108
704	0.695066	2.532589e+04	479.58	1288.11	6.886596e-02	689.97	0.193829	0.786645	0.002351	0.000001	0.000000	0.000000	0.017011	0.000000	0.000000	0.000119	0.000044	0.000000	-0.000000	132.131092	4.000000	0.000108
705	0.695531	2.531314e+04	479.96	1288.54	6.881152e-02	690.06	0.193786	0.786645	0.002345	0.000001	0.000000	0.000000	0.017064	0.000000	0.000000	0.000116	0.000042	-0.000000	-0.000000	132.131092	4.000000	0.000108
706	0.695518	2.531342e+04	479.95	1288.55	6.881143e-02	690.07	0.193786	0.786645	0.002345	0.000001	0.000000	0.000000	0.017064	0.000000	0.000000	0.000116	0.000042	0.000000	-0.000000	132.131092	4.000000	0.000108
707	0.695529	2.531320e+04	479.96	1288.54	6.881151e-02	690.06	0.193786	0.786645	0.002345	0.000001	0.000000	0.000000	0.017064	0.000000	0.000000	0.000116	0.000042	-0.000000	-0.000000	132.131092	4.000000	0.000108
708	0.695531	2.531314e+04	479.96	1288.54	6.881152e-02	690.06	0.193786	0.786645	0.002345	0.000001	0.000000	0.000000	0.017064	0.000000	0.000000	0.000116	0.000042	-0.000000	-0.000000	132.131092	4.000000	0.000108
709	0.695531	2.531314e+04	479.96	1288.54	6.881152e-02	690.06	0.193786	0.786645	0.002345	0.000001	0.000000	0.000000	0.017064	0.000000	0.000000	0.000116	0.000042	-0.000000	-0.000000	132.131092	4.000000	0.000108
710	0.695531	2.531314e+04	479.96	1288.54	6.881152e-02	690.06	0.193786	0.786645	0.002345	0.000001	0.000000	0.000000	0.017064	0.000000	0.000000	0.000116	0.000042	-0.000000	-0.000000	132.131092	4.000000	0.000108
711	0.695531	2.531314e+04	479.96	1288.54	6.881152e-02	690.06	0.193786	0.786645	0.002345	0.000001	0.000000	0.000000	0.017064	0.000000	0.000000	0.000116	0.000042	-0.000000	-0.000000	132.131092	4.000000	0.000108
712	0.695531	2.531314e+04	479.96	1288.54	6.881152e-02	690.06	0.193786	0.786645	0.002345	0.000001	0.000000	0.000000	0.017064	0.000000	0.000000	0.000116	0.000042	-0.000000	-0.000000	132.131092	4.000000	0.000108
713	0.695531	2.531314e+04	479.96	1288.54	6.881152e-02	690.06	0.193786	0.786645	0.002345	0.000001	0.000000	0.000000	0.017064	0.000000	0.000000	0.000116	0.000042	-0.000000	-0.000000	132.131092	4.000000	0.000108
714	0.695531	2.531314e+04	479.96	1288.54	6.881152e-02	690.06	0.193786	0.786645	0.002345	0.000001	0.000000	0.000000	0.017064	0.000000	0.000000	0.000116	0.000042	-0.000000	-0.000000	132.131092	4.000000	0.000108
715	0.695531	2.531314e+04	479.96	1288.54	6.881152e-02	690.06	0.193786	0.786645	0.002345	0.000001	0.000000	0.000000	0.017064	0.000000	0.000000	0.000116	0.000042	-0.000000	-0.000000	132.131092	4.000000	0.000108
716	0.695531	2.531314e+04	479.96	1288.54	6.881152e-02	690.06	0.193786	0.786645	0.002345	0.000001	0.000000	0.000000	0.017064	0.000000	0.000000	0.000116	0.000042	-0.000000	-0.000000	132.131092	4.000000	0.000108
717	0.695531	2.531314e+04	479.96	1288.54	6.881152e-02	690.06	0.193786	0.786645	0.002345	0.000001	0.000000	0.000000	0.017064	0.000000	0.000000	0.000116	0.000042	-0.000000	-0.000000	132.131092	4.000000	0.000108
718	0.695531	2.531314e+04	479.96	1288.54	6.881152e-02	690.06	0.193786	0.786645	0.002345	0.000001	0.000000	0.000000	0.017064	0.000000	0.000000	0.000116	0.000042	-0.000000	-0.000000	132.131092	4.000000	0.000108
719	0.695531	2.531314e+04	479.96	1288.54	6.881152e-02	690.06	0.193786	0.786645	0.002345	0.000001	0.000000	0.000000	0.017064	0.000000	0.000000	0.000116	0.000042	-0.000000	-0.000000	132.131092	4.000000	0.000108
720	0.695531	2.531314e+04	479.96	1288.54	6.881152e-02	690.06	0.193786	0.786645	0.002345	0.000001	0.000000	0.000000	0.017064	0.000000	0.000000	0.000116	0.000042	-0.000000	-0.000000	132.131092	4.000000	0.000108
721	0.695531	2.531314e+04	479.96	1288.54	6.881152e-02	690.06	0.193786	0.786645	0.002345	0.000001	0.000000	0.000000	0.017064	0.000000	0.000000	0.000116	0.000042	-0.000000	-0.000000	132.131092	4.000000	0.000108
722	0.695531	2.531314e+04	479.96	1288.54	6.881152e-02	690.06	0.193786	0.786645	0.002345	0.000001	0.000000	0.000000	0.017064	0.000000	0.000000	0.000116	0.000042	-0.000000	-0.000000	132.131092	4.000000	0.000108
723	0.695531	2.531314e+04	479.96	1288.54	6.881152e-02	690.06	0.193786	0.786645	0.002345	0.000001	0.000000	0.000000	0.017064	0.000000	0.000000	0.000116	0.000042	-0.000000	-0.000000	132.131092	4.000000	0.000108
724	0.695531	2.531314e+04	479.96	1288.54	6.881152e-02	690.06	0.193786	0.786645	0.002345	0.000001	0.000000	0.000000	0.017064	0.000000	0.000000	0.000116	0.000042	-0.000000	-0.000000	132.131092	4.000000	0.000108
725	0.695531	2.531314e+04	479.96	1288.54	6.881152e-02	690.06	0.193786	0.786645	0.002345	0.000001	0.000000	0.000000	0.017064	0.000000	0.000000	0.000116	0.000042	-0.000000	-0.000000	132.131092	4.000000	0.000108
726	0.695531	2.531314e+04	479.96	1288.54	6.881152e-02	690.06	0.193786	0.786645	0.002345	0.000001	0.000000	0.000000	0.017064	0.000000	0.000000	0.000116	0.000042	-0.000000	-0.000000	132.131092	4.000000	0.000108
727	0.695531	2.531314e+04	479.96	1288.54	6.881152e-02	690.06	0.193786	0.786645	0.002345	0.000001	0.000000	0.000000	0.017064	0.000000	0.000000	0.000116	0.000042	-0.000000	-0.000000	132.131092	4.000000	0.000108
728	0.695531	2.531314e+04	479.96	1288.54	6.881152e-02	690.06	0.193786	0.786645	0.002345	0.000001	0.000000	0.000000	0.017064	0.000000	0.000000	0.000116	0.000042	-0.000000	-0.000000	132.131094	4.000000	0.000108
729	0.695526	2.531325e+04	479.96	1288.54	6.881149e-02	690.06	0.193786	0.786645	0.002345	0.000001	0.000000	0.000000	0.017064	0.000000	0.000000	0.000116	0.000042	0.000000	-0.000000	132.131092	4.000000	0.000108
730	0.695971	2.530099e+04	480.33	1288.97	6.875815e-02	690.16	0.193744	0.786645	0.002339	0.000001	0.000000	0.000000	0.017116	-0.000000	0.000000	0.000114	0.000040	0.000000	-0.000000	132.131092	4.000000	0.000108
731	0.696412	2.528888e+04	480.70	1289.38	6.870595e-02	690.25	0.193703	0.786645	0.002334	0.000001	0.000000	0.000000	0.017166	0.000000	0.000000	0.000112	0.000039	-0.000000	-0.000000	132.131092	4.000000	0.000109
732	0.696841	2.527706e+04	481.05	1289.79	6.865476e-02	690.33	0.193662	0.786645	0.002328	0.000001	0.000000	0.000000	0.017216	0.000000	0.000000	0.000111	0.000037	0.000000	-0.000000	132.131092	4.000000	0.000109
733	0.697266	2.526540e+04	481.41	1290.19	6.860453e-02	690.42	0.193622	0.786645	0.002323	0.000001	0.000000	0.000000	0.017265	0.000000	0.000000	0.000109	0.000036	-0.000000	-0.000000	132.131092	4.000000	0.000109
734	0.697682	2.525397e+04	481.75	1290.58	6.855518e-02	690.51	0.193582	0.786645	0.002318	0.000001	0.000000	0.000000	0.017313	0.000000	0.000000	0.000107	0.000034	0.000000	-0.000000	132.131092	4.000000	0.000109
735	0.698092	2.524270e+04	482.09	1290.96	6.850667e-02	690.59	0.193543	0.786645	0.002313	0.000001	0.000000	0.000000	0.017360	0.000000	0.000000	0.000105	0.000033	-0.000000	-0.000000	132.131092	4.000000	0.000109
736	0.698881	2.522101e+04	482.75	1291.70	6.841348e-02	690.75	0.193468	0.786645	0.002303	0.000001	0.000000	0.000000	0.017450	0.000000	0.000000	0.000103	0.000031	0.000000	-0.000000	132.131092	4.000000	0.000109
737	0.698882	2.522101e+04	482.75	1291.70	6.841351e-02	690.75	0.193468	0.786645	0.002303	0.000001	0.000000	0.000000	0.017450	0.000000	0.000000	0.000103	0.000031	-0.000000	-0.000000	132.131092	4.000000	0.000109
738	0.699651	2.519988e+04	483.39	1292.42	6.832291e-02	690.90	0.193394	0.786645	0.002294	0.000001	0.000000	0.000000	0.017538	0.000000	0.000000	0.000100	0.000029	-0.000000	-0.000000	132.131092	4.000000	0.000109
739	0.700408	2.517915e+04	484.02	1293.11	6.823465e-02	691.05	0.193322	0.786645	0.002284	0.000001	0.000000	0.000000	0.017623	-0.000000	0.000000	0.000098	0.000027	0.000000	-0.000000	132.131092	4.000000	0.000109
740	0.701142	2.515900e+04	484.63	1293.79	6.814839e-02	691.20	0.193251	0.786645	0.002275	0.000001	0.000000	0.000000	0.017707	0.000000	0.000000	0.000096	0.000026	-0.000000	-0.000000	132.131092	4.000000	0.000109
741	0.701873	2.513902e+04	485.23	1294.46	6.806390e-02	691.34	0.193182	0.786645	0.002266	0.000001	0.000000	0.000000	0.017788	-0.000000	0.000000	0.000094	0.000024	0.000000	-0.000000	132.131092	4.000000	0.000110
742	0.702576	2.511967e+04	485.82	1295.11	6.798096e-02	691.48	0.193113	0.786645	0.002257	0.000001	0.000000	0.000000	0.017868	0.000000	0.000000	0.000092	0.000023	-0.000000	-0.000000	132.131092	4.000000	0.000110
743	0.703299	2.510002e+04	486.41	1295.75	6.789943e-02	691.62	0.193046	0.786645	0.002249	0.000001	0.000000	0.000000	0.017947	-0.000000	0.000000	0.000090	0.000022	0.000000	-0.000000	132.131092	4.000000	0.000110
744	0.703285	2.510031e+04	486.40	1295.75	6.789942e-02	691.62	0.193046	0.786645	0.002249	0.000001	0.000000	0.000000	0.017947	0.000000	0.000000	0.000090	0.000022	-0.000000	-0.000000	132.131092	4.000000	0.000110
745	0.703984	2.508121e+04	486.98	1296.38	6.781915e-02	691.75	0.192979	0.786645	0.002240	0.000001	0.000000	0.000000	0.018025	0.000000	0.000000	0.000089	0.000021	-0.000000	0.000000	132.131092	4.000000	0.000110
746	0.704693	2.506197e+04	487.57	1297.00	6.774000e-02	691.88	0.192913	0.786645	0.002232	0.000001	0.000000	0.000000	0.018101	-0.000000	0.000000	0.000087	0.000020	0.000000	-0.000000	132.131092	4.000000	0.000110
747	0.704679	2.506226e+04	487.56	1297.00	6.774000e-02	691.89	0.192913	0.786645	0.002232	0.000001	0.000000	0.000000	0.018101	0.000000	0.000000	0.000087	0.000020	-0.000000	-0.000000	132.131092	4.000000	0.000110
748	0.705358	2.504369e+04	488.12	1297.61	6.766188e-02	692.02	0.192848	0.786645	0.002223	0.000001	0.000000	0.000000	0.018177	0.000000	0.000000	0.000086	0.000020	-0.000000	0.000000	132.131092	4.000000	0.000110
749	0.706045	2.502502e+04	488.68	1298.21	6.758470e-02	692.14	0.192784	0.786645	0.002215	0.000001	0.000000	0.000000	0.018251	-0.000000	0.000000	0.000084	0.000019	0.000000	-0.000000	132.131092	4.000000	0.000111
750	0.706693	2.500719e+04	489.22	1298.82	6.750838e-02	692.27	0.192720	0.786645	0.002207	0.000001	0.000000	0.000000	0.018325	0.000000	0.000000	0.000083	0.000018	-0.000000	0.000000	132.131092	4.000000	0.000111
751	0.706712	2.500679e+04	489.24	1298.81	6.750836e-02	692.27	0.192720	0.786645	0.002207	0.000001	0.000000	0.000000	0.018325	-0.000000	0.000000	0.000083	0.000018	0.000000	-0.000000	132.131092	4.000000	0.000111
752	0.706703	2.500698e+04	489.23	1298.81	6.750837e-02	692.27	0.192720	0.786645	0.002207	0.000001	0.000000	0.000000	0.018325	0.000000	0.000000	0.000083	0.000018	-0.000000	0.000000	132.131092	4.000000	0.000111
753	0.707381	2.498858e+04	489.79	1299.40	6.743283e-02	692.40	0.192657	0.786645	0.002199	0.000001	0.000000	0.000000	0.018398	-0.000000	0.000000	0.000082	0.000018	0.000000	-0.000000	132.131092	4.000000	0.000111
754	0.707356	2.498910e+04	489.77	1299.41	6.743284e-02	692.40	0.192657	0.786645	0.002199	0.000001	0.000000	0.000000	0.018398	0.000000	0.000000	0.000082	0.000017	-0.000000	0.000000	132.131092	4.000000	0.000111
755	0.707370	2.498881e+04	489.78	1299.40	6.743283e-02	692.40	0.192657	0.786645	0.002199	0.000001	0.000000	0.000000	0.018398	-0.000000	0.000000	0.000082	0.000018	0.000000	0.000000	132.131092	4.000000	0.000111
756	0.708020	2.497102e+04	490.32	1299.99	6.735804e-02	692.52	0.192595	0.786645	0.002191	0.000001	0.000000	0.000000	0.018470	0.000000	0.000000	0.000081	0.000017	-0.000000	0.000000	132.131092	4.000000	0.000111
757	0.708036	2.497069e+04	490.33	1299.98	6.735803e-02	692.52	0.192595	0.786645	0.002191	0.000001	0.000000	0.000000	0.018470	-0.000000	0.000000	0.000081	0.000017	0.000000	-0.000000	132.131092	4.000000	0.000111
758	0.708023	2.497096e+04	490.32	1299.98	6.735804e-02	692.52	0.192595	0.786645	0.002191	0.000001	0.000000	0.000000	0.018470	0.000000	0.000000	0.000081	0.000017	-0.000000	0.000000	132.131092	4.000000	0.000111
759	0.708686	2.495294e+04	490.87	1300.56	6.728392e-02	692.64	0.192533	0.786645	0.002183	0.000001	0.000000	0.000000	0.018541	-0.000000	0.000000	0.000080	0.000016	0.000000	0.000000	132.131092	4.000000	0.000111
760	0.708671	2.495324e+04	490.86	1300.56	6.728394e-02	692.64	0.192533	0.786645	0.002183	0.000001	0.000000	0.000000	0.018542	0.000000	0.000000	0.000080	0.000016	-0.000000	0.000000	132.131092	4.000000	0.000111
761	0.708683	2.495301e+04	490.86	1300.56	6.728393e-02	692.64	0.192533	0.786645	0.002183	0.000001	0.000000	0.000000	0.018541	0.000000	0.000000	0.000080	0.000016	0.000000	0.000000	132.131092	4.000000	0.000111
762	0.709322	2.493551e+04	491.39	1301.13	6.721047e-02	692.77	0.192471	0.786645	0.002176	0.000001	0.000000	0.000000	0.018612	0.000000	0.000000	0.000079	0.000016	-0.000000	0.000000	132.131092	4.000000	0.000111
763	0.709339	2.493517e+04	491.40	1301.13	6.721045e-02	692.76	0.192471	0.786645	0.002176	0.000001	0.000000	0.000000	0.018612	-0.000000	0.000000	0.000079	0.000016	0.000000	0.000000	132.131092	4.000000	0.000111
764	0.709328	2.493538e+04	491.40	1301.13	6.721047e-02	692.77	0.192471	0.786645	0.002176	0.000001	0.000000	0.000000	0.018612	0.000000	0.000000	0.000079	0.000016	-0.000000	0.000000	132.131092	4.000000	0.000111
765	0.709984	2.491758e+04	491.94	1301.69	6.713760e-02	692.88	0.192410	0.786645	0.002168	0.000001	0.000000	0.000000	0.018683	-0.000000	0.000000	0.000078	0.000015	0.000000	0.000000	132.131092	4.000000	0.000111
766	0.709969	2.491789e+04	491.93	1301.70	6.713762e-02	692.89	0.192410	0.786645	0.002168	0.000001	0.000000	0.000000	0.018683	0.000000	0.000000	0.000078	0.000015	-0.000000	0.000000	132.131092	4.000000	0.000111
767	0.709980	2.491767e+04	491.93	1301.69	6.713761e-02	692.88	0.192410	0.786645	0.002168	0.000001	0.000000	0.000000	0.018683	0.000000	0.000000	0.000078	0.000015	0.000000	0.000000	132.131092	4.000000	0.000111
768	0.710614	2.490036e+04	492.46	1302.26	6.706535e-02	693.00	0.192350	0.786645	0.002160	0.000001	0.000000	0.000000	0.018752	0.000000	0.000000	0.000077	0.000015	-0.000000	0.000000	132.131092	4.000000	0.000112
769	0.710629	2.490004e+04	492.47	1302.25	6.706532e-02	693.00	0.192350	0.786645	0.002160	0.000001	0.000000	0.000000	0.018752	0.000000	0.000000	0.000077	0.000015	0.000000	0.000000	132.131092	4.000000	0.000112
770	0.710618	2.490027e+04	492.46	1302.26	6.706534e-02	693.00	0.192350	0.786645	0.002160	0.000001	0.000000	0.000000	0.018752	0.000000	0.000000	0.000077	0.000015	-0.000000	0.000000	132.131092	4.000000	0.000112
771	0.711270	2.488262e+04	493.00	1302.81	6.699360e-02	693.12	0.192290	0.786645	0.002152	0.000001	0.000000	0.000000	0.018821	-0.000000	0.000000	0.000076	0.000014	0.000000	0.000000	132.131092	4.000000	0.000112
772	0.711251	2.488299e+04	492.98	1302.81	6.699363e-02	693.12	0.192290	0.786645	0.002152	0.000001	0.000000	0.000000	0.018821	0.000000	0.000000	0.000076	0.000014	-0.000000	0.000000	132.131092	4.000000	0.000112
773	0.711264	2.488272e+04	492.99	1302.81	6.699360e-02	693.12	0.192290	0.786645	0.002152	0.000001	0.000000	0.000000	0.018821	0.000000	0.000000	0.000076	0.000014	0.000000	0.000000	132.131092	4.000000	0.000112
774	0.711888	2.486568e+04	493.51	1303.36	6.692243e-02	693.24	0.192230	0.786645	0.002145	0.000001	0.000000	0.000000	0.018890	0.000000	0.000000	0.000075	0.000014	-0.000000	0.000000	132.131092	4.000000	0.000112
775	0.711909	2.486525e+04	493.52	1303.35	6.692239e-02	693.24	0.192230	0.786645	0.002145	0.000001	0.000000	0.000000	0.018890	0.000000	0.000000	0.000075	0.000014	0.000000	0.000000	132.131092	4.000000	0.000112
776	0.711894	2.486556e+04	493.51	1303.36	6.692242e-02	693.24	0.192230	0.786645	0.002145	0.000001	0.000000	0.000000	0.018890	0.000000	0.000000	0.000075	0.000014	-0.000000	0.000000	132.131092	4.000000	0.000112
777	0.712544	2.484798e+04	494.04	1303.90	6.685169e-02	693.35	0.192171	0.786645	0.002137	0.000001	0.000000	0.000000	0.018958	0.000000	0.000000	0.000074	0.000014	0.000000	0.000000	132.131092	4.000000	0.000112
778	0.712519	2.484851e+04	494.03	1303.91	6.685174e-02	693.35	0.192171	0.786645	0.002137	0.000001	0.000000	0.000000	0.018958	0.000000	0.000000	0.000074	0.000014	-0.000000	0.000000	132.131092	4.000000	0.000112
779	0.712538	2.484812e+04	494.04	1303.90	6.685170e-02	693.35	0.192171	0.786645	0.002137	0.000001	0.000000	0.000000	0.018958	0.000000	0.000000	0.000074	0.000014	0.000000	0.000000	132.131092	4.000000	0.000112
780	0.713148	2.483141e+04	494.55	1304.45	6.678153e-02	693.47	0.192112	0.786645	0.002130	0.000001	0.000000	0.000000	0.019026	0.000000	0.000000	0.000073	0.000013	-0.000000	0.000000	132.131092	4.000000	0.000112
781	0.713180	2.483073e+04	494.57	1304.44	6.678146e-02	693.47	0.192112	0.786645	0.002130	0.000001	0.000000	0.000000	0.019026	0.000000	0.000000	0.000073	0.000013	0.000000	0.000000	132.131092	4.000000	0.000112
782	0.713156	2.483123e+04	494.55	1304.45	6.678151e-02	693.47	0.192112	0.786645	0.002130	0.000001	0.000000	0.000000	0.019026	0.000000	0.000000	0.000073	0.000013	-0.000000	0.000000	132.131092	4.000000	0.000112
783	0.713814	2.481356e+04	495.09	1304.97	6.671170e-02	693.58	0.192053	0.786645	0.002123	0.000001	0.000000	0.000000	0.019093	0.000000	0.000000	0.000073	0.000013	0.000000	0.000000	132.131092	4.000000	0.000112
784	0.713770	2.481446e+04	495.06	1304.99	6.671181e-02	693.58	0.192053	0.786645	0.002123	0.000001	0.000000	0.000000	0.019093	0.000000	0.000000	0.000073	0.000013	-0.000000	0.000000	132.131092	4.000000	0.000112
785	0.713803	2.481379e+04	495.08	1304.97	6.671173e-02	693.58	0.192053	0.786645	0.002123	0.000001	0.000000	0.000000	0.019093	0.000000	0.000000	0.000073	0.000013	-0.000000	0.000000	132.131092	4.000000	0.000112
786	0.713814	2.481356e+04	495.09	1304.97	6.671170e-02	693.58	0.192053	0.786645	0.002123	0.000001	0.000000	0.000000	0.019093	0.000000	0.000000	0.000073	0.000013	0.000000	0.000000	132.131092	4.000000	0.000112
787	0.713814	2.481356e+04	495.09	1304.97	6.671170e-02	693.58	0.192053	0.786645	0.002123	0.000001	0.000000	0.000000	0.019093	0.000000	0.000000	0.000073	0.000013	0.000000	0.000000	132.131092	4.000000	0.000112
788	0.713814	2.481356e+04	495.09	1304.97	6.671170e-02	693.58	0.192053	0.786645	0.002123	0.000001	0.000000	0.000000	0.019093	0.000000	0.000000	0.000073	0.000013	0.000000	0.000000	132.131092	4.000000	0.000112
789	0.713814	2.481356e+04	495.09	1304.97	6.671170e-02	693.58	0.192053	0.786645	0.002123	0.000001	0.000000	0.000000	0.019093	0.000000	0.000000	0.000073	0.000013	0.000000	0.000000	132.131092	4.000000	0.000112
790	0.713814	2.481356e+04	495.09	1304.97	6.671170e-02	693.58	0.192053	0.786645	0.002123	0.000001	0.000000	0.000000	0.019093	0.000000	0.000000	0.000073	0.000013	0.000000	0.000000	132.131092	4.000000	0.000112
791	0.713814	2.481356e+04	495.09	1304.97	6.671170e-02	693.58	0.192053	0.786645	0.002123	0.000001	0.000000	0.000000	0.019093	0.000000	0.000000	0.000073	0.000013	0.000000	0.000000	132.131092	4.000000	0.000112
792	0.713814	2.481356e+04	495.09	1304.97	6.671170e-02	693.58	0.192053	0.786645	0.002123	0.000001	0.000000	0.000000	0.019093	0.000000	0.000000	0.000073	0.000013	0.000000	0.000000	132.131092	4.000000	0.000112
793	0.713814	2.481356e+04	495.09	1304.97	6.671170e-02	693.58	0.192053	0.786645	0.002123	0.000001	0.000000	0.000000	0.019093	0.000000	0.000000	0.000073	0.000013	0.000000	0.000000	132.131092	4.000000	0.000112
794	0.713814	2.481356e+04	495.09	1304.97	6.671170e-02	693.58	0.192053	0.786645	0.002123	0.000001	0.000000	0.000000	0.019093	0.000000	0.000000	0.000073	0.000013	0.000000	0.000000	132.131092	4.000000	0.000112
795	0.713814	2.481356e+04	495.09	1304.97	6.671170e-02	693.58	0.192053	0.786645	0.002123	0.000001	0.000000	0.000000	0.019093	0.000000	0.000000	0.000073	0.000013	0.000000	0.000000	132.131092	4.000000	0.000112
796	0.713814	2.481356e+04	495.09	1304.97	6.671170e-02	693.58	0.192053	0.786645	0.002123	0.000001	0.000000	0.000000	0.019093	0.000000	0.000000	0.000073	0.000013	0.000000	0.000000	132.131092	4.000000	0.000112
797	0.713814	2.481356e+04	495.09	1304.97	6.671170e-02	693.58	0.192053	0.786645	0.002123	0.000001	0.000000	0.000000	0.019093	0.000000	0.000000	0.000073	0.000013	0.000000	0.000000	132.131092	4.000000	0.000112
798	0.713814	2.481356e+04	495.09	1304.97	6.671170e-02	693.58	0.192053	0.786645	0.002123	0.000001	0.000000	0.000000	0.019093	0.000000	0.000000	0.000073	0.000013	0.000000	0.000000	132.131092	4.000000	0.000112
799	0.713814	2.481356e+04	495.09	1304.97	6.671170e-02	693.58	0.192053	0.786645	0.002123	0.000001	0.000000	0.000000	0.019093	0.000000	0.000000	0.000073	0.000013	0.000000	0.000000	132.131092	4.000000	0.000112
800	0.713814	2.481356e+04	495.09	1304.97	6.671170e-02	693.58	0.192053	0.786645	0.002123	0.000001	0.000000	0.000000	0.019093	0.000000	0.000000	0.000073	0.000013	0.000000	0.000000	132.131092	4.000000	0.000112
801	0.713814	2.481356e+04	495.09	1304.97	6.671170e-02	693.58	0.192053	0.786645	0.002123	0.000001	0.000000	0.000000	0.019093	0.000000	0.000000	0.000073	0.000013	0.000000	0.000000	132.131092	4.000000	0.000112
802	0.713814	2.481356e+04	495.09	1304.97	6.671170e-02	693.58	0.192053	0.786645	0.002123	0.000001	0.000000	0.000000	0.019093	0.000000	0.000000	0.000073	0.000013	0.000000	0.000000	132.131092	4.000000	0.000112
803	0.713814	2.481356e+04	495.09	1304.97	6.671170e-02	693.58	0.192053	0.786645	0.002123	0.000001	0.000000	0.000000	0.019093	0.000000	0.000000	0.000073	0.000013	0.000000	0.000000	132.131092	4.000000	0.000112
804	0.713814	2.481356e+04	495.09	1304.97	6.671170e-02	693.58	0.192053	0.786645	0.002123	0.000001	0.000000	0.000000	0.019093	0.000000	0.000000	0.000073	0.000013	0.000000	0.000000	132.131092	4.000000	0.000112
805	0.713814	2.481356e+04	495.09	1304.97	6.671170e-02	693.58	0.192053	0.786645	0.002123	0.000001	0.000000	0.000000	0.019093	0.000000	0.000000	0.000073	0.000013	0.000000	0.000000	132.131092	4.000000	0.000112
806	0.713814	2.481356e+04	495.09	1304.97	6.671170e-02	693.58	0.192053	0.786645	0.002123	0.000001	0.000000	0.000000	0.019093	0.000000	0.000000	0.000073	0.000013	0.000000	0.000000	132.131094	4.000000	0.000112
807	0.713796	2.481392e+04	495.08	1304.98	6.671174e-02	693.58	0.192053	0.786645	0.002123	0.000001	0.000000	0.000000	0.019093	0.000000	0.000000	0.000073	0.000013	0.000000	0.000000	132.131092	4.000000	0.000112
808	0.714415	2.479707e+04	495.59	1305.51	6.664246e-02	693.69	0.191995	0.786645	0.002115	0.000001	0.000000	0.000000	0.019159	0.000000	0.000000	0.000072	0.000012	-0.000000	0.000000	132.131092	4.000000	0.000113
809	0.715051	2.477990e+04	496.11	1306.03	6.657356e-02	693.80	0.191937	0.786645	0.002108	0.000001	0.000000	0.000000	0.019226	0.000000	0.000000	0.000071	0.000012	-0.000000	0.000000	132.131092	4.000000	0.000113
810	0.715664	2.476321e+04	496.61	1306.56	6.650517e-02	693.92	0.191880	0.786645	0.002101	0.000001	0.000000	0.000000	0.019291	0.000000	0.000000	0.000070	0.000012	0.000000	0.000000	132.131092	4.000000	0.000113
811	0.716296	2.474616e+04	497.13	1307.08	6.643706e-02	694.02	0.191823	0.786645	0.002093	0.000001	0.000000	0.000000	0.019357	0.000000	0.000000	0.000070	0.000011	-0.000000	0.000000	132.131092	4.000000	0.000113
812	0.716905	2.472960e+04	497.63	1307.59	6.636948e-02	694.13	0.191766	0.786645	0.002086	0.000001	0.000000	0.000000	0.019422	0.000000	0.000000	0.000069	0.000011	0.000000	0.000000	132.131092	4.000000	0.000113
813	0.717523	2.471289e+04	498.13	1308.11	6.630221e-02	694.24	0.191710	0.786645	0.002079	0.000001	0.000000	0.000000	0.019486	0.000000	0.000000	0.000068	0.000011	-0.000000	0.000000	132.131092	4.000000	0.000113
814	0.718970	2.467368e+04	499.32	1309.31	6.614409e-02	694.49	0.191577	0.786645	0.002062	0.000001	0.000000	0.000000	0.019638	0.000000	0.000000	0.000066	0.000010	0.000000	0.000000	132.131092	4.000000	0.000114
815	0.718981	2.467346e+04	499.33	1309.30	6.614402e-02	694.49	0.191577	0.786645	0.002062	0.000001	0.000000	0.000000	0.019638	0.000000	0.000000	0.000066	0.000010	-0.000000	0.000000	132.131092	4.000000	0.000114
816	0.720414	2.463467e+04	500.50	1310.49	6.598792e-02	694.74	0.191446	0.786645	0.002046	0.000001	0.000000	0.000000	0.019788	0.000000	0.000000	0.000065	0.000010	0.000000	0.000000	132.131092	4.000000	0.000114
817	0.720435	2.463423e+04	500.52	1310.48	6.598778e-02	694.74	0.191446	0.786645	0.002046	0.000001	0.000000	0.000000	0.019788	0.000000	0.000000	0.000065	0.000010	-0.000000	0.000000	132.131092	4.000000	0.000114
818	0.720424	2.463447e+04	500.51	1310.48	6.598787e-02	694.74	0.191446	0.786645	0.002046	0.000001	0.000000	0.000000	0.019788	0.000000	0.000000	0.000065	0.000010	0.000000	0.000000	132.131092	4.000000	0.000114
819	0.721852	2.459586e+04	501.68	1311.65	6.583362e-02	694.99	0.191317	0.786645	0.002029	0.000001	0.000000	0.000000	0.019936	0.000000	0.000000	0.000063	0.000009	0.000000	0.000000	132.131092	4.000000	0.000114
820	0.723330	2.455632e+04	502.87	1312.77	6.568071e-02	695.22	0.191189	0.786645	0.002013	0.000001	0.000000	0.000000	0.020082	0.000000	0.000000	0.000062	0.000009	-0.000000	0.000000	132.131092	4.000000	0.000115
821	0.723306	2.455683e+04	502.86	1312.78	6.568093e-02	695.22	0.191189	0.786645	0.002013	0.000001	0.000000	0.000000	0.020082	0.000000	0.000000	0.000062	0.000009	0.000000	0.000000	132.131092	4.000000	0.000115
822	0.724710	2.451891e+04	504.01	1313.91	6.553027e-02	695.46	0.191062	0.786645	0.001997	0.000001	0.000000	0.000000	0.020226	0.000000	0.000000	0.000060	0.000008	0.000000	0.000000	132.131092	4.000000	0.000115
823	0.726181	2.447971e+04	505.19	1315.00	6.538057e-02	695.69	0.190937	0.786645	0.001981	0.000001	0.000000	0.000000	0.020368	0.000000	0.000000	0.000059	0.000008	-0.000000	0.000000	132.131092	4.000000	0.000116
824	0.726142	2.448050e+04	505.17	1315.01	6.538092e-02	695.69	0.190937	0.786645	0.001981	0.000001	0.000000	0.000000	0.020369	0.000000	0.000000	0.000059	0.000008	0.000000	0.000000	132.131092	4.000000	0.000116
825	0.726161	2.448011e+04	505.18	1315.00	6.538074e-02	695.69	0.190937	0.786645	0.001981	0.000001	0.000000	0.000000	0.020368	0.000000	0.000000	0.000059	0.000008	-0.000000	0.000000	132.131092	4.000000	0.000116
826	0.727542	2.444285e+04	506.31	1316.11	6.523331e-02	695.92	0.190814	0.786645	0.001966	0.000001	0.000000	0.000000	0.020509	0.000000	0.000000	0.000058	0.000007	0.000000	0.000000	132.131092	4.000000	0.000116
827	0.727584	2.444197e+04	506.34	1316.09	6.523291e-02	695.91	0.190814	0.786645	0.001966	0.000001	0.000000	0.000000	0.020509	0.000000	0.000000	0.000058	0.000007	-0.000000	0.000000	132.131092	4.000000	0.000116
828	0.727559	2.444249e+04	506.32	1316.10	6.523315e-02	695.92	0.190814	0.786645	0.001966	0.000001	0.000000	0.000000	0.020509	0.000000	0.000000	0.000058	0.000007	0.000000	0.000000	132.131092	4.000000	0.000116
829	0.728979	2.440449e+04	507.47	1317.17	6.508676e-02	696.14	0.190692	0.786645	0.001950	0.000001	0.000000	0.000000	0.020649	0.000000	0.000000	0.000056	0.000007	-0.000000	0.000000	132.131092	4.000000	0.000116
830	0.728941	2.440529e+04	507.45	1317.18	6.508716e-02	696.14	0.190692	0.786645	0.001950	0.000001	0.000000	0.000000	0.020649	0.000000	0.000000	0.000056	0.000007	0.000000	0.000000	132.131092	4.000000	0.000116
831	0.728968	2.440473e+04	507.46	1317.17	6.508688e-02	696.14	0.190692	0.786645	0.001950	0.000001	0.000000	0.000000	0.020649	0.000000	0.000000	0.000056	0.000007	-0.000000	0.000000	132.131092	4.000000	0.000116
832	0.730340	2.436779e+04	508.58	1318.24	6.494230e-02	696.36	0.190571	0.786645	0.001935	0.000001	0.000000	0.000000	0.020787	0.000000	0.000000	0.000055	0.000006	0.000000	0.000000	132.131092	4.000000	0.000117
833	0.730375	2.436708e+04	508.60	1318.23	6.494193e-02	696.36	0.190571	0.786645	0.001935	0.000001	0.000000	0.000000	0.020787	0.000000	0.000000	0.000055	0.000006	-0.000000	0.000000	132.131092	4.000000	0.000117
834	0.730349	2.436761e+04	508.59	1318.24	6.494220e-02	696.36	0.190571	0.786645	0.001935	0.000001	0.000000	0.000000	0.020787	0.000000	0.000000	0.000055	0.000006	0.000000	0.000000	132.131092	4.000000	0.000117
835	0.731767	2.432981e+04	509.73	1319.27	6.479844e-02	696.58	0.190451	0.786645	0.001920	0.000001	0.000000	0.000000	0.020923	0.000000	0.000000	0.000054	0.000006	-0.000000	0.000000	132.131092	4.000000	0.000117
836	0.731723	2.433072e+04	509.70	1319.29	6.479892e-02	696.58	0.190451	0.786645	0.001920	0.000001	0.000000	0.000000	0.020923	0.000000	0.000000	0.000054	0.000006	0.000000	0.000000	132.131092	4.000000	0.000117
837	0.731753	2.433011e+04	509.72	1319.28	6.479859e-02	696.58	0.190451	0.786645	0.001920	0.000001	0.000000	0.000000	0.020923	0.000000	0.000000	0.000054	0.000006	0.000000	0.000000	132.131092	4.000000	0.000117
838	0.731767	2.432981e+04	509.73	1319.27	6.479844e-02	696.58	0.190451	0.786645	0.001920	0.000001	0.000000	0.000000	0.020923	0.000000	0.000000	0.000054	0.000006	-0.000000	0.000000	132.131092	4.000000	0.000117
839	0.731767	2.432981e+04	509.73	1319.27	6.479844e-02	696.58	0.190451	0.786645	0.001920	0.000001	0.000000	0.000000	0.020923	0.000000	0.000000	0.000054	0.000006	-0.000000	0.000000	132.131092	4.000000	0.000117
840	0.731767	2.432981e+04	509.73	1319.27	6.479844e-02	696.58	0.190451	0.786645	0.001920	0.000001	0.000000	0.000000	0.020923	0.000000	0.000000	0.000054	0.000006	-0.000000	0.000000	132.131092	4.000000	0.000117
841	0.731767	2.432981e+04	509.73	1319.27	6.479844e-02	696.58	0.190451	0.786645	0.001920	0.000001	0.000000	0.000000	0.020923	0.000000	0.000000	0.000054	0.000006	-0.000000	0.000000	132.131092	4.000000	0.000117
842	0.731767	2.432981e+04	509.73	1319.27	6.479844e-02	696.58	0.190451	0.786645	0.001920	0.000001	0.000000	0.000000	0.020923	0.000000	0.000000	0.000054	0.000006	-0.000000	0.000000	132.131092	4.000000	0.000117
843	0.731767	2.432981e+04	509.73	1319.27	6.479844e-02	696.58	0.190451	0.786645	0.001920	0.000001	0.000000	0.000000	0.020923	0.000000	0.000000	0.000054	0.000006	-0.000000	0.000000	132.131092	4.000000	0.000117
844	0.731767	2.432981e+04	509.73	1319.27	6.479844e-02	696.58	0.190451	0.786645	0.001920	0.000001	0.000000	0.000000	0.020923	0.000000	0.000000	0.000054	0.000006	-0.000000	0.000000	132.131092	4.000000	0.000117
845	0.731767	2.432981e+04	509.73	1319.27	6.479844e-02	696.58	0.190451	0.786645	0.001920	0.000001	0.000000	0.000000	0.020923	0.000000	0.000000	0.000054	0.000006	-0.000000	0.000000	132.131092	4.000000	0.000117
846	0.731767	2.432981e+04	509.73	1319.27	6.479844e-02	696.58	0.190451	0.786645	0.001920	0.000001	0.000000	0.000000	0.020923	0.000000	0.000000	0.000054	0.000006	-0.000000	0.000000	132.131092	4.000000	0.000117
847	0.731767	2.432981e+04	509.73	1319.27	6.479844e-02	696.58	0.190451	0.786645	0.001920	0.000001	0.000000	0.000000	0.020923	0.000000	0.000000	0.000054	0.000006	-0.000000	0.000000	132.131092	4.000000	0.000117
848	0.731767	2.432981e+04	509.73	1319.27	6.479844e-02	696.58	0.190451	0.786645	0.001920	0.000001	0.000000	0.000000	0.020923	0.000000	0.000000	0.000054	0.000006	-0.000000	0.000000	132.131092	4.000000	0.000117
849	0.731767	2.432981e+04	509.73	1319.27	6.479844e-02	696.58	0.190451	0.786645	0.001920	0.000001	0.000000	0.000000	0.020923	0.000000	0.000000	0.000054	0.000006	-0.000000	0.000000	132.131092	4.000000	0.000117
850	0.731767	2.432981e+04	509.73	1319.27	6.479844e-02	696.58	0.190451	0.786645	0.001920	0.000001	0.000000	0.000000	0.020923	0.000000	0.000000	0.000054	0.000006	-0.000000	0.000000	132.131092	4.000000	0.000117
851	0.731767	2.432981e+04	509.73	1319.27	6.479844e-02	696.58	0.190451	0.786645	0.001920	0.000001	0.000000	0.000000	0.020923	0.000000	0.000000	0.000054	0.000006	-0.000000	0.000000	132.131092	4.000000	0.000117
852	0.731767	2.432981e+04	509.73	1319.27	6.479844e-02	696.58	0.190451	0.786645	0.001920	0.000001	0.000000	0.000000	0.020923	0.000000	0.000000	0.000054	0.000006	-0.000000	0.000000	132.131092	4.000000	0.000117
853	0.731767	2.432981e+04	509.73	1319.27	6.479844e-02	696.58	0.190451	0.786645	0.001920	0.000001	0.000000	0.000000	0.020923	0.000000	0.000000	0.000054	0.000006	-0.000000	0.000000	132.131092	4.000000	0.000117
854	0.731767	2.432981e+04	509.73	1319.27	6.479844e-02	696.58	0.190451	0.786645	0.001920	0.000001	0.000000	0.000000	0.020923	0.000000	0.000000	0.000054	0.000006	-0.000000	0.000000	132.131092	4.000000	0.000117
855	0.731767	2.432981e+04	509.73	1319.27	6.479844e-02	696.58	0.190451	0.786645	0.001920	0.000001	0.000000	0.000000	0.020923	0.000000	0.000000	0.000054	0.000006	-0.000000	0.000000	132.131092	4.000000	0.000117
856	0.731767	2.432981e+04	509.73	1319.27	6.479844e-02	696.58	0.190451	0.786645	0.001920	0.000001	0.000000	0.000000	0.020923	0.000000	0.000000	0.000054	0.000006	-0.000000	0.000000	132.131092	4.000000	0.000117
857	0.731767	2.432981e+04	509.73	1319.27	6.479844e-02	696.58	0.190451	0.786645	0.001920	0.000001	0.000000	0.000000	0.020923	0.000000	0.000000	0.000054	0.000006	-0.000000	0.000000	132.131092	4.000000	0.000117
858	0.731767	2.432981e+04	509.73	1319.27	6.479844e-02	696.58	0.190451	0.786645	0.001920	0.000001	0.000000	0.000000	0.020923	0.000000	0.000000	0.000054	0.000006	-0.000000	0.000000	132.131094	4.000000	0.000117
859	0.731747	2.433023e+04	509.72	1319.28	6.479865e-02	696.58	0.190451	0.786645	0.001920	0.000001	0.000000	0.000000	0.020923	0.000000	0.000000	0.000054	0.000006	0.000000	0.000000	132.131092	4.000000	0.000117
860	0.733122	2.429337e+04	510.84	1320.32	6.465656e-02	696.79	0.190332	0.786645	0.001905	0.000001	0.000000	0.000000	0.021058	0.000000	0.000000	0.000053	0.000006	0.000000	0.000000	132.131092	4.000000	0.000117
861	0.733134	2.429314e+04	510.84	1320.31	6.465643e-02	696.79	0.190332	0.786645	0.001905	0.000001	0.000000	0.000000	0.021058	0.000000	0.000000	0.000053	0.000006	0.000000	0.000000	132.131092	4.000000	0.000117
862	0.734509	2.425636e+04	511.96	1321.33	6.451552e-02	697.00	0.190215	0.786645	0.001890	0.000001	0.000000	0.000000	0.021192	0.000000	0.000000	0.000052	0.000006	-0.000000	0.000000	132.131092	4.000000	0.000118
863	0.736959	2.419083e+04	513.94	1323.14	6.426519e-02	697.38	0.190006	0.786645	0.001864	0.000001	0.000000	0.000000	0.021429	0.000000	0.000000	0.000050	0.000005	0.000000	0.000000	132.131092	4.000000	0.000118
864	0.736988	2.419023e+04	513.96	1323.13	6.426475e-02	697.38	0.190006	0.786645	0.001864	0.000001	0.000000	0.000000	0.021429	0.000000	0.000000	0.000050	0.000005	0.000000	0.000000	132.131092	4.000000	0.000118
865	0.736978	2.419044e+04	513.95	1323.13	6.426490e-02	697.38	0.190006	0.786645	0.001864	0.000001	0.000000	0.000000	0.021429	0.000000	0.000000	0.000050	0.000005	0.000000	0.000000	132.131092	4.000000	0.000118
866	0.736075	2.421447e+04	513.22	1322.49	6.435552e-02	697.24	0.190081	0.786645	0.001874	0.000001	0.000000	0.000000	0.021344	0.000000	0.000000	0.000051	0.000005	0.000000	0.000000	132.131092	4.000000	0.000118
867	0.736085	2.421426e+04	513.23	1322.49	6.435536e-02	697.24	0.190081	0.786645	0.001874	0.000001	0.000000	0.000000	0.021344	0.000000	0.000000	0.000051	0.000005	0.000000	0.000000	132.131092	4.000000	0.000118
868	0.737658	2.417234e+04	514.50	1323.62	6.419665e-02	697.48	0.189949	0.786645	0.001857	0.000001	0.000000	0.000000	0.021494	0.000000	0.000000	0.000049	0.000005	0.000000	0.000000	132.131092	4.000000	0.000119
869	0.739229	2.413052e+04	515.77	1324.74	6.403929e-02	697.71	0.189818	0.786645	0.001840	0.000001	0.000000	0.000000	0.021642	0.000000	0.000000	0.000048	0.000005	0.000000	0.000000	132.131092	4.000000	0.000119
870	0.740784	2.408911e+04	517.02	1325.84	6.388347e-02	697.93	0.189689	0.786645	0.001824	0.000001	0.000000	0.000000	0.021789	0.000000	0.000000	0.000047	0.000004	0.000000	0.000000	132.131092	4.000000	0.000119
871	0.742357	2.404740e+04	518.28	1326.93	6.372859e-02	698.16	0.189561	0.786645	0.001808	0.000001	0.000000	0.000000	0.021935	0.000000	0.000000	0.000046	0.000004	0.000000	0.000000	132.131092	4.000000	0.000120
872	0.742349	2.404756e+04	518.28	1326.93	6.372873e-02	698.16	0.189561	0.786645	0.001808	0.000001	0.000000	0.000000	0.021935	0.000000	0.000000	0.000046	0.000004	0.000000	0.000000	132.131092	4.000000	0.000120
873	0.743908	2.400621e+04	519.53	1328.00	6.357525e-02	698.38	0.189434	0.786645	0.001792	0.000001	0.000000	0.000000	0.022079	0.000000	0.000000	0.000045	0.000004	0.000000	0.000000	132.131092	4.000000	0.000120
874	0.745476	2.396475e+04	520.78	1329.05	6.342278e-02	698.59	0.189308	0.786645	0.001776	0.000001	0.000000	0.000000	0.022222	0.000000	0.000000	0.000044	0.000004	0.000000	0.000000	132.131092	4.000000	0.000121
875	0.745469	2.396489e+04	520.78	1329.05	6.342290e-02	698.59	0.189308	0.786645	0.001776	0.000001	0.000000	0.000000	0.022222	0.000000	0.000000	0.000044	0.000004	0.000000	0.000000	132.131092	4.000000	0.000121
876	0.747022	2.392380e+04	522.02	1330.10	6.327176e-02	698.81	0.189183	0.786645	0.001761	0.000001	0.000000	0.000000	0.022363	0.000000	0.000000	0.000043	0.000004	0.000000	0.000000	132.131092	4.000000	0.000121
877	0.748581	2.388264e+04	523.27	1331.12	6.312157e-02	699.02	0.189060	0.786645	0.001745	0.000001	0.000000	0.000000	0.022504	0.000000	0.000000	0.000042	0.000003	0.000000	0.000000	132.131092	4.000000	0.000122
878	0.750119	2.384198e+04	524.50	1332.14	6.297277e-02	699.22	0.188937	0.786645	0.001730	0.000001	0.000000	0.000000	0.022643	0.000000	0.000000	0.000041	0.000003	0.000000	0.000000	132.131092	4.000000	0.000122
879	0.750132	2.384171e+04	524.51	1332.14	6.297254e-02	699.22	0.188937	0.786645	0.001730	0.000001	0.000000	0.000000	0.022643	0.000000	0.000000	0.000041	0.000003	0.000000	0.000000	132.131092	4.000000	0.000122
880	0.750122	2.384192e+04	524.50	1332.14	6.297272e-02	699.22	0.188937	0.786645	0.001730	0.000001	0.000000	0.000000	0.022643	0.000000	0.000000	0.000041	0.000003	0.000000	0.000000	132.131092	4.000000	0.000122
881	0.750119	2.384198e+04	524.50	1332.14	6.297277e-02	699.22	0.188937	0.786645	0.001730	0.000001	0.000000	0.000000	0.022643	0.000000	0.000000	0.000041	0.000003	0.000000	0.000000	132.131092	4.000000	0.000122
882	0.750119	2.384198e+04	524.50	1332.14	6.297277e-02	699.22	0.188937	0.786645	0.001730	0.000001	0.000000	0.000000	0.022643	0.000000	0.000000	0.000041	0.000003	0.000000	0.000000	132.131092	4.000000	0.000122
883	0.750119	2.384198e+04	524.50	1332.14	6.297277e-02	699.22	0.188937	0.786645	0.001730	0.000001	0.000000	0.000000	0.022643	0.000000	0.000000	0.000041	0.000003	0.000000	0.000000	132.131092	4.000000	0.000122
884	0.750119	2.384198e+04	524.50	1332.14	6.297277e-02	699.22	0.188937	0.786645	0.001730	0.000001	0.000000	0.000000	0.022643	0.000000	0.000000	0.000041	0.000003	0.000000	0.000000	132.131092	4.000000	0.000122
885	0.750119	2.384198e+04	524.50	1332.14	6.297277e-02	699.22	0.188937	0.786645	0.001730	0.000001	0.000000	0.000000	0.022643	0.000000	0.000000	0.000041	0.000003	0.000000	0.000000	132.131092	4.000000	0.000122
886	0.750119	2.384198e+04	524.50	1332.14	6.297277e-02	699.22	0.188937	0.786645	0.001730	0.000001	0.000000	0.000000	0.022643	0.000000	0.000000	0.000041	0.000003	0.000000	0.000000	132.131092	4.000000	0.000122
887	0.750119	2.384198e+04	524.50	1332.14	6.297277e-02	699.22	0.188937	0.786645	0.001730	0.000001	0.000000	0.000000	0.022643	0.000000	0.000000	0.000041	0.000003	0.000000	0.000000	132.131092	4.000000	0.000122
888	0.750119	2.384198e+04	524.50	1332.14	6.297277e-02	699.22	0.188937	0.786645	0.001730	0.000001	0.000000	0.000000	0.022643	0.000000	0.000000	0.000041	0.000003	0.000000	0.000000	132.131092	4.000000	0.000122
889	0.750119	2.384198e+04	524.50	1332.14	6.297277e-02	699.22	0.188937	0.786645	0.001730	0.000001	0.000000	0.000000	0.022643	0.000000	0.000000	0.000041	0.000003	0.000000	0.000000	132.131092	4.000000	0.000122
890	0.750119	2.384198e+04	524.50	1332.14	6.297277e-02	699.22	0.188937	0.786645	0.001730	0.000001	0.000000	0.000000	0.022643	0.000000	0.000000	0.000041	0.000003	0.000000	0.000000	132.131092	4.000000	0.000122
891	0.750119	2.384198e+04	524.50	1332.14	6.297277e-02	699.22	0.188937	0.786645	0.001730	0.000001	0.000000	0.000000	0.022643	0.000000	0.000000	0.000041	0.000003	0.000000	0.000000	132.131092	4.000000	0.000122
892	0.750119	2.384198e+04	524.50	1332.14	6.297277e-02	699.22	0.188937	0.786645	0.001730	0.000001	0.000000	0.000000	0.022643	0.000000	0.000000	0.000041	0.000003	0.000000	0.000000	132.131092	4.000000	0.000122
893	0.750119	2.384198e+04	524.50	1332.14	6.297277e-02	699.22	0.188937	0.786645	0.001730	0.000001	0.000000	0.000000	0.022643	0.000000	0.000000	0.000041	0.000003	0.000000	0.000000	132.131092	4.000000	0.000122
894	0.750119	2.384198e+04	524.50	1332.14	6.297277e-02	699.22	0.188937	0.786645	0.001730	0.000001	0.000000	0.000000	0.022643	0.000000	0.000000	0.000041	0.000003	0.000000	0.000000	132.131092	4.000000	0.000122
895	0.750119	2.384198e+04	524.50	1332.14	6.297277e-02	699.22	0.188937	0.786645	0.001730	0.000001	0.000000	0.000000	0.022643	0.000000	0.000000	0.000041	0.000003	0.000000	0.000000	132.131092	4.000000	0.000122
896	0.750119	2.384198e+04	524.50	1332.14	6.297277e-02	699.22	0.188937	0.786645	0.001730	0.000001	0.000000	0.000000	0.022643	0.000000	0.000000	0.000041	0.000003	0.000000	0.000000	132.131092	4.000000	0.000122
897	0.750119	2.384198e+04	524.50	1332.14	6.297277e-02	699.22	0.188937	0.786645	0.001730	0.000001	0.000000	0.000000	0.022643	0.000000	0.000000	0.000041	0.000003	0.000000	0.000000	132.131092	4.000000	0.000122
898	0.750119	2.384198e+04	524.50	1332.14	6.297277e-02	699.22	0.188937	0.786645	0.001730	0.000001	0.000000	0.000000	0.022643	0.000000	0.000000	0.000041	0.000003	0.000000	0.000000	132.131092	4.000000	0.000122
899	0.750119	2.384198e+04	524.50	1332.14	6.297277e-02	699.22	0.188937	0.786645	0.001730	0.000001	0.000000	0.000000	0.022643	0.000000	0.000000	0.000041	0.000003	0.000000	0.000000	132.131092	4.000000	0.000122
900	0.750119	2.384198e+04	524.50	1332.14	6.297277e-02	699.22	0.188937	0.786645	0.001730	0.000001	0.000000	0.000000	0.022643	0.000000	0.000000	0.000041	0.000003	0.000000	0.000000	132.131092	4.000000	0.000122
901	0.750119	2.384198e+04	524.50	1332.14	6.297277e-02	699.22	0.188937	0.786645	0.001730	0.000001	0.000000	0.000000	0.022643	0.000000	0.000000	0.000041	0.000003	0.000000	0.000000	132.131094	4.000000	0.000122
902	0.750125	2.384186e+04	524.50	1332.14	6.297266e-02	699.22	0.188937	0.786645	0.001730	0.000001	0.000000	0.000000	0.022643	0.000000	0.000000	0.000041	0.000003	0.000000	0.000000	132.131092	4.000000	0.000122
903	0.751675	2.380100e+04	525.74	1333.14	6.282463e-02	699.43	0.188816	0.786645	0.001714	0.000001	0.000000	0.000000	0.022780	0.000000	0.000000	0.000041	0.000003	0.000000	0.000000	132.131092	4.000000	0.000122
904	0.753219	2.376034e+04	526.97	1334.13	6.267766e-02	699.63	0.188695	0.786645	0.001699	0.000001	0.000000	0.000000	0.022917	0.000000	0.000000	0.000040	0.000003	0.000000	0.000000	132.131092	4.000000	0.000123
905	0.754770	2.371959e+04	528.21	1335.10	6.253148e-02	699.82	0.188576	0.786645	0.001684	0.000001	0.000000	0.000000	0.023052	0.000000	0.000000	0.000039	0.000003	0.000000	0.000000	132.131092	4.000000	0.000123
906	0.756314	2.367904e+04	529.43	1336.06	6.238633e-02	700.02	0.188457	0.786645	0.001669	0.000001	0.000000	0.000000	0.023187	0.000000	0.000000	0.000038	0.000003	0.000000	0.000000	132.131092	4.000000	0.000124
907	0.757863	2.363844e+04	530.66	1337.01	6.224193e-02	700.21	0.188340	0.786645	0.001655	0.000001	0.000000	0.000000	0.023320	0.000000	0.000000	0.000037	0.000003	0.000000	0.000000	132.131092	4.000000	0.000124
908	0.759407	2.359798e+04	531.89	1337.95	6.209848e-02	700.40	0.188223	0.786645	0.001640	0.000001	0.000000	0.000000	0.023452	0.000000	0.000000	0.000037	0.000002	0.000000	0.000000	132.131092	4.000000	0.000125
909	0.760960	2.355739e+04	533.12	1338.87	6.195565e-02	700.58	0.188108	0.786645	0.001625	0.000001	0.000000	0.000000	0.023583	0.000000	0.000000	0.000036	0.000002	0.000000	0.000000	132.131092	4.000000	0.000125
910	0.762500	2.351714e+04	534.33	1339.79	6.181392e-02	700.77	0.187993	0.786645	0.001611	0.000001	0.000000	0.000000	0.023713	0.000000	0.000000	0.000035	0.000002	0.000000	0.000000	132.131092	4.000000	0.000125
911	0.764067	2.347635e+04	535.57	1340.68	6.167234e-02	700.95	0.187879	0.786645	0.001597	0.000001	0.000000	0.000000	0.023842	0.000000	0.000000	0.000035	0.000002	0.000000	0.000000	132.131092	4.000000	0.000126
912	0.764051	2.347668e+04	535.56	1340.69	6.167271e-02	700.95	0.187879	0.786645	0.001597	0.000001	0.000000	0.000000	0.023842	0.000000	0.000000	0.000035	0.000002	0.000000	0.000000	132.131092	4.000000	0.000126
913	0.764060	2.347650e+04	535.56	1340.68	6.167250e-02	700.95	0.187879	0.786645	0.001597	0.000001	0.000000	0.000000	0.023842	0.000000	0.000000	0.000035	0.000002	0.000000	0.000000	132.131092	4.000000	0.000126
914	0.765599	2.343635e+04	536.78	1341.57	6.153232e-02	701.12	0.187766	0.786645	0.001582	0.000001	0.000000	0.000000	0.023970	0.000000	0.000000	0.000034	0.000002	0.000000	0.000000	132.131092	4.000000	0.000126
915	0.765617	2.343597e+04	536.79	1341.57	6.153190e-02	701.12	0.187766	0.786645	0.001582	0.000001	0.000000	0.000000	0.023970	0.000000	0.000000	0.000034	0.000002	0.000000	0.000000	132.131092	4.000000	0.000126
916	0.765603	2.343626e+04	536.78	1341.57	6.153223e-02	701.12	0.187766	0.786645	0.001582	0.000001	0.000000	0.000000	0.023970	0.000000	0.000000	0.000034	0.000002	0.000000	0.000000	132.131092	4.000000	0.000126
917	0.767169	2.339562e+04	538.01	1342.44	6.139217e-02	701.30	0.187654	0.786645	0.001568	0.000001	0.000000	0.000000	0.024097	0.000000	0.000000	0.000033	0.000002	0.000000	0.000000	132.131092	4.000000	0.000127
918	0.767148	2.339604e+04	538.00	1342.45	6.139266e-02	701.30	0.187654	0.786645	0.001568	0.000001	0.000000	0.000000	0.024097	0.000000	0.000000	0.000033	0.000002	0.000000	0.000000	132.131092	4.000000	0.000127
919	0.767165	2.339568e+04	538.01	1342.45	6.139225e-02	701.30	0.187654	0.786645	0.001568	0.000001	0.000000	0.000000	0.024097	0.000000	0.000000	0.000033	0.000002	0.000000	0.000000	132.131092	4.000000	0.000127
920	0.767169	2.339562e+04	538.01	1342.44	6.139217e-02	701.30	0.187654	0.786645	0.001568	0.000001	0.000000	0.000000	0.024097	0.000000	0.000000	0.000033	0.000002	0.000000	0.000000	132.131092	4.000000	0.000127
921	0.767169	2.339562e+04	538.01	1342.44	6.139217e-02	701.30	0.187654	0.786645	0.001568	0.000001	0.000000	0.000000	0.024097	0.000000	0.000000	0.000033	0.000002	0.000000	0.000000	132.131092	4.000000	0.000127
922	0.767169	2.339562e+04	538.01	1342.44	6.139217e-02	701.30	0.187654	0.786645	0.001568	0.000001	0.000000	0.000000	0.024097	0.000000	0.000000	0.000033	0.000002	0.000000	0.000000	132.131092	4.000000	0.000127
923	0.767169	2.339562e+04	538.01	1342.44	6.139217e-02	701.30	0.187654	0.786645	0.001568	0.000001	0.000000	0.000000	0.024097	0.000000	0.000000	0.000033	0.000002	0.000000	0.000000	132.131092	4.000000	0.000127
924	0.767169	2.339562e+04	538.01	1342.44	6.139217e-02	701.30	0.187654	0.786645	0.001568	0.000001	0.000000	0.000000	0.024097	0.000000	0.000000	0.000033	0.000002	0.000000	0.000000	132.131092	4.000000	0.000127
925	0.767169	2.339562e+04	538.01	1342.44	6.139217e-02	701.30	0.187654	0.786645	0.001568	0.000001	0.000000	0.000000	0.024097	0.000000	0.000000	0.000033	0.000002	0.000000	0.000000	132.131092	4.000000	0.000127
926	0.767169	2.339562e+04	538.01	1342.44	6.139217e-02	701.30	0.187654	0.786645	0.001568	0.000001	0.000000	0.000000	0.024097	0.000000	0.000000	0.000033	0.000002	0.000000	0.000000	132.131092	4.000000	0.000127
927	0.767169	2.339562e+04	538.01	1342.44	6.139217e-02	701.30	0.187654	0.786645	0.001568	0.000001	0.000000	0.000000	0.024097	0.000000	0.000000	0.000033	0.000002	0.000000	0.000000	132.131092	4.000000	0.000127
928	0.767169	2.339562e+04	538.01	1342.44	6.139217e-02	701.30	0.187654	0.786645	0.001568	0.000001	0.000000	0.000000	0.024097	0.000000	0.000000	0.000033	0.000002	0.000000	0.000000	132.131092	4.000000	0.000127
929	0.767169	2.339562e+04	538.01	1342.44	6.139217e-02	701.30	0.187654	0.786645	0.001568	0.000001	0.000000	0.000000	0.024097	0.000000	0.000000	0.000033	0.000002	0.000000	0.000000	132.131092	4.000000	0.000127
930	0.767169	2.339562e+04	538.01	1342.44	6.139217e-02	701.30	0.187654	0.786645	0.001568	0.000001	0.000000	0.000000	0.024097	0.000000	0.000000	0.000033	0.000002	0.000000	0.000000	132.131092	4.000000	0.000127
931	0.767169	2.339562e+04	538.01	1342.44	6.139217e-02	701.30	0.187654	0.786645	0.001568	0.000001	0.000000	0.000000	0.024097	0.000000	0.000000	0.000033	0.000002	0.000000	0.000000	132.131092	4.000000	0.000127
932	0.767169	2.339562e+04	538.01	1342.44	6.139217e-02	701.30	0.187654	0.786645	0.001568	0.000001	0.000000	0.000000	0.024097	0.000000	0.000000	0.000033	0.000002	0.000000	0.000000	132.131092	4.000000	0.000127
933	0.767169	2.339562e+04	538.01	1342.44	6.139217e-02	701.30	0.187654	0.786645	0.001568	0.000001	0.000000	0.000000	0.024097	0.000000	0.000000	0.000033	0.000002	0.000000	0.000000	132.131092	4.000000	0.000127
934	0.767169	2.339562e+04	538.01	1342.44	6.139217e-02	701.30	0.187654	0.786645	0.001568	0.000001	0.000000	0.000000	0.024097	0.000000	0.000000	0.000033	0.000002	0.000000	0.000000	132.131092	4.000000	0.000127
935	0.767169	2.339562e+04	538.01	1342.44	6.139217e-02	701.30	0.187654	0.786645	0.001568	0.000001	0.000000	0.000000	0.024097	0.000000	0.000000	0.000033	0.000002	0.000000	0.000000	132.131092	4.000000	0.000127
936	0.767169	2.339562e+04	538.01	1342.44	6.139217e-02	701.30	0.187654	0.786645	0.001568	0.000001	0.000000	0.000000	0.024097	0.000000	0.000000	0.000033	0.000002	0.000000	0.000000	132.131092	4.000000	0.000127
937	0.767169	2.339562e+04	538.01	1342.44	6.139217e-02	701.30	0.187654	0.786645	0.001568	0.000001	0.000000	0.000000	0.024097	0.000000	0.000000	0.000033	0.000002	0.000000	0.000000	132.131092	4.000000	0.000127
938	0.767169	2.339562e+04	538.01	1342.44	6.139217e-02	701.30	0.187654	0.786645	0.001568	0.000001	0.000000	0.000000	0.024097	0.000000	0.000000	0.000033	0.000002	0.000000	0.000000	132.131092	4.000000	0.000127
939	0.767169	2.339562e+04	538.01	1342.44	6.139217e-02	701.30	0.187654	0.786645	0.001568	0.000001	0.000000	0.000000	0.024097	0.000000	0.000000	0.000033	0.000002	0.000000	0.000000	132.131092	4.000000	0.000127
940	0.767169	2.339562e+04	538.01	1342.44	6.139217e-02	701.30	0.187654	0.786645	0.001568	0.000001	0.000000	0.000000	0.024097	0.000000	0.000000	0.000033	0.000002	0.000000	0.000000	132.131094	4.000000	0.000127
941	0.767162	2.339576e+04	538.01	1342.45	6.139234e-02	701.30	0.187654	0.786645	0.001568	0.000001	0.000000	0.000000	0.024097	0.000000	0.000000	0.000033	0.000002	0.000000	0.000000	132.131092	4.000000	0.000127
942	0.768712	2.335548e+04	539.23	1343.31	6.125337e-02	701.47	0.187542	0.786645	0.001554	0.000001	0.000000	0.000000	0.024223	0.000000	0.000000	0.000033	0.000002	0.000000	0.000000	132.131092	4.000000	0.000127
943	0.770273	2.331501e+04	540.45	1344.16	6.111483e-02	701.64	0.187432	0.786645	0.001540	0.000001	0.000000	0.000000	0.024348	0.000000	0.000000	0.000032	0.000002	0.000000	0.000000	132.131092	4.000000	0.000128
944	0.771822	2.327484e+04	541.67	1345.01	6.097730e-02	701.81	0.187322	0.786645	0.001527	0.000001	0.000000	0.000000	0.024472	0.000000	0.000000	0.000032	0.000002	0.000000	0.000000	132.131092	4.000000	0.000128
945	0.773387	2.323438e+04	542.89	1345.83	6.084003e-02	701.97	0.187213	0.786645	0.001513	0.000001	0.000000	0.000000	0.024595	0.000000	0.000000	0.000031	0.000002	0.000000	0.000000	132.131092	4.000000	0.000128
946	0.774943	2.319415e+04	544.11	1346.65	6.070367e-02	702.13	0.187105	0.786645	0.001499	0.000001	0.000000	0.000000	0.024717	0.000000	0.000000	0.000030	0.000002	0.000000	0.000000	132.131092	4.000000	0.000129
947	0.776512	2.315370e+04	545.34	1347.46	6.056762e-02	702.29	0.186998	0.786645	0.001486	0.000001	0.000000	0.000000	0.024839	0.000000	0.000000	0.000030	0.000002	0.000000	0.000000	132.131092	4.000000	0.000129
948	0.778067	2.311359e+04	546.55	1348.26	6.043261e-02	702.45	0.186891	0.786645	0.001473	0.000001	0.000000	0.000000	0.024959	0.000000	0.000000	0.000029	0.000001	0.000000	0.000000	132.131092	4.000000	0.000130
949	0.778075	2.311342e+04	546.56	1348.26	6.043238e-02	702.45	0.186891	0.786645	0.001473	0.000001	0.000000	0.000000	0.024959	0.000000	0.000000	0.000029	0.000001	0.000000	0.000000	132.131092	4.000000	0.000130
950	0.779639	2.307317e+04	547.78	1349.04	6.029777e-02	702.60	0.186785	0.786645	0.001459	0.000001	0.000000	0.000000	0.025079	0.000000	0.000000	0.000029	0.000001	0.000000	0.000000	132.131092	4.000000	0.000130
951	0.781205	2.303289e+04	548.99	1349.82	6.016369e-02	702.75	0.186680	0.786645	0.001446	0.000001	0.000000	0.000000	0.025198	0.000000	0.000000	0.000028	0.000001	0.000000	0.000000	132.131092	4.000000	0.000130
952	0.782779	2.299251e+04	550.22	1350.58	6.003003e-02	702.90	0.186576	0.786645	0.001433	0.000001	0.000000	0.000000	0.025316	0.000000	0.000000	0.000028	0.000001	0.000000	0.000000	132.131092	4.000000	0.000131
953	0.785157	2.293165e+04	552.06	1351.70	5.983002e-02	703.12	0.186421	0.786645	0.001414	0.000001	0.000000	0.000000	0.025491	0.000000	0.000000	0.000027	0.000001	0.000000	0.000000	132.131092	4.000000	0.000132
954	0.785152	2.293176e+04	552.06	1351.71	5.983017e-02	703.12	0.186421	0.786645	0.001414	0.000001	0.000000	0.000000	0.025491	0.000000	0.000000	0.000027	0.000001	0.000000	0.000000	132.131092	4.000000	0.000132
955	0.787530	2.287099e+04	553.90	1352.81	5.963150e-02	703.33	0.186267	0.786645	0.001394	0.000001	0.000000	0.000000	0.025664	0.000000	0.000000	0.000026	0.000001	0.000000	0.000000	132.131092	4.000000	0.000132
956	0.789924	2.280998e+04	555.74	1353.88	5.943369e-02	703.54	0.186116	0.786645	0.001375	0.000001	0.000000	0.000000	0.025836	0.000000	0.000000	0.000026	0.000001	0.000000	0.000000	132.131092	4.000000	0.000133
957	0.789913	2.281022e+04	555.74	1353.88	5.943402e-02	703.54	0.186116	0.786645	0.001375	0.000001	0.000000	0.000000	0.025836	0.000000	0.000000	0.000026	0.000001	0.000000	0.000000	132.131092	4.000000	0.000133
958	0.789924	2.280997e+04	555.74	1353.88	5.943368e-02	703.54	0.186116	0.786645	0.001375	0.000001	0.000000	0.000000	0.025836	0.000000	0.000000	0.000026	0.000001	0.000000	0.000000	132.131092	4.000000	0.000133
959	0.789924	2.280998e+04	555.74	1353.88	5.943369e-02	703.54	0.186116	0.786645	0.001375	0.000001	0.000000	0.000000	0.025836	0.000000	0.000000	0.000026	0.000001	0.000000	0.000000	132.131092	4.000000	0.000133
960	0.789924	2.280998e+04	555.74	1353.88	5.943369e-02	703.54	0.186116	0.786645	0.001375	0.000001	0.000000	0.000000	0.025836	0.000000	0.000000	0.000026	0.000001	0.000000	0.000000	132.131092	4.000000	0.000133
961	0.789924	2.280998e+04	555.74	1353.88	5.943369e-02	703.54	0.186116	0.786645	0.001375	0.000001	0.000000	0.000000	0.025836	0.000000	0.000000	0.000026	0.000001	0.000000	0.000000	132.131092	4.000000	0.000133
962	0.789924	2.280998e+04	555.74	1353.88	5.943369e-02	703.54	0.186116	0.786645	0.001375	0.000001	0.000000	0.000000	0.025836	0.000000	0.000000	0.000026	0.000001	0.000000	0.000000	132.131092	4.000000	0.000133
963	0.789924	2.280998e+04	555.74	1353.88	5.943369e-02	703.54	0.186116	0.786645	0.001375	0.000001	0.000000	0.000000	0.025836	0.000000	0.000000	0.000026	0.000001	0.000000	0.000000	132.131092	4.000000	0.000133
964	0.789924	2.280998e+04	555.74	1353.88	5.943369e-02	703.54	0.186116	0.786645	0.001375	0.000001	0.000000	0.000000	0.025836	0.000000	0.000000	0.000026	0.000001	0.000000	0.000000	132.131092	4.000000	0.000133
965	0.789924	2.280998e+04	555.74	1353.88	5.943369e-02	703.54	0.186116	0.786645	0.001375	0.000001	0.000000	0.000000	0.025836	0.000000	0.000000	0.000026	0.000001	0.000000	0.000000	132.131092	4.000000	0.000133
966	0.789924	2.280998e+04	555.74	1353.88	5.943369e-02	703.54	0.186116	0.786645	0.001375	0.000001	0.000000	0.000000	0.025836	0.000000	0.000000	0.000026	0.000001	0.000000	0.000000	132.131092	4.000000	0.000133
967	0.789924	2.280998e+04	555.74	1353.88	5.943369e-02	703.54	0.186116	0.786645	0.001375	0.000001	0.000000	0.000000	0.025836	0.000000	0.000000	0.000026	0.000001	0.000000	0.000000	132.131092	4.000000	0.000133
968	0.789924	2.280998e+04	555.74	1353.88	5.943369e-02	703.54	0.186116	0.786645	0.001375	0.000001	0.000000	0.000000	0.025836	0.000000	0.000000	0.000026	0.000001	0.000000	0.000000	132.131092	4.000000	0.000133
969	0.789924	2.280998e+04	555.74	1353.88	5.943369e-02	703.54	0.186116	0.786645	0.001375	0.000001	0.000000	0.000000	0.025836	0.000000	0.000000	0.000026	0.000001	0.000000	0.000000	132.131092	4.000000	0.000133
970	0.789924	2.280998e+04	555.74	1353.88	5.943369e-02	703.54	0.186116	0.786645	0.001375	0.000001	0.000000	0.000000	0.025836	0.000000	0.000000	0.000026	0.000001	0.000000	0.000000	132.131092	4.000000	0.000133
971	0.789924	2.280998e+04	555.74	1353.88	5.943369e-02	703.54	0.186116	0.786645	0.001375	0.000001	0.000000	0.000000	0.025836	0.000000	0.000000	0.000026	0.000001	0.000000	0.000000	132.131092	4.000000	0.000133
972	0.789924	2.280998e+04	555.74	1353.88	5.943369e-02	703.54	0.186116	0.786645	0.001375	0.000001	0.000000	0.000000	0.025836	0.000000	0.000000	0.000026	0.000001	0.000000	0.000000	132.131092	4.000000	0.000133
973	0.789924	2.280998e+04	555.74	1353.88	5.943369e-02	703.54	0.186116	0.786645	0.001375	0.000001	0.000000	0.000000	0.025836	0.000000	0.000000	0.000026	0.000001	0.000000	0.000000	132.131092	4.000000	0.000133
974	0.789924	2.280998e+04	555.74	1353.88	5.943369e-02	703.54	0.186116	0.786645	0.001375	0.000001	0.000000	0.000000	0.025836	0.000000	0.000000	0.000026	0.000001	0.000000	0.000000	132.131092	4.000000	0.000133
975	0.789924	2.280998e+04	555.74	1353.88	5.943369e-02	703.54	0.186116	0.786645	0.001375	0.000001	0.000000	0.000000	0.025836	0.000000	0.000000	0.000026	0.000001	0.000000	0.000000	132.131092	4.000000	0.000133
976	0.789924	2.280998e+04	555.74	1353.88	5.943369e-02	703.54	0.186116	0.786645	0.001375	0.000001	0.000000	0.000000	0.025836	0.000000	0.000000	0.000026	0.000001	0.000000	0.000000	132.131092	4.000000	0.000133
977	0.789924	2.280998e+04	555.74	1353.88	5.943369e-02	703.54	0.186116	0.786645	0.001375	0.000001	0.000000	0.000000	0.025836	0.000000	0.000000	0.000026	0.000001	0.000000	0.000000	132.131092	4.000000	0.000133
978	0.789924	2.280998e+04	555.74	1353.88	5.943369e-02	703.54	0.186116	0.786645	0.001375	0.000001	0.000000	0.000000	0.025836	0.000000	0.000000	0.000026	0.000001	0.000000	0.000000	132.131092	4.000000	0.000133
979	0.789924	2.280998e+04	555.74	1353.88	5.943369e-02	703.54	0.186116	0.786645	0.001375	0.000001	0.000000	0.000000	0.025836	0.000000	0.000000	0.000026	0.000001	0.000000	0.000000	132.131094	4.000000	0.000133
980	0.789918	2.281010e+04	555.74	1353.88	5.943386e-02	703.54	0.186116	0.786645	0.001375	0.000001	0.000000	0.000000	0.025836	0.000000	0.000000	0.000026	0.000001	0.000000	0.000000	132.131092	4.000000	0.000133
981	0.792307	2.274929e+04	557.58	1354.93	5.923749e-02	703.74	0.185966	0.786645	0.001357	0.000001	0.000000	0.000000	0.026005	0.000000	0.000000	0.000025	0.000001	0.000000	0.000000	132.131092	4.000000	0.000133
982	0.794718	2.268813e+04	559.43	1355.96	5.904176e-02	703.94	0.185817	0.786645	0.001338	0.000001	0.000000	0.000000	0.026173	0.000000	0.000000	0.000025	0.000001	0.000000	0.000000	132.131092	4.000000	0.000134
983	0.797120	2.262722e+04	561.28	1356.96	5.884754e-02	704.13	0.185670	0.786645	0.001320	0.000001	0.000000	0.000000	0.026339	0.000000	0.000000	0.000024	0.000001	0.000000	0.000000	132.131092	4.000000	0.000135
984	0.799553	2.256578e+04	563.14	1357.94	5.865362e-02	704.31	0.185525	0.786645	0.001301	0.000001	0.000000	0.000000	0.026503	0.000000	0.000000	0.000023	0.000001	0.000000	0.000000	132.131092	4.000000	0.000135
985	0.799545	2.256596e+04	563.13	1357.94	5.865389e-02	704.31	0.185525	0.786645	0.001301	0.000001	0.000000	0.000000	0.026503	0.000000	0.000000	0.000023	0.000001	0.000000	0.000000	132.131092	4.000000	0.000135
986	0.801978	2.250461e+04	564.99	1358.89	5.846119e-02	704.49	0.185381	0.786645	0.001283	0.000001	0.000000	0.000000	0.026665	0.000000	0.000000	0.000023	0.000001	0.000000	0.000000	132.131092	4.000000	0.000136
987	0.804431	2.244294e+04	566.85	1359.81	5.826909e-02	704.67	0.185240	0.786645	0.001266	0.000001	0.000000	0.000000	0.026826	0.000000	0.000000	0.000022	0.000001	0.000000	0.000000	132.131092	4.000000	0.000137
988	0.804422	2.244312e+04	566.85	1359.82	5.826936e-02	704.67	0.185240	0.786645	0.001266	0.000001	0.000000	0.000000	0.026826	0.000000	0.000000	0.000022	0.000001	0.000000	0.000000	132.131092	4.000000	0.000137
989	0.806878	2.238150e+04	568.71	1360.72	5.807839e-02	704.83	0.185099	0.786645	0.001248	0.000001	0.000000	0.000000	0.026984	0.000000	0.000000	0.000022	0.000001	0.000000	0.000000	132.131092	4.000000	0.000137
990	0.809340	2.231982e+04	570.58	1361.60	5.788838e-02	705.00	0.184961	0.786645	0.001231	0.000001	0.000000	0.000000	0.027141	0.000000	0.000000	0.000021	0.000001	0.000000	0.000000	132.131092	4.000000	0.000138
991	0.809346	2.231970e+04	570.59	1361.60	5.788820e-02	705.00	0.184961	0.786645	0.001231	0.000001	0.000000	0.000000	0.027141	0.000000	0.000000	0.000021	0.000001	0.000000	0.000000	132.131092	4.000000	0.000138
992	0.809338	2.231986e+04	570.58	1361.60	5.788843e-02	705.00	0.184961	0.786645	0.001231	0.000001	0.000000	0.000000	0.027141	0.000000	0.000000	0.000021	0.000001	0.000000	0.000000	132.131092	4.000000	0.000138
993	0.809340	2.231982e+04	570.58	1361.60	5.788838e-02	705.00	0.184961	0.786645	0.001231	0.000001	0.000000	0.000000	0.027141	0.000000	0.000000	0.000021	0.000001	0.000000	0.000000	132.131092	4.000000	0.000138
994	0.809340	2.231982e+04	570.58	1361.60	5.788838e-02	705.00	0.184961	0.786645	0.001231	0.000001	0.000000	0.000000	0.027141	0.000000	0.000000	0.000021	0.000001	0.000000	0.000000	132.131092	4.000000	0.000138
995	0.809340	2.231982e+04	570.58	1361.60	5.788838e-02	705.00	0.184961	0.786645	0.001231	0.000001	0.000000	0.000000	0.027141	0.000000	0.000000	0.000021	0.000001	0.000000	0.000000	132.131092	4.000000	0.000138
996	0.809340	2.231982e+04	570.58	1361.60	5.788838e-02	705.00	0.184961	0.786645	0.001231	0.000001	0.000000	0.000000	0.027141	0.000000	0.000000	0.000021	0.000001	0.000000	0.000000	132.131092	4.000000	0.000138
997	0.809340	2.231982e+04	570.58	1361.60	5.788838e-02	705.00	0.184961	0.786645	0.001231	0.000001	0.000000	0.000000	0.027141	0.000000	0.000000	0.000021	0.000001	0.000000	0.000000	132.131092	4.000000	0.000138
998	0.809340	2.231982e+04	570.58	1361.60	5.788838e-02	705.00	0.184961	0.786645	0.001231	0.000001	0.000000	0.000000	0.027141	0.000000	0.000000	0.000021	0.000001	0.000000	0.000000	132.131092	4.000000	0.000138
999	0.809340	2.231982e+04	570.58	1361.60	5.788838e-02	705.00	0.184961	0.786645	0.001231	0.000001	0.000000	0.000000	0.027141	0.000000	0.000000	0.000021	0.000001	0.000000	0.000000	132.131092	4.000000	0.000138
1000	0.809340	2.231982e+04	570.58	1361.60	5.788838e-02	705.00	0.184961	0.786645	0.001231	0.000001	0.000000	0.000000	0.027141	0.000000	0.000000	0.000021	0.000001	0.000000	0.000000	132.131092	4.000000	0.000138
1001	0.809340	2.231982e+04	570.58	1361.60	5.788838e-02	705.00	0.184961	0.786645	0.001231	0.000001	0.000000	0.000000	0.027141	0.000000	0.000000	0.000021	0.000001	0.000000	0.000000	132.131092	4.000000	0.000138
1002	0.809340	2.231982e+04	570.58	1361.60	5.788838e-02	705.00	0.184961	0.786645	0.001231	0.000001	0.000000	0.000000	0.027141	0.000000	0.000000	0.000021	0.000001	0.000000	0.000000	132.131092	4.000000	0.000138
1003	0.809340	2.231982e+04	570.58	1361.60	5.788838e-02	705.00	0.184961	0.786645	0.001231	0.000001	0.000000	0.000000	0.027141	0.000000	0.000000	0.000021	0.000001	0.000000	0.000000	132.131092	4.000000	0.000138
1004	0.809340	2.231982e+04	570.58	1361.60	5.788838e-02	705.00	0.184961	0.786645	0.001231	0.000001	0.000000	0.000000	0.027141	0.000000	0.000000	0.000021	0.000001	0.000000	0.000000	132.131092	4.000000	0.000138
1005	0.809340	2.231982e+04	570.58	1361.60	5.788838e-02	705.00	0.184961	0.786645	0.001231	0.000001	0.000000	0.000000	0.027141	0.000000	0.000000	0.000021	0.000001	0.000000	0.000000	132.131092	4.000000	0.000138
1006	0.809340	2.231982e+04	570.58	1361.60	5.788838e-02	705.00	0.184961	0.786645	0.001231	0.000001	0.000000	0.000000	0.027141	0.000000	0.000000	0.000021	0.000001	0.000000	0.000000	132.131092	4.000000	0.000138
1007	0.809340	2.231982e+04	570.58	1361.60	5.788838e-02	705.00	0.184961	0.786645	0.001231	0.000001	0.000000	0.000000	0.027141	0.000000	0.000000	0.000021	0.000001	0.000000	0.000000	132.131092	4.000000	0.000138
1008	0.809340	2.231982e+04	570.58	1361.60	5.788838e-02	705.00	0.184961	0.786645	0.001231	0.000001	0.000000	0.000000	0.027141	0.000000	0.000000	0.000021	0.000001	0.000000	0.000000	132.131092	4.000000	0.000138
1009	0.809340	2.231982e+04	570.58	1361.60	5.788838e-02	705.00	0.184961	0.786645	0.001231	0.000001	0.000000	0.000000	0.027141	0.000000	0.000000	0.000021	0.000001	0.000000	0.000000	132.131092	4.000000	0.000138
1010	0.809340	2.231982e+04	570.58	1361.60	5.788838e-02	705.00	0.184961	0.786645	0.001231	0.000001	0.000000	0.000000	0.027141	0.000000	0.000000	0.000021	0.000001	0.000000	0.000000	132.131092	4.000000	0.000138
1011	0.809340	2.231982e+04	570.58	1361.60	5.788838e-02	705.00	0.184961	0.786645	0.001231	0.000001	0.000000	0.000000	0.027141	0.000000	0.000000	0.000021	0.000001	0.000000	0.000000	132.131092	4.000000	0.000138
1012	0.809340	2.231982e+04	570.58	1361.60	5.788838e-02	705.00	0.184961	0.786645	0.001231	0.000001	0.000000	0.000000	0.027141	0.000000	0.000000	0.000021	0.000001	0.000000	0.000000	132.131092	4.000000	0.000138
1013	0.809340	2.231982e+04	570.58	1361.60	5.788838e-02	705.00	0.184961	0.786645	0.001231	0.000001	0.000000	0.000000	0.027141	0.000000	0.000000	0.000021	0.000001	0.000000	0.000000	132.131094	4.000000	0.000138
1014	0.813269	2.222170e+04	573.55	1362.94	5.758855e-02	705.24	0.184744	0.786645	0.001203	0.000001	0.000000	0.000000	0.027385	0.000000	0.000000	0.000021	0.000001	0.000000	0.000000	132.131092	4.000000	0.000139
1015	0.813260	2.222189e+04	573.55	1362.94	5.758884e-02	705.24	0.184744	0.786645	0.001203	0.000001	0.000000	0.000000	0.027385	0.000000	0.000000	0.000021	0.000001	0.000000	0.000000	132.131092	4.000000	0.000139
1016	0.813273	2.222161e+04	573.55	1362.94	5.758837e-02	705.24	0.184744	0.786645	0.001203	0.000001	0.000000	0.000000	0.027385	0.000000	0.000000	0.000021	0.000001	0.000000	0.000000	132.131092	4.000000	0.000139
1017	0.817230	2.212315e+04	576.54	1364.22	5.729057e-02	705.48	0.184531	0.786645	0.001177	0.000001	0.000000	0.000000	0.027626	0.000000	0.000000	0.000020	0.000001	0.000000	0.000000	132.131092	4.000000	0.000140
1018	0.817145	2.212493e+04	576.48	1364.25	5.729344e-02	705.48	0.184531	0.786645	0.001177	0.000001	0.000000	0.000000	0.027626	0.000000	0.000000	0.000020	0.000001	0.000000	0.000000	132.131092	4.000000	0.000140
1019	0.817248	2.212278e+04	576.55	1364.21	5.728992e-02	705.47	0.184531	0.786645	0.001177	0.000001	0.000000	0.000000	0.027626	0.000000	0.000000	0.000020	0.000001	0.000000	0.000000	132.131092	4.000000	0.000140
1020	0.817230	2.212315e+04	576.54	1364.22	5.729057e-02	705.48	0.184531	0.786645	0.001177	0.000001	0.000000	0.000000	0.027626	0.000000	0.000000	0.000020	0.000001	0.000000	0.000000	132.131092	4.000000	0.000140
1021	0.817230	2.212315e+04	576.54	1364.22	5.729057e-02	705.48	0.184531	0.786645	0.001177	0.000001	0.000000	0.000000	0.027626	0.000000	0.000000	0.000020	0.000001	0.000000	0.000000	132.131092	4.000000	0.000140
1022	0.817230	2.212315e+04	576.54	1364.22	5.729057e-02	705.48	0.184531	0.786645	0.001177	0.000001	0.000000	0.000000	0.027626	0.000000	0.000000	0.000020	0.000001	0.000000	0.000000	132.131092	4.000000	0.000140
1023	0.817230	2.212315e+04	576.54	1364.22	5.729057e-02	705.48	0.184531	0.786645	0.001177	0.000001	0.000000	0.000000	0.027626	0.000000	0.000000	0.000020	0.000001	0.000000	0.000000	132.131092	4.000000	0.000140
1024	0.817230	2.212315e+04	576.54	1364.22	5.729057e-02	705.48	0.184531	0.786645	0.001177	0.000001	0.000000	0.000000	0.027626	0.000000	0.000000	0.000020	0.000001	0.000000	0.000000	132.131092	4.000000	0.000140
1025	0.817230	2.212315e+04	576.54	1364.22	5.729057e-02	705.48	0.184531	0.786645	0.001177	0.000001	0.000000	0.000000	0.027626	0.000000	0.000000	0.000020	0.000001	0.000000	0.000000	132.131092	4.000000	0.000140
1026	0.817230	2.212315e+04	576.54	1364.22	5.729057e-02	705.48	0.184531	0.786645	0.001177	0.000001	0.000000	0.000000	0.027626	0.000000	0.000000	0.000020	0.000001	0.000000	0.000000	132.131092	4.000000	0.000140
1027	0.817230	2.212315e+04	576.54	1364.22	5.729057e-02	705.48	0.184531	0.786645	0.001177	0.000001	0.000000	0.000000	0.027626	0.000000	0.000000	0.000020	0.000001	0.000000	0.000000	132.131092	4.000000	0.000140
1028	0.817230	2.212315e+04	576.54	1364.22	5.729057e-02	705.48	0.184531	0.786645	0.001177	0.000001	0.000000	0.000000	0.027626	0.000000	0.000000	0.000020	0.000001	0.000000	0.000000	132.131092	4.000000	0.000140
1029	0.817230	2.212315e+04	576.54	1364.22	5.729057e-02	705.48	0.184531	0.786645	0.001177	0.000001	0.000000	0.000000	0.027626	0.000000	0.000000	0.000020	0.000001	0.000000	0.000000	132.131092	4.000000	0.000140
1030	0.817230	2.212315e+04	576.54	1364.22	5.729057e-02	705.48	0.184531	0.786645	0.001177	0.000001	0.000000	0.000000	0.027626	0.000000	0.000000	0.000020	0.000001	0.000000	0.000000	132.131092	4.000000	0.000140
1031	0.817230	2.212315e+04	576.54	1364.22	5.729057e-02	705.48	0.184531	0.786645	0.001177	0.000001	0.000000	0.000000	0.027626	0.000000	0.000000	0.000020	0.000001	0.000000	0.000000	132.131092	4.000000	0.000140
1032	0.817230	2.212315e+04	576.54	1364.22	5.729057e-02	705.48	0.184531	0.786645	0.001177	0.000001	0.000000	0.000000	0.027626	0.000000	0.000000	0.000020	0.000001	0.000000	0.000000	132.131092	4.000000	0.000140
1033	0.817230	2.212315e+04	576.54	1364.22	5.729057e-02	705.48	0.184531	0.786645	0.001177	0.000001	0.000000	0.000000	0.027626	0.000000	0.000000	0.000020	0.000001	0.000000	0.000000	132.131092	4.000000	0.000140
1034	0.817230	2.212315e+04	576.54	1364.22	5.729057e-02	705.48	0.184531	0.786645	0.001177	0.000001	0.000000	0.000000	0.027626	0.000000	0.000000	0.000020	0.000001	0.000000	0.000000	132.131092	4.000000	0.000140
1035	0.817230	2.212315e+04	576.54	1364.22	5.729057e-02	705.48	0.184531	0.786645	0.001177	0.000001	0.000000	0.000000	0.027626	0.000000	0.000000	0.000020	0.000001	0.000000	0.000000	132.131092	4.000000	0.000140
1036	0.817230	2.212315e+04	576.54	1364.22	5.729057e-02	705.48	0.184531	0.786645	0.001177	0.000001	0.000000	0.000000	0.027626	0.000000	0.000000	0.000020	0.000001	0.000000	0.000000	132.131092	4.000000	0.000140
1037	0.817230	2.212315e+04	576.54	1364.22	5.729057e-02	705.48	0.184531	0.786645	0.001177	0.000001	0.000000	0.000000	0.027626	0.000000	0.000000	0.000020	0.000001	0.000000	0.000000	132.131092	4.000000	0.000140
1038	0.817230	2.212315e+04	576.54	1364.22	5.729057e-02	705.48	0.184531	0.786645	0.001177	0.000001	0.000000	0.000000	0.027626	0.000000	0.000000	0.000020	0.000001	0.000000	0.000000	132.131092	4.000000	0.000140
1039	0.817230	2.212315e+04	576.54	1364.22	5.729057e-02	705.48	0.184531	0.786645	0.001177	0.000001	0.000000	0.000000	0.027626	0.000000	0.000000	0.000020	0.000001	0.000000	0.000000	132.131092	4.000000	0.000140
1040	0.817230	2.212315e+04	576.54	1364.22	5.729057e-02	705.48	0.184531	0.786645	0.001177	0.000001	0.000000	0.000000	0.027626	0.000000	0.000000	0.000020	0.000001	0.000000	0.000000	132.131094	4.000000	0.000140
1041	0.817233	2.212309e+04	576.54	1364.22	5.729042e-02	705.47	0.184531	0.786645	0.001177	0.000001	0.000000	0.000000	0.027626	0.000000	0.000000	0.000020	0.000001	0.000000	0.000000	132.131092	4.000000	0.000140
1042	0.821225	2.202416e+04	579.53	1365.44	5.699436e-02	705.69	0.184322	0.786645	0.001151	0.000001	0.000000	0.000000	0.027861	0.000000	0.000000	0.000019	0.000001	0.000000	0.000000	132.131092	4.000000	0.000141
1043	0.821179	2.202513e+04	579.50	1365.45	5.699592e-02	705.70	0.184322	0.786645	0.001151	0.000001	0.000000	0.000000	0.027861	0.000000	0.000000	0.000019	0.000001	0.000000	0.000000	132.131092	4.000000	0.000141
1044	0.821228	2.202409e+04	579.53	1365.44	5.699420e-02	705.69	0.184322	0.786645	0.001151	0.000001	0.000000	0.000000	0.027861	0.000000	0.000000	0.000019	0.000001	0.000000	0.000000	132.131092	4.000000	0.000141
1045	0.825246	2.192487e+04	582.54	1366.59	5.670011e-02	705.90	0.184117	0.786645	0.001125	0.000001	0.000000	0.000000	0.028092	0.000000	0.000000	0.000019	0.000001	0.000000	0.000000	132.131092	4.000000	0.000142
1046	0.825160	2.192667e+04	582.48	1366.62	5.670309e-02	705.90	0.184117	0.786645	0.001125	0.000001	0.000000	0.000000	0.028092	0.000000	0.000000	0.000019	0.000001	0.000000	0.000000	132.131092	4.000000	0.000142
1047	0.825265	2.192448e+04	582.55	1366.58	5.669942e-02	705.89	0.184118	0.786645	0.001125	0.000001	0.000000	0.000000	0.028092	0.000000	0.000000	0.000019	0.000001	0.000000	0.000000	132.131092	4.000000	0.000142
1048	0.825246	2.192487e+04	582.54	1366.59	5.670011e-02	705.90	0.184117	0.786645	0.001125	0.000001	0.000000	0.000000	0.028092	0.000000	0.000000	0.000019	0.000001	0.000000	0.000000	132.131092	4.000000	0.000142
1049	0.825246	2.192487e+04	582.54	1366.59	5.670011e-02	705.90	0.184117	0.786645	0.001125	0.000001	0.000000	0.000000	0.028092	0.000000	0.000000	0.000019	0.000001	0.000000	0.000000	132.131092	4.000000	0.000142
1050	0.825246	2.192487e+04	582.54	1366.59	5.670011e-02	705.90	0.184117	0.786645	0.001125	0.000001	0.000000	0.000000	0.028092	0.000000	0.000000	0.000019	0.000001	0.000000	0.000000	132.131092	4.000000	0.000142
1051	0.825246	2.192487e+04	582.54	1366.59	5.670011e-02	705.90	0.184117	0.786645	0.001125	0.000001	0.000000	0.000000	0.028092	0.000000	0.000000	0.000019	0.000001	0.000000	0.000000	132.131092	4.000000	0.000142
1052	0.825246	2.192487e+04	582.54	1366.59	5.670011e-02	705.90	0.184117	0.786645	0.001125	0.000001	0.000000	0.000000	0.028092	0.000000	0.000000	0.000019	0.000001	0.000000	0.000000	132.131092	4.000000	0.000142
1053	0.825246	2.192487e+04	582.54	1366.59	5.670011e-02	705.90	0.184117	0.786645	0.001125	0.000001	0.000000	0.000000	0.028092	0.000000	0.000000	0.000019	0.000001	0.000000	0.000000	132.131092	4.000000	0.000142
1054	0.825246	2.192487e+04	582.54	1366.59	5.670011e-02	705.90	0.184117	0.786645	0.001125	0.000001	0.000000	0.000000	0.028092	0.000000	0.000000	0.000019	0.000001	0.000000	0.000000	132.131092	4.000000	0.000142
1055	0.825246	2.192487e+04	582.54	1366.59	5.670011e-02	705.90	0.184117	0.786645	0.001125	0.000001	0.000000	0.000000	0.028092	0.000000	0.000000	0.000019	0.000001	0.000000	0.000000	132.131092	4.000000	0.000142
1056	0.825246	2.192487e+04	582.54	1366.59	5.670011e-02	705.90	0.184117	0.786645	0.001125	0.000001	0.000000	0.000000	0.028092	0.000000	0.000000	0.000019	0.000001	0.000000	0.000000	132.131092	4.000000	0.000142
1057	0.825246	2.192487e+04	582.54	1366.59	5.670011e-02	705.90	0.184117	0.786645	0.001125	0.000001	0.000000	0.000000	0.028092	0.000000	0.000000	0.000019	0.000001	0.000000	0.000000	132.131092	4.000000	0.000142
1058	0.825246	2.192487e+04	582.54	1366.59	5.670011e-02	705.90	0.184117	0.786645	0.001125	0.000001	0.000000	0.000000	0.028092	0.000000	0.000000	0.000019	0.000001	0.000000	0.000000	132.131092	4.000000	0.000142
1059	0.825246	2.192487e+04	582.54	1366.59	5.670011e-02	705.90	0.184117	0.786645	0.001125	0.000001	0.000000	0.000000	0.028092	0.000000	0.000000	0.000019	0.000001	0.000000	0.000000	132.131092	4.000000	0.000142
1060	0.825246	2.192487e+04	582.54	1366.59	5.670011e-02	705.90	0.184117	0.786645	0.001125	0.000001	0.000000	0.000000	0.028092	0.000000	0.000000	0.000019	0.000001	0.000000	0.000000	132.131092	4.000000	0.000142
1061	0.825246	2.192487e+04	582.54	1366.59	5.670011e-02	705.90	0.184117	0.786645	0.001125	0.000001	0.000000	0.000000	0.028092	0.000000	0.000000	0.000019	0.000001	0.000000	0.000000	132.131092	4.000000	0.000142
1062	0.825246	2.192487e+04	582.54	1366.59	5.670011e-02	705.90	0.184117	0.786645	0.001125	0.000001	0.000000	0.000000	0.028092	0.000000	0.000000	0.000019	0.000001	0.000000	0.000000	132.131092	4.000000	0.000142
1063	0.825246	2.192487e+04	582.54	1366.59	5.670011e-02	705.90	0.184117	0.786645	0.001125	0.000001	0.000000	0.000000	0.028092	0.000000	0.000000	0.000019	0.000001	0.000000	0.000000	132.131092	4.000000	0.000142
1064	0.825246	2.192487e+04	582.54	1366.59	5.670011e-02	705.90	0.184117	0.786645	0.001125	0.000001	0.000000	0.000000	0.028092	0.000000	0.000000	0.000019	0.000001	0.000000	0.000000	132.131092	4.000000	0.000142
1065	0.825246	2.192487e+04	582.54	1366.59	5.670011e-02	705.90	0.184117	0.786645	0.001125	0.000001	0.000000	0.000000	0.028092	0.000000	0.000000	0.000019	0.000001	0.000000	0.000000	132.131092	4.000000	0.000142
1066	0.825246	2.192487e+04	582.54	1366.59	5.670011e-02	705.90	0.184117	0.786645	0.001125	0.000001	0.000000	0.000000	0.028092	0.000000	0.000000	0.000019	0.000001	0.000000	0.000000	132.131092	4.000000	0.000142
1067	0.825246	2.192487e+04	582.54	1366.59	5.670011e-02	705.90	0.184117	0.786645	0.001125	0.000001	0.000000	0.000000	0.028092	0.000000	0.000000	0.000019	0.000001	0.000000	0.000000	132.131092	4.000000	0.000142
1068	0.825246	2.192487e+04	582.54	1366.59	5.670011e-02	705.90	0.184117	0.786645	0.001125	0.000001	0.000000	0.000000	0.028092	0.000000	0.000000	0.000019	0.000001	0.000000	0.000000	132.131094	4.000000	0.000142
1069	0.825251	2.192477e+04	582.54	1366.59	5.669990e-02	705.90	0.184117	0.786645	0.001125	0.000001	0.000000	0.000000	0.028092	0.000000	0.000000	0.000019	0.000001	0.000000	0.000000	132.131092	4.000000	0.000142
1070	0.829312	2.182490e+04	585.56	1367.68	5.640716e-02	706.09	0.183917	0.786645	0.001100	0.000001	0.000000	0.000000	0.028318	0.000000	0.000000	0.000018	0.000000	0.000000	0.000000	132.131092	4.000000	0.000143
1071	0.829265	2.182588e+04	585.53	1367.70	5.640880e-02	706.09	0.183917	0.786645	0.001100	0.000001	0.000000	0.000000	0.028318	0.000000	0.000000	0.000018	0.000000	0.000000	0.000000	132.131092	4.000000	0.000143
1072	0.829314	2.182484e+04	585.57	1367.68	5.640703e-02	706.08	0.183917	0.786645	0.001100	0.000001	0.000000	0.000000	0.028318	0.000000	0.000000	0.000018	0.000000	0.000000	0.000000	132.131092	4.000000	0.000143
1073	0.833405	2.172462e+04	588.60	1368.70	5.611607e-02	706.26	0.183720	0.786645	0.001075	0.000001	0.000000	0.000000	0.028540	0.000000	0.000000	0.000017	0.000000	0.000000	0.000000	132.131092	4.000000	0.000144
1074	0.833319	2.172641e+04	588.55	1368.73	5.611912e-02	706.27	0.183720	0.786645	0.001075	0.000001	0.000000	0.000000	0.028540	0.000000	0.000000	0.000017	0.000000	0.000000	0.000000	132.131092	4.000000	0.000144
1075	0.833424	2.172423e+04	588.61	1368.70	5.611536e-02	706.26	0.183720	0.786645	0.001075	0.000001	0.000000	0.000000	0.028540	0.000000	0.000000	0.000017	0.000000	0.000000	0.000000	132.131092	4.000000	0.000144
1076	0.833405	2.172462e+04	588.60	1368.70	5.611607e-02	706.26	0.183720	0.786645	0.001075	0.000001	0.000000	0.000000	0.028540	0.000000	0.000000	0.000017	0.000000	0.000000	0.000000	132.131092	4.000000	0.000144
1077	0.833405	2.172462e+04	588.60	1368.70	5.611607e-02	706.26	0.183720	0.786645	0.001075	0.000001	0.000000	0.000000	0.028540	0.000000	0.000000	0.000017	0.000000	0.000000	0.000000	132.131092	4.000000	0.000144
1078	0.833405	2.172462e+04	588.60	1368.70	5.611607e-02	706.26	0.183720	0.786645	0.001075	0.000001	0.000000	0.000000	0.028540	0.000000	0.000000	0.000017	0.000000	0.000000	0.000000	132.131092	4.000000	0.000144
1079	0.833405	2.172462e+04	588.60	1368.70	5.611607e-02	706.26	0.183720	0.786645	0.001075	0.000001	0.000000	0.000000	0.028540	0.000000	0.000000	0.000017	0.000000	0.000000	0.000000	132.131092	4.000000	0.000144
1080	0.833405	2.172462e+04	588.60	1368.70	5.611607e-02	706.26	0.183720	0.786645	0.001075	0.000001	0.000000	0.000000	0.028540	0.000000	0.000000	0.000017	0.000000	0.000000	0.000000	132.131092	4.000000	0.000144
1081	0.833405	2.172462e+04	588.60	1368.70	5.611607e-02	706.26	0.183720	0.786645	0.001075	0.000001	0.000000	0.000000	0.028540	0.000000	0.000000	0.000017	0.000000	0.000000	0.000000	132.131092	4.000000	0.000144
1082	0.833405	2.172462e+04	588.60	1368.70	5.611607e-02	706.26	0.183720	0.786645	0.001075	0.000001	0.000000	0.000000	0.028540	0.000000	0.000000	0.000017	0.000000	0.000000	0.000000	132.131092	4.000000	0.000144
1083	0.833405	2.172462e+04	588.60	1368.70	5.611607e-02	706.26	0.183720	0.786645	0.001075	0.000001	0.000000	0.000000	0.028540	0.000000	0.000000	0.000017	0.000000	0.000000	0.000000	132.131092	4.000000	0.000144
1084	0.833405	2.172462e+04	588.60	1368.70	5.611607e-02	706.26	0.183720	0.786645	0.001075	0.000001	0.000000	0.000000	0.028540	0.000000	0.000000	0.000017	0.000000	0.000000	0.000000	132.131092	4.000000	0.000144
1085	0.833405	2.172462e+04	588.60	1368.70	5.611607e-02	706.26	0.183720	0.786645	0.001075	0.000001	0.000000	0.000000	0.028540	0.000000	0.000000	0.000017	0.000000	0.000000	0.000000	132.131092	4.000000	0.000144
1086	0.833405	2.172462e+04	588.60	1368.70	5.611607e-02	706.26	0.183720	0.786645	0.001075	0.000001	0.000000	0.000000	0.028540	0.000000	0.000000	0.000017	0.000000	0.000000	0.000000	132.131092	4.000000	0.000144
1087	0.833405	2.172462e+04	588.60	1368.70	5.611607e-02	706.26	0.183720	0.786645	0.001075	0.000001	0.000000	0.000000	0.028540	0.000000	0.000000	0.000017	0.000000	0.000000	0.000000	132.131092	4.000000	0.000144
1088	0.833405	2.172462e+04	588.60	1368.70	5.611607e-02	706.26	0.183720	0.786645	0.001075	0.000001	0.000000	0.000000	0.028540	0.000000	0.000000	0.000017	0.000000	0.000000	0.000000	132.131092	4.000000	0.000144
1089	0.833405	2.172462e+04	588.60	1368.70	5.611607e-02	706.26	0.183720	0.786645	0.001075	0.000001	0.000000	0.000000	0.028540	0.000000	0.000000	0.000017	0.000000	0.000000	0.000000	132.131092	4.000000	0.000144
1090	0.833405	2.172462e+04	588.60	1368.70	5.611607e-02	706.26	0.183720	0.786645	0.001075	0.000001	0.000000	0.000000	0.028540	0.000000	0.000000	0.000017	0.000000	0.000000	0.000000	132.131092	4.000000	0.000144
1091	0.833405	2.172462e+04	588.60	1368.70	5.611607e-02	706.26	0.183720	0.786645	0.001075	0.000001	0.000000	0.000000	0.028540	0.000000	0.000000	0.000017	0.000000	0.000000	0.000000	132.131092	4.000000	0.000144
1092	0.833405	2.172462e+04	588.60	1368.70	5.611607e-02	706.26	0.183720	0.786645	0.001075	0.000001	0.000000	0.000000	0.028540	0.000000	0.000000	0.000017	0.000000	0.000000	0.000000	132.131092	4.000000	0.000144
1093	0.833405	2.172462e+04	588.60	1368.70	5.611607e-02	706.26	0.183720	0.786645	0.001075	0.000001	0.000000	0.000000	0.028540	0.000000	0.000000	0.000017	0.000000	0.000000	0.000000	132.131092	4.000000	0.000144
1094	0.833405	2.172462e+04	588.60	1368.70	5.611607e-02	706.26	0.183720	0.786645	0.001075	0.000001	0.000000	0.000000	0.028540	0.000000	0.000000	0.000017	0.000000	0.000000	0.000000	132.131092	4.000000	0.000144
1095	0.833405	2.172462e+04	588.60	1368.70	5.611607e-02	706.26	0.183720	0.786645	0.001075	0.000001	0.000000	0.000000	0.028540	0.000000	0.000000	0.000017	0.000000	0.000000	0.000000	132.131092	4.000000	0.000144
1096	0.833405	2.172462e+04	588.60	1368.70	5.611607e-02	706.26	0.183720	0.786645	0.001075	0.000001	0.000000	0.000000	0.028540	0.000000	0.000000	0.000017	0.000000	0.000000	0.000000	132.131094	4.000000	0.000144
1097	0.833410	2.172452e+04	588.60	1368.70	5.611585e-02	706.26	0.183720	0.786645	0.001075	0.000001	0.000000	0.000000	0.028540	0.000000	0.000000	0.000017	0.000000	0.000000	0.000000	132.131092	4.000000	0.000144
1098	0.837549	2.162356e+04	591.66	1369.66	5.582600e-02	706.42	0.183528	0.786645	0.001051	0.000001	0.000000	0.000000	0.028757	0.000000	0.000000	0.000017	0.000000	0.000000	0.000000	132.131092	4.000000	0.000145
1099	0.837501	2.162456e+04	591.63	1369.67	5.582769e-02	706.42	0.183528	0.786645	0.001051	0.000001	0.000000	0.000000	0.028757	0.000000	0.000000	0.000017	0.000000	0.000000	0.000000	132.131092	4.000000	0.000145
1100	0.837551	2.162351e+04	591.66	1369.66	5.582586e-02	706.42	0.183528	0.786645	0.001051	0.000001	0.000000	0.000000	0.028757	0.000000	0.000000	0.000017	0.000000	0.000000	0.000000	132.131092	4.000000	0.000145
1101	0.841724	2.152212e+04	594.73	1370.55	5.553756e-02	706.56	0.183340	0.786645	0.001028	0.000001	0.000000	0.000000	0.028970	0.000000	0.000000	0.000016	0.000000	0.000000	0.000000	132.131092	4.000000	0.000146
1102	0.841637	2.152393e+04	594.68	1370.58	5.554071e-02	706.57	0.183340	0.786645	0.001028	0.000001	0.000000	0.000000	0.028970	0.000000	0.000000	0.000016	0.000000	0.000000	0.000000	132.131092	4.000000	0.000146
1103	0.841743	2.152171e+04	594.74	1370.54	5.553680e-02	706.56	0.183340	0.786645	0.001028	0.000001	0.000000	0.000000	0.028970	0.000000	0.000000	0.000016	0.000000	0.000000	0.000000	132.131092	4.000000	0.000146
1104	0.841724	2.152212e+04	594.73	1370.55	5.553756e-02	706.56	0.183340	0.786645	0.001028	0.000001	0.000000	0.000000	0.028970	0.000000	0.000000	0.000016	0.000000	0.000000	0.000000	132.131092	4.000000	0.000146
1105	0.841724	2.152212e+04	594.73	1370.55	5.553756e-02	706.56	0.183340	0.786645	0.001028	0.000001	0.000000	0.000000	0.028970	0.000000	0.000000	0.000016	0.000000	0.000000	0.000000	132.131092	4.000000	0.000146
1106	0.841724	2.152212e+04	594.73	1370.55	5.553756e-02	706.56	0.183340	0.786645	0.001028	0.000001	0.000000	0.000000	0.028970	0.000000	0.000000	0.000016	0.000000	0.000000	0.000000	132.131092	4.000000	0.000146
1107	0.841724	2.152212e+04	594.73	1370.55	5.553756e-02	706.56	0.183340	0.786645	0.001028	0.000001	0.000000	0.000000	0.028970	0.000000	0.000000	0.000016	0.000000	0.000000	0.000000	132.131092	4.000000	0.000146
1108	0.841724	2.152212e+04	594.73	1370.55	5.553756e-02	706.56	0.183340	0.786645	0.001028	0.000001	0.000000	0.000000	0.028970	0.000000	0.000000	0.000016	0.000000	0.000000	0.000000	132.131092	4.000000	0.000146
1109	0.841724	2.152212e+04	594.73	1370.55	5.553756e-02	706.56	0.183340	0.786645	0.001028	0.000001	0.000000	0.000000	0.028970	0.000000	0.000000	0.000016	0.000000	0.000000	0.000000	132.131092	4.000000	0.000146
1110	0.841724	2.152212e+04	594.73	1370.55	5.553756e-02	706.56	0.183340	0.786645	0.001028	0.000001	0.000000	0.000000	0.028970	0.000000	0.000000	0.000016	0.000000	0.000000	0.000000	132.131092	4.000000	0.000146
1111	0.841724	2.152212e+04	594.73	1370.55	5.553756e-02	706.56	0.183340	0.786645	0.001028	0.000001	0.000000	0.000000	0.028970	0.000000	0.000000	0.000016	0.000000	0.000000	0.000000	132.131092	4.000000	0.000146
1112	0.841724	2.152212e+04	594.73	1370.55	5.553756e-02	706.56	0.183340	0.786645	0.001028	0.000001	0.000000	0.000000	0.028970	0.000000	0.000000	0.000016	0.000000	0.000000	0.000000	132.131092	4.000000	0.000146
1113	0.841724	2.152212e+04	594.73	1370.55	5.553756e-02	706.56	0.183340	0.786645	0.001028	0.000001	0.000000	0.000000	0.028970	0.000000	0.000000	0.000016	0.000000	0.000000	0.000000	132.131092	4.000000	0.000146
1114	0.841724	2.152212e+04	594.73	1370.55	5.553756e-02	706.56	0.183340	0.786645	0.001028	0.000001	0.000000	0.000000	0.028970	0.000000	0.000000	0.000016	0.000000	0.000000	0.000000	132.131092	4.000000	0.000146
1115	0.841724	2.152212e+04	594.73	1370.55	5.553756e-02	706.56	0.183340	0.786645	0.001028	0.000001	0.000000	0.000000	0.028970	0.000000	0.000000	0.000016	0.000000	0.000000	0.000000	132.131092	4.000000	0.000146
1116	0.841724	2.152212e+04	594.73	1370.55	5.553756e-02	706.56	0.183340	0.786645	0.001028	0.000001	0.000000	0.000000	0.028970	0.000000	0.000000	0.000016	0.000000	0.000000	0.000000	132.131092	4.000000	0.000146
1117	0.841724	2.152212e+04	594.73	1370.55	5.553756e-02	706.56	0.183340	0.786645	0.001028	0.000001	0.000000	0.000000	0.028970	0.000000	0.000000	0.000016	0.000000	0.000000	0.000000	132.131092	4.000000	0.000146
1118	0.841724	2.152212e+04	594.73	1370.55	5.553756e-02	706.56	0.183340	0.786645	0.001028	0.000001	0.000000	0.000000	0.028970	0.000000	0.000000	0.000016	0.000000	0.000000	0.000000	132.131092	4.000000	0.000146
1119	0.841724	2.152212e+04	594.73	1370.55	5.553756e-02	706.56	0.183340	0.786645	0.001028	0.000001	0.000000	0.000000	0.028970	0.000000	0.000000	0.000016	0.000000	0.000000	0.000000	132.131092	4.000000	0.000146
1120	0.841724	2.152212e+04	594.73	1370.55	5.553756e-02	706.56	0.183340	0.786645	0.001028	0.000001	0.000000	0.000000	0.028970	0.000000	0.000000	0.000016	0.000000	0.000000	0.000000	132.131092	4.000000	0.000146
1121	0.841724	2.152212e+04	594.73	1370.55	5.553756e-02	706.56	0.183340	0.786645	0.001028	0.000001	0.000000	0.000000	0.028970	0.000000	0.000000	0.000016	0.000000	0.000000	0.000000	132.131092	4.000000	0.000146
1122	0.841724	2.152212e+04	594.73	1370.55	5.553756e-02	706.56	0.183340	0.786645	0.001028	0.000001	0.000000	0.000000	0.028970	0.000000	0.000000	0.000016	0.000000	0.000000	0.000000	132.131092	4.000000	0.000146
1123	0.841724	2.152212e+04	594.73	1370.55	5.553756e-02	706.56	0.183340	0.786645	0.001028	0.000001	0.000000	0.000000	0.028970	0.000000	0.000000	0.000016	0.000000	0.000000	0.000000	132.131092	4.000000	0.000146
1124	0.841724	2.152212e+04	594.73	1370.55	5.553756e-02	706.56	0.183340	0.786645	0.001028	0.000001	0.000000	0.000000	0.028970	0.000000	0.000000	0.000016	0.000000	0.000000	0.000000	132.131094	4.000000	0.000146
1125	0.841729	2.152200e+04	594.73	1370.55	5.553732e-02	706.56	0.183340	0.786645	0.001028	0.000001	0.000000	0.000000	0.028970	0.000000	0.000000	0.000016	0.000000	0.000000	0.000000	132.131092	4.000000	0.000146
1126	0.845954	2.141978e+04	597.83	1371.37	5.524984e-02	706.69	0.183156	0.786645	0.001004	0.000001	0.000000	0.000000	0.029177	0.000000	0.000000	0.000016	0.000000	0.000000	0.000000	132.131092	4.000000	0.000147
1127	0.845906	2.142079e+04	597.80	1371.38	5.525160e-02	706.70	0.183156	0.786645	0.001004	0.000001	0.000000	0.000000	0.029177	0.000000	0.000000	0.000016	0.000000	0.000000	0.000000	132.131092	4.000000	0.000147
1128	0.845958	2.141971e+04	597.83	1371.37	5.524968e-02	706.69	0.183156	0.786645	0.001004	0.000001	0.000000	0.000000	0.029177	0.000000	0.000000	0.000016	0.000000	0.000000	0.000000	132.131092	4.000000	0.000147
1129	0.850222	2.131696e+04	600.94	1372.12	5.496349e-02	706.81	0.182976	0.786645	0.000982	0.000001	0.000000	0.000000	0.029380	0.000000	0.000000	0.000015	0.000000	0.000000	0.000000	132.131092	4.000000	0.000148
1130	0.850134	2.131880e+04	600.89	1372.15	5.496678e-02	706.81	0.182976	0.786645	0.000982	0.000001	0.000000	0.000000	0.029380	0.000000	0.000000	0.000015	0.000000	0.000000	0.000000	132.131092	4.000000	0.000148
1131	0.850243	2.131652e+04	600.96	1372.11	5.496267e-02	706.80	0.182976	0.786645	0.000982	0.000001	0.000000	0.000000	0.029380	0.000000	0.000000	0.000015	0.000000	0.000000	0.000000	132.131092	4.000000	0.000148
1132	0.850222	2.131696e+04	600.94	1372.12	5.496349e-02	706.81	0.182976	0.786645	0.000982	0.000001	0.000000	0.000000	0.029380	0.000000	0.000000	0.000015	0.000000	0.000000	0.000000	132.131092	4.000000	0.000148
1133	0.850222	2.131696e+04	600.94	1372.12	5.496349e-02	706.81	0.182976	0.786645	0.000982	0.000001	0.000000	0.000000	0.029380	0.000000	0.000000	0.000015	0.000000	0.000000	0.000000	132.131092	4.000000	0.000148
1134	0.850222	2.131696e+04	600.94	1372.12	5.496349e-02	706.81	0.182976	0.786645	0.000982	0.000001	0.000000	0.000000	0.029380	0.000000	0.000000	0.000015	0.000000	0.000000	0.000000	132.131092	4.000000	0.000148
1135	0.850222	2.131696e+04	600.94	1372.12	5.496349e-02	706.81	0.182976	0.786645	0.000982	0.000001	0.000000	0.000000	0.029380	0.000000	0.000000	0.000015	0.000000	0.000000	0.000000	132.131092	4.000000	0.000148
1136	0.850222	2.131696e+04	600.94	1372.12	5.496349e-02	706.81	0.182976	0.786645	0.000982	0.000001	0.000000	0.000000	0.029380	0.000000	0.000000	0.000015	0.000000	0.000000	0.000000	132.131092	4.000000	0.000148
1137	0.850222	2.131696e+04	600.94	1372.12	5.496349e-02	706.81	0.182976	0.786645	0.000982	0.000001	0.000000	0.000000	0.029380	0.000000	0.000000	0.000015	0.000000	0.000000	0.000000	132.131092	4.000000	0.000148
1138	0.850222	2.131696e+04	600.94	1372.12	5.496349e-02	706.81	0.182976	0.786645	0.000982	0.000001	0.000000	0.000000	0.029380	0.000000	0.000000	0.000015	0.000000	0.000000	0.000000	132.131092	4.000000	0.000148
1139	0.850222	2.131696e+04	600.94	1372.12	5.496349e-02	706.81	0.182976	0.786645	0.000982	0.000001	0.000000	0.000000	0.029380	0.000000	0.000000	0.000015	0.000000	0.000000	0.000000	132.131092	4.000000	0.000148
1140	0.850222	2.131696e+04	600.94	1372.12	5.496349e-02	706.81	0.182976	0.786645	0.000982	0.000001	0.000000	0.000000	0.029380	0.000000	0.000000	0.000015	0.000000	0.000000	0.000000	132.131092	4.000000	0.000148
1141	0.850222	2.131696e+04	600.94	1372.12	5.496349e-02	706.81	0.182976	0.786645	0.000982	0.000001	0.000000	0.000000	0.029380	0.000000	0.000000	0.000015	0.000000	0.000000	0.000000	132.131092	4.000000	0.000148
1142	0.850222	2.131696e+04	600.94	1372.12	5.496349e-02	706.81	0.182976	0.786645	0.000982	0.000001	0.000000	0.000000	0.029380	0.000000	0.000000	0.000015	0.000000	0.000000	0.000000	132.131092	4.000000	0.000148
1143	0.850222	2.131696e+04	600.94	1372.12	5.496349e-02	706.81	0.182976	0.786645	0.000982	0.000001	0.000000	0.000000	0.029380	0.000000	0.000000	0.000015	0.000000	0.000000	0.000000	132.131092	4.000000	0.000148
1144	0.850222	2.131696e+04	600.94	1372.12	5.496349e-02	706.81	0.182976	0.786645	0.000982	0.000001	0.000000	0.000000	0.029380	0.000000	0.000000	0.000015	0.000000	0.000000	0.000000	132.131092	4.000000	0.000148
1145	0.850222	2.131696e+04	600.94	1372.12	5.496349e-02	706.81	0.182976	0.786645	0.000982	0.000001	0.000000	0.000000	0.029380	0.000000	0.000000	0.000015	0.000000	0.000000	0.000000	132.131092	4.000000	0.000148
1146	0.850222	2.131696e+04	600.94	1372.12	5.496349e-02	706.81	0.182976	0.786645	0.000982	0.000001	0.000000	0.000000	0.029380	0.000000	0.000000	0.000015	0.000000	0.000000	0.000000	132.131092	4.000000	0.000148
1147	0.850222	2.131696e+04	600.94	1372.12	5.496349e-02	706.81	0.182976	0.786645	0.000982	0.000001	0.000000	0.000000	0.029380	0.000000	0.000000	0.000015	0.000000	0.000000	0.000000	132.131092	4.000000	0.000148
1148	0.850222	2.131696e+04	600.94	1372.12	5.496349e-02	706.81	0.182976	0.786645	0.000982	0.000001	0.000000	0.000000	0.029380	0.000000	0.000000	0.000015	0.000000	0.000000	0.000000	132.131092	4.000000	0.000148
1149	0.850222	2.131696e+04	600.94	1372.12	5.496349e-02	706.81	0.182976	0.786645	0.000982	0.000001	0.000000	0.000000	0.029380	0.000000	0.000000	0.000015	0.000000	0.000000	0.000000	132.131092	4.000000	0.000148
1150	0.850222	2.131696e+04	600.94	1372.12	5.496349e-02	706.81	0.182976	0.786645	0.000982	0.000001	0.000000	0.000000	0.029380	0.000000	0.000000	0.000015	0.000000	0.000000	0.000000	132.131092	4.000000	0.000148
1151	0.850222	2.131696e+04	600.94	1372.12	5.496349e-02	706.81	0.182976	0.786645	0.000982	0.000001	0.000000	0.000000	0.029380	0.000000	0.000000	0.000015	0.000000	0.000000	0.000000	132.131092	4.000000	0.000148
1152	0.850222	2.131696e+04	600.94	1372.12	5.496349e-02	706.81	0.182976	0.786645	0.000982	0.000001	0.000000	0.000000	0.029380	0.000000	0.000000	0.000015	0.000000	0.000000	0.000000	132.131094	4.000000	0.000148
1153	0.850228	2.131683e+04	600.95	1372.12	5.496322e-02	706.81	0.182976	0.786645	0.000982	0.000001	0.000000	0.000000	0.029380	0.000000	0.000000	0.000015	0.000000	0.000000	0.000000	132.131092	4.000000	0.000148
1154	0.854553	2.121310e+04	604.09	1372.80	5.467751e-02	706.90	0.182800	0.786645	0.000960	0.000001	0.000000	0.000000	0.029579	0.000000	0.000000	0.000015	0.000000	0.000000	0.000000	132.131092	4.000000	0.000149
1155	0.854503	2.121414e+04	604.05	1372.82	5.467936e-02	706.91	0.182800	0.786645	0.000960	0.000001	0.000000	0.000000	0.029579	0.000000	0.000000	0.000015	0.000000	0.000000	0.000000	132.131092	4.000000	0.000149
1156	0.854557	2.121302e+04	604.09	1372.80	5.467732e-02	706.90	0.182800	0.786645	0.000960	0.000001	0.000000	0.000000	0.029579	0.000000	0.000000	0.000015	0.000000	0.000000	0.000000	132.131092	4.000000	0.000149
1157	0.858928	2.110863e+04	607.25	1373.41	5.439259e-02	706.98	0.182628	0.786645	0.000938	0.000001	0.000000	0.000000	0.029772	0.000000	0.000000	0.000015	0.000000	0.000000	0.000000	132.131092	4.000000	0.000150
1158	0.858836	2.111054e+04	607.19	1373.44	5.439604e-02	706.99	0.182628	0.786645	0.000938	0.000001	0.000000	0.000000	0.029773	0.000000	0.000000	0.000015	0.000000	0.000000	0.000000	132.131092	4.000000	0.000150
1159	0.858951	2.110814e+04	607.26	1373.40	5.439166e-02	706.98	0.182628	0.786645	0.000938	0.000001	0.000000	0.000000	0.029772	0.000000	0.000000	0.000015	0.000000	0.000000	0.000000	132.131092	4.000000	0.000150
1160	0.858928	2.110863e+04	607.25	1373.41	5.439259e-02	706.98	0.182628	0.786645	0.000938	0.000001	0.000000	0.000000	0.029772	0.000000	0.000000	0.000015	0.000000	0.000000	0.000000	132.131092	4.000000	0.000150
1161	0.858928	2.110863e+04	607.25	1373.41	5.439259e-02	706.98	0.182628	0.786645	0.000938	0.000001	0.000000	0.000000	0.029772	0.000000	0.000000	0.000015	0.000000	0.000000	0.000000	132.131092	4.000000	0.000150
1162	0.858928	2.110863e+04	607.25	1373.41	5.439259e-02	706.98	0.182628	0.786645	0.000938	0.000001	0.000000	0.000000	0.029772	0.000000	0.000000	0.000015	0.000000	0.000000	0.000000	132.131092	4.000000	0.000150
1163	0.858928	2.110863e+04	607.25	1373.41	5.439259e-02	706.98	0.182628	0.786645	0.000938	0.000001	0.000000	0.000000	0.029772	0.000000	0.000000	0.000015	0.000000	0.000000	0.000000	132.131092	4.000000	0.000150
1164	0.858927	2.110863e+04	607.25	1373.41	5.439259e-02	706.98	0.182628	0.786645	0.000938	0.000001	0.000000	0.000000	0.029772	0.000000	0.000000	0.000015	0.000000	0.000000	0.000000	132.131092	4.000000	0.000150
1165	0.858928	2.110863e+04	607.25	1373.41	5.439259e-02	706.98	0.182628	0.786645	0.000938	0.000001	0.000000	0.000000	0.029772	0.000000	0.000000	0.000015	0.000000	0.000000	0.000000	132.131092	4.000000	0.000150
1166	0.858928	2.110863e+04	607.25	1373.41	5.439259e-02	706.98	0.182628	0.786645	0.000938	0.000001	0.000000	0.000000	0.029772	0.000000	0.000000	0.000015	0.000000	0.000000	0.000000	132.131092	4.000000	0.000150
1167	0.858928	2.110863e+04	607.25	1373.41	5.439259e-02	706.98	0.182628	0.786645	0.000938	0.000001	0.000000	0.000000	0.029772	0.000000	0.000000	0.000015	0.000000	0.000000	0.000000	132.131092	4.000000	0.000150
1168	0.858928	2.110863e+04	607.25	1373.41	5.439259e-02	706.98	0.182628	0.786645	0.000938	0.000001	0.000000	0.000000	0.029772	0.000000	0.000000	0.000015	0.000000	0.000000	0.000000	132.131092	4.000000	0.000150
1169	0.858928	2.110863e+04	607.25	1373.41	5.439259e-02	706.98	0.182628	0.786645	0.000938	0.000001	0.000000	0.000000	0.029772	0.000000	0.000000	0.000015	0.000000	0.000000	0.000000	132.131092	4.000000	0.000150
1170	0.858928	2.110863e+04	607.25	1373.41	5.439259e-02	706.98	0.182628	0.786645	0.000938	0.000001	0.000000	0.000000	0.029772	0.000000	0.000000	0.000015	0.000000	0.000000	0.000000	132.131092	4.000000	0.000150
1171	0.858928	2.110863e+04	607.25	1373.41	5.439259e-02	706.98	0.182628	0.786645	0.000938	0.000001	0.000000	0.000000	0.029772	0.000000	0.000000	0.000015	0.000000	0.000000	0.000000	132.131092	4.000000	0.000150
1172	0.858928	2.110863e+04	607.25	1373.41	5.439259e-02	706.98	0.182628	0.786645	0.000938	0.000001	0.000000	0.000000	0.029772	0.000000	0.000000	0.000015	0.000000	0.000000	0.000000	132.131092	4.000000	0.000150
1173	0.858928	2.110863e+04	607.25	1373.41	5.439259e-02	706.98	0.182628	0.786645	0.000938	0.000001	0.000000	0.000000	0.029772	0.000000	0.000000	0.000015	0.000000	0.000000	0.000000	132.131092	4.000000	0.000150
1174	0.858928	2.110863e+04	607.25	1373.41	5.439259e-02	706.98	0.182628	0.786645	0.000938	0.000001	0.000000	0.000000	0.029772	0.000000	0.000000	0.000015	0.000000	0.000000	0.000000	132.131092	4.000000	0.000150
1175	0.858928	2.110863e+04	607.25	1373.41	5.439259e-02	706.98	0.182628	0.786645	0.000938	0.000001	0.000000	0.000000	0.029772	0.000000	0.000000	0.000015	0.000000	0.000000	0.000000	132.131092	4.000000	0.000150
1176	0.858928	2.110863e+04	607.25	1373.41	5.439259e-02	706.98	0.182628	0.786645	0.000938	0.000001	0.000000	0.000000	0.029772	0.000000	0.000000	0.000015	0.000000	0.000000	0.000000	132.131092	4.000000	0.000150
1177	0.858928	2.110863e+04	607.25	1373.41	5.439259e-02	706.98	0.182628	0.786645	0.000938	0.000001	0.000000	0.000000	0.029772	0.000000	0.000000	0.000015	0.000000	0.000000	0.000000	132.131092	4.000000	0.000150
1178	0.858928	2.110863e+04	607.25	1373.41	5.439259e-02	706.98	0.182628	0.786645	0.000938	0.000001	0.000000	0.000000	0.029772	0.000000	0.000000	0.000015	0.000000	0.000000	0.000000	132.131092	4.000000	0.000150
1179	0.858928	2.110863e+04	607.25	1373.41	5.439259e-02	706.98	0.182628	0.786645	0.000938	0.000001	0.000000	0.000000	0.029772	0.000000	0.000000	0.000015	0.000000	0.000000	0.000000	132.131092	4.000000	0.000150
1180	0.858928	2.110863e+04	607.25	1373.41	5.439259e-02	706.98	0.182628	0.786645	0.000938	0.000001	0.000000	0.000000	0.029772	0.000000	0.000000	0.000015	0.000000	0.000000	0.000000	132.131094	4.000000	0.000150
1181	0.858935	2.110848e+04	607.25	1373.41	5.439226e-02	706.98	0.182628	0.786645	0.000938	0.000001	0.000000	0.000000	0.029772	0.000000	0.000000	0.000015	0.000000	0.000000	0.000000	132.131092	4.000000	0.000150
1182	0.863375	2.100294e+04	610.45	1373.94	5.410757e-02	707.05	0.182460	0.786645	0.000917	0.000001	0.000000	0.000000	0.029961	0.000000	0.000000	0.000014	0.000000	0.000000	0.000000	132.131092	4.000000	0.000151
1183	0.863323	2.100402e+04	610.42	1373.96	5.410954e-02	707.05	0.182460	0.786645	0.000917	0.000001	0.000000	0.000000	0.029961	0.000000	0.000000	0.000014	0.000000	0.000000	0.000000	132.131092	4.000000	0.000151
1184	0.863380	2.100284e+04	610.45	1373.94	5.410734e-02	707.05	0.182460	0.786645	0.000917	0.000001	0.000000	0.000000	0.029961	0.000000	0.000000	0.000014	0.000000	0.000000	0.000000	132.131092	4.000000	0.000151
1185	0.863375	2.100294e+04	610.45	1373.94	5.410757e-02	707.05	0.182460	0.786645	0.000917	0.000001	0.000000	0.000000	0.029961	0.000000	0.000000	0.000014	0.000000	0.000000	0.000000	132.131092	4.000000	0.000151
1186	0.863375	2.100294e+04	610.45	1373.94	5.410757e-02	707.05	0.182460	0.786645	0.000917	0.000001	0.000000	0.000000	0.029961	0.000000	0.000000	0.000014	0.000000	0.000000	0.000000	132.131092	4.000000	0.000151
1187	0.863375	2.100294e+04	610.45	1373.94	5.410757e-02	707.05	0.182460	0.786645	0.000917	0.000001	0.000000	0.000000	0.029961	0.000000	0.000000	0.000014	0.000000	0.000000	0.000000	132.131092	4.000000	0.000151
1188	0.863375	2.100294e+04	610.45	1373.94	5.410757e-02	707.05	0.182460	0.786645	0.000917	0.000001	0.000000	0.000000	0.029961	0.000000	0.000000	0.000014	0.000000	0.000000	0.000000	132.131092	4.000000	0.000151
1189	0.863375	2.100294e+04	610.45	1373.94	5.410757e-02	707.05	0.182460	0.786645	0.000917	0.000001	0.000000	0.000000	0.029961	0.000000	0.000000	0.000014	0.000000	0.000000	0.000000	132.131092	4.000000	0.000151
1190	0.863375	2.100294e+04	610.45	1373.94	5.410757e-02	707.05	0.182460	0.786645	0.000917	0.000001	0.000000	0.000000	0.029961	0.000000	0.000000	0.000014	0.000000	0.000000	0.000000	132.131092	4.000000	0.000151
1191	0.863375	2.100294e+04	610.45	1373.94	5.410757e-02	707.05	0.182460	0.786645	0.000917	0.000001	0.000000	0.000000	0.029961	0.000000	0.000000	0.000014	0.000000	0.000000	0.000000	132.131092	4.000000	0.000151
1192	0.863375	2.100294e+04	610.45	1373.94	5.410757e-02	707.05	0.182460	0.786645	0.000917	0.000001	0.000000	0.000000	0.029961	0.000000	0.000000	0.000014	0.000000	0.000000	0.000000	132.131092	4.000000	0.000151
1193	0.863375	2.100294e+04	610.45	1373.94	5.410757e-02	707.05	0.182460	0.786645	0.000917	0.000001	0.000000	0.000000	0.029961	0.000000	0.000000	0.000014	0.000000	0.000000	0.000000	132.131092	4.000000	0.000151
1194	0.863375	2.100294e+04	610.45	1373.94	5.410757e-02	707.05	0.182460	0.786645	0.000917	0.000001	0.000000	0.000000	0.029961	0.000000	0.000000	0.000014	0.000000	0.000000	0.000000	132.131092	4.000000	0.000151
1195	0.863375	2.100294e+04	610.45	1373.94	5.410757e-02	707.05	0.182460	0.786645	0.000917	0.000001	0.000000	0.000000	0.029961	0.000000	0.000000	0.000014	0.000000	0.000000	0.000000	132.131092	4.000000	0.000151
1196	0.863375	2.100294e+04	610.45	1373.94	5.410757e-02	707.05	0.182460	0.786645	0.000917	0.000001	0.000000	0.000000	0.029961	0.000000	0.000000	0.000014	0.000000	0.000000	0.000000	132.131092	4.000000	0.000151
1197	0.863375	2.100294e+04	610.45	1373.94	5.410757e-02	707.05	0.182460	0.786645	0.000917	0.000001	0.000000	0.000000	0.029961	0.000000	0.000000	0.000014	0.000000	0.000000	0.000000	132.131092	4.000000	0.000151
1198	0.863375	2.100294e+04	610.45	1373.94	5.410757e-02	707.05	0.182460	0.786645	0.000917	0.000001	0.000000	0.000000	0.029961	0.000000	0.000000	0.000014	0.000000	0.000000	0.000000	132.131092	4.000000	0.000151
1199	0.863375	2.100294e+04	610.45	1373.94	5.410757e-02	707.05	0.182460	0.786645	0.000917	0.000001	0.000000	0.000000	0.029961	0.000000	0.000000	0.000014	0.000000	0.000000	0.000000	132.131092	4.000000	0.000151
1200	0.863375	2.100294e+04	610.45	1373.94	5.410757e-02	707.05	0.182460	0.786645	0.000917	0.000001	0.000000	0.000000	0.029961	0.000000	0.000000	0.000014	0.000000	0.000000	0.000000	132.131092	4.000000	0.000151
1201	0.863375	2.100294e+04	610.45	1373.94	5.410757e-02	707.05	0.182460	0.786645	0.000917	0.000001	0.000000	0.000000	0.029961	0.000000	0.000000	0.000014	0.000000	0.000000	0.000000	132.131092	4.000000	0.000151
1202	0.863375	2.100294e+04	610.45	1373.94	5.410757e-02	707.05	0.182460	0.786645	0.000917	0.000001	0.000000	0.000000	0.029961	0.000000	0.000000	0.000014	0.000000	0.000000	0.000000	132.131092	4.000000	0.000151
1203	0.863375	2.100294e+04	610.45	1373.94	5.410757e-02	707.05	0.182460	0.786645	0.000917	0.000001	0.000000	0.000000	0.029961	0.000000	0.000000	0.000014	0.000000	0.000000	0.000000	132.131092	4.000000	0.000151
1204	0.863375	2.100294e+04	610.45	1373.94	5.410757e-02	707.05	0.182460	0.786645	0.000917	0.000001	0.000000	0.000000	0.029961	0.000000	0.000000	0.000014	0.000000	0.000000	0.000000	132.131092	4.000000	0.000151
1205	0.863375	2.100294e+04	610.45	1373.94	5.410757e-02	707.05	0.182460	0.786645	0.000917	0.000001	0.000000	0.000000	0.029961	0.000000	0.000000	0.000014	0.000000	0.000000	0.000000	132.131094	4.000000	0.000151
1206	0.863378	2.100287e+04	610.45	1373.94	5.410741e-02	707.05	0.182460	0.786645	0.000917	0.000001	0.000000	0.000000	0.029961	0.000000	0.000000	0.000014	0.000000	0.000000	0.000000	132.131092	4.000000	0.000151
1207	0.867882	2.089630e+04	613.68	1374.40	5.382292e-02	707.10	0.182297	0.786645	0.000897	0.000001	0.000000	0.000000	0.030146	0.000000	0.000000	0.000014	0.000000	0.000000	0.000000	132.131092	4.000000	0.000152
1208	0.867831	2.089737e+04	613.64	1374.42	5.382487e-02	707.10	0.182297	0.786645	0.000897	0.000001	0.000000	0.000000	0.030146	0.000000	0.000000	0.000014	0.000000	0.000000	0.000000	132.131092	4.000000	0.000152
1209	0.867888	2.089616e+04	613.68	1374.40	5.382263e-02	707.10	0.182297	0.786645	0.000897	0.000001	0.000000	0.000000	0.030146	0.000000	0.000000	0.000014	0.000000	0.000000	0.000000	132.131092	4.000000	0.000152
1210	0.867882	2.089630e+04	613.68	1374.40	5.382292e-02	707.10	0.182297	0.786645	0.000897	0.000001	0.000000	0.000000	0.030146	0.000000	0.000000	0.000014	0.000000	0.000000	0.000000	132.131092	4.000000	0.000152
1211	0.867882	2.089630e+04	613.68	1374.40	5.382292e-02	707.10	0.182297	0.786645	0.000897	0.000001	0.000000	0.000000	0.030146	0.000000	0.000000	0.000014	0.000000	0.000000	0.000000	132.131092	4.000000	0.000152
1212	0.867882	2.089630e+04	613.68	1374.40	5.382292e-02	707.10	0.182297	0.786645	0.000897	0.000001	0.000000	0.000000	0.030146	0.000000	0.000000	0.000014	0.000000	0.000000	0.000000	132.131092	4.000000	0.000152
1213	0.867882	2.089630e+04	613.68	1374.40	5.382292e-02	707.10	0.182297	0.786645	0.000897	0.000001	0.000000	0.000000	0.030146	0.000000	0.000000	0.000014	0.000000	0.000000	0.000000	132.131092	4.000000	0.000152
1214	0.867882	2.089630e+04	613.68	1374.40	5.382292e-02	707.10	0.182297	0.786645	0.000897	0.000001	0.000000	0.000000	0.030146	0.000000	0.000000	0.000014	0.000000	0.000000	0.000000	132.131092	4.000000	0.000152
1215	0.867882	2.089630e+04	613.68	1374.40	5.382292e-02	707.10	0.182297	0.786645	0.000897	0.000001	0.000000	0.000000	0.030146	0.000000	0.000000	0.000014	0.000000	0.000000	0.000000	132.131092	4.000000	0.000152
1216	0.867882	2.089630e+04	613.68	1374.40	5.382292e-02	707.10	0.182297	0.786645	0.000897	0.000001	0.000000	0.000000	0.030146	0.000000	0.000000	0.000014	0.000000	0.000000	0.000000	132.131092	4.000000	0.000152
1217	0.867882	2.089630e+04	613.68	1374.40	5.382292e-02	707.10	0.182297	0.786645	0.000897	0.000001	0.000000	0.000000	0.030146	0.000000	0.000000	0.000014	0.000000	0.000000	0.000000	132.131092	4.000000	0.000152
1218	0.867882	2.089630e+04	613.68	1374.40	5.382292e-02	707.10	0.182297	0.786645	0.000897	0.000001	0.000000	0.000000	0.030146	0.000000	0.000000	0.000014	0.000000	0.000000	0.000000	132.131092	4.000000	0.000152
1219	0.867882	2.089630e+04	613.68	1374.40	5.382292e-02	707.10	0.182297	0.786645	0.000897	0.000001	0.000000	0.000000	0.030146	0.000000	0.000000	0.000014	0.000000	0.000000	0.000000	132.131092	4.000000	0.000152
1220	0.867882	2.089630e+04	613.68	1374.40	5.382292e-02	707.10	0.182297	0.786645	0.000897	0.000001	0.000000	0.000000	0.030146	0.000000	0.000000	0.000014	0.000000	0.000000	0.000000	132.131092	4.000000	0.000152
1221	0.867882	2.089630e+04	613.68	1374.40	5.382292e-02	707.10	0.182297	0.786645	0.000897	0.000001	0.000000	0.000000	0.030146	0.000000	0.000000	0.000014	0.000000	0.000000	0.000000	132.131092	4.000000	0.000152
1222	0.867882	2.089630e+04	613.68	1374.40	5.382292e-02	707.10	0.182297	0.786645	0.000897	0.000001	0.000000	0.000000	0.030146	0.000000	0.000000	0.000014	0.000000	0.000000	0.000000	132.131092	4.000000	0.000152
1223	0.867882	2.089630e+04	613.68	1374.40	5.382292e-02	707.10	0.182297	0.786645	0.000897	0.000001	0.000000	0.000000	0.030146	0.000000	0.000000	0.000014	0.000000	0.000000	0.000000	132.131092	4.000000	0.000152
1224	0.867882	2.089630e+04	613.68	1374.40	5.382292e-02	707.10	0.182297	0.786645	0.000897	0.000001	0.000000	0.000000	0.030146	0.000000	0.000000	0.000014	0.000000	0.000000	0.000000	132.131092	4.000000	0.000152
1225	0.867882	2.089630e+04	613.68	1374.40	5.382292e-02	707.10	0.182297	0.786645	0.000897	0.000001	0.000000	0.000000	0.030146	0.000000	0.000000	0.000014	0.000000	0.000000	0.000000	132.131092	4.000000	0.000152
1226	0.867882	2.089630e+04	613.68	1374.40	5.382292e-02	707.10	0.182297	0.786645	0.000897	0.000001	0.000000	0.000000	0.030146	0.000000	0.000000	0.000014	0.000000	0.000000	0.000000	132.131092	4.000000	0.000152
1227	0.867882	2.089630e+04	613.68	1374.40	5.382292e-02	707.10	0.182297	0.786645	0.000897	0.000001	0.000000	0.000000	0.030146	0.000000	0.000000	0.000014	0.000000	0.000000	0.000000	132.131092	4.000000	0.000152
1228	0.867882	2.089630e+04	613.68	1374.40	5.382292e-02	707.10	0.182297	0.786645	0.000897	0.000001	0.000000	0.000000	0.030146	0.000000	0.000000	0.000014	0.000000	0.000000	0.000000	132.131092	4.000000	0.000152
1229	0.867882	2.089630e+04	613.68	1374.40	5.382292e-02	707.10	0.182297	0.786645	0.000897	0.000001	0.000000	0.000000	0.030146	0.000000	0.000000	0.000014	0.000000	0.000000	0.000000	132.131092	4.000000	0.000152
1230	0.867882	2.089630e+04	613.68	1374.40	5.382292e-02	707.10	0.182297	0.786645	0.000897	0.000001	0.000000	0.000000	0.030146	0.000000	0.000000	0.000014	0.000000	0.000000	0.000000	132.131094	4.000000	0.000152
1231	0.867886	2.089620e+04	613.68	1374.40	5.382270e-02	707.10	0.182297	0.786645	0.000897	0.000001	0.000000	0.000000	0.030146	0.000000	0.000000	0.000014	0.000000	0.000000	0.000000	132.131092	4.000000	0.000152
1232	0.872461	2.078846e+04	616.94	1374.79	5.353812e-02	707.13	0.182138	0.786645	0.000877	0.000001	0.000000	0.000000	0.030325	0.000000	0.000000	0.000013	0.000000	0.000000	0.000000	132.131092	4.000000	0.000153
1233	0.872408	2.078956e+04	616.91	1374.80	5.354014e-02	707.13	0.182138	0.786645	0.000877	0.000001	0.000000	0.000000	0.030325	0.000000	0.000000	0.000013	0.000000	0.000000	0.000000	132.131092	4.000000	0.000153
1234	0.872469	2.078830e+04	616.95	1374.78	5.353778e-02	707.13	0.182138	0.786645	0.000877	0.000001	0.000000	0.000000	0.030325	0.000000	0.000000	0.000013	0.000000	0.000000	0.000000	132.131092	4.000000	0.000153
1235	0.872461	2.078846e+04	616.94	1374.79	5.353812e-02	707.13	0.182138	0.786645	0.000877	0.000001	0.000000	0.000000	0.030325	0.000000	0.000000	0.000013	0.000000	0.000000	0.000000	132.131092	4.000000	0.000153
1236	0.872461	2.078846e+04	616.94	1374.79	5.353812e-02	707.13	0.182138	0.786645	0.000877	0.000001	0.000000	0.000000	0.030325	0.000000	0.000000	0.000013	0.000000	0.000000	0.000000	132.131092	4.000000	0.000153
1237	0.872461	2.078846e+04	616.94	1374.79	5.353812e-02	707.13	0.182138	0.786645	0.000877	0.000001	0.000000	0.000000	0.030325	0.000000	0.000000	0.000013	0.000000	0.000000	0.000000	132.131092	4.000000	0.000153
1238	0.872461	2.078846e+04	616.94	1374.79	5.353812e-02	707.13	0.182138	0.786645	0.000877	0.000001	0.000000	0.000000	0.030325	0.000000	0.000000	0.000013	0.000000	0.000000	0.000000	132.131092	4.000000	0.000153
1239	0.872461	2.078846e+04	616.94	1374.79	5.353812e-02	707.13	0.182138	0.786645	0.000877	0.000001	0.000000	0.000000	0.030325	0.000000	0.000000	0.000013	0.000000	0.000000	0.000000	132.131092	4.000000	0.000153
1240	0.872461	2.078846e+04	616.94	1374.79	5.353812e-02	707.13	0.182138	0.786645	0.000877	0.000001	0.000000	0.000000	0.030325	0.000000	0.000000	0.000013	0.000000	0.000000	0.000000	132.131092	4.000000	0.000153
1241	0.872461	2.078846e+04	616.94	1374.79	5.353812e-02	707.13	0.182138	0.786645	0.000877	0.000001	0.000000	0.000000	0.030325	0.000000	0.000000	0.000013	0.000000	0.000000	0.000000	132.131092	4.000000	0.000153
1242	0.872461	2.078846e+04	616.94	1374.79	5.353812e-02	707.13	0.182138	0.786645	0.000877	0.000001	0.000000	0.000000	0.030325	0.000000	0.000000	0.000013	0.000000	0.000000	0.000000	132.131092	4.000000	0.000153
1243	0.872461	2.078846e+04	616.94	1374.79	5.353812e-02	707.13	0.182138	0.786645	0.000877	0.000001	0.000000	0.000000	0.030325	0.000000	0.000000	0.000013	0.000000	0.000000	0.000000	132.131092	4.000000	0.000153
1244	0.872461	2.078846e+04	616.94	1374.79	5.353812e-02	707.13	0.182138	0.786645	0.000877	0.000001	0.000000	0.000000	0.030325	0.000000	0.000000	0.000013	0.000000	0.000000	0.000000	132.131092	4.000000	0.000153
1245	0.872461	2.078846e+04	616.94	1374.79	5.353812e-02	707.13	0.182138	0.786645	0.000877	0.000001	0.000000	0.000000	0.030325	0.000000	0.000000	0.000013	0.000000	0.000000	0.000000	132.131092	4.000000	0.000153
1246	0.872461	2.078846e+04	616.94	1374.79	5.353812e-02	707.13	0.182138	0.786645	0.000877	0.000001	0.000000	0.000000	0.030325	0.000000	0.000000	0.000013	0.000000	0.000000	0.000000	132.131092	4.000000	0.000153
1247	0.872461	2.078846e+04	616.94	1374.79	5.353812e-02	707.13	0.182138	0.786645	0.000877	0.000001	0.000000	0.000000	0.030325	0.000000	0.000000	0.000013	0.000000	0.000000	0.000000	132.131092	4.000000	0.000153
1248	0.872461	2.078846e+04	616.94	1374.79	5.353812e-02	707.13	0.182138	0.786645	0.000877	0.000001	0.000000	0.000000	0.030325	0.000000	0.000000	0.000013	0.000000	0.000000	0.000000	132.131092	4.000000	0.000153
1249	0.872461	2.078846e+04	616.94	1374.79	5.353812e-02	707.13	0.182138	0.786645	0.000877	0.000001	0.000000	0.000000	0.030325	0.000000	0.000000	0.000013	0.000000	0.000000	0.000000	132.131092	4.000000	0.000153
1250	0.872461	2.078846e+04	616.94	1374.79	5.353812e-02	707.13	0.182138	0.786645	0.000877	0.000001	0.000000	0.000000	0.030325	0.000000	0.000000	0.000013	0.000000	0.000000	0.000000	132.131092	4.000000	0.000153
1251	0.872461	2.078846e+04	616.94	1374.79	5.353812e-02	707.13	0.182138	0.786645	0.000877	0.000001	0.000000	0.000000	0.030325	0.000000	0.000000	0.000013	0.000000	0.000000	0.000000	132.131092	4.000000	0.000153
1252	0.872461	2.078846e+04	616.94	1374.79	5.353812e-02	707.13	0.182138	0.786645	0.000877	0.000001	0.000000	0.000000	0.030325	0.000000	0.000000	0.000013	0.000000	0.000000	0.000000	132.131092	4.000000	0.000153
1253	0.872461	2.078846e+04	616.94	1374.79	5.353812e-02	707.13	0.182138	0.786645	0.000877	0.000001	0.000000	0.000000	0.030325	0.000000	0.000000	0.000013	0.000000	0.000000	0.000000	132.131092	4.000000	0.000153
1254	0.872461	2.078846e+04	616.94	1374.79	5.353812e-02	707.13	0.182138	0.786645	0.000877	0.000001	0.000000	0.000000	0.030325	0.000000	0.000000	0.000013	0.000000	0.000000	0.000000	132.131092	4.000000	0.000153
1255	0.872461	2.078846e+04	616.94	1374.79	5.353812e-02	707.13	0.182138	0.786645	0.000877	0.000001	0.000000	0.000000	0.030325	0.000000	0.000000	0.000013	0.000000	0.000000	0.000000	132.131094	4.000000	0.000153
1256	0.872467	2.078834e+04	616.94	1374.78	5.353785e-02	707.13	0.182138	0.786645	0.000877	0.000001	0.000000	0.000000	0.030325	0.000000	0.000000	0.000013	0.000000	0.000000	0.000000	132.131092	4.000000	0.000153
1257	0.877119	2.067930e+04	620.25	1375.09	5.325287e-02	707.14	0.181983	0.786645	0.000858	0.000001	0.000000	0.000000	0.030500	0.000000	0.000000	0.000013	0.000000	0.000000	0.000000	132.131092	4.000000	0.000154
1258	0.877065	2.068043e+04	620.21	1375.11	5.325498e-02	707.14	0.181983	0.786645	0.000858	0.000001	0.000000	0.000000	0.030500	0.000000	0.000000	0.000013	0.000000	0.000000	0.000000	132.131092	4.000000	0.000154
1259	0.877128	2.067912e+04	620.25	1375.08	5.325248e-02	707.14	0.181983	0.786645	0.000858	0.000001	0.000000	0.000000	0.030500	0.000000	0.000000	0.000013	0.000000	0.000000	0.000000	132.131092	4.000000	0.000154
1260	0.877119	2.067930e+04	620.25	1375.09	5.325287e-02	707.14	0.181983	0.786645	0.000858	0.000001	0.000000	0.000000	0.030500	0.000000	0.000000	0.000013	0.000000	0.000000	0.000000	132.131092	4.000000	0.000154
1261	0.877119	2.067930e+04	620.25	1375.09	5.325287e-02	707.14	0.181983	0.786645	0.000858	0.000001	0.000000	0.000000	0.030500	0.000000	0.000000	0.000013	0.000000	0.000000	0.000000	132.131092	4.000000	0.000154
1262	0.877119	2.067930e+04	620.25	1375.09	5.325287e-02	707.14	0.181983	0.786645	0.000858	0.000001	0.000000	0.000000	0.030500	0.000000	0.000000	0.000013	0.000000	0.000000	0.000000	132.131092	4.000000	0.000154
1263	0.877119	2.067930e+04	620.25	1375.09	5.325287e-02	707.14	0.181983	0.786645	0.000858	0.000001	0.000000	0.000000	0.030500	0.000000	0.000000	0.000013	0.000000	0.000000	0.000000	132.131092	4.000000	0.000154
1264	0.877119	2.067930e+04	620.25	1375.09	5.325287e-02	707.14	0.181983	0.786645	0.000858	0.000001	0.000000	0.000000	0.030500	0.000000	0.000000	0.000013	0.000000	0.000000	0.000000	132.131092	4.000000	0.000154
1265	0.877119	2.067930e+04	620.25	1375.09	5.325287e-02	707.14	0.181983	0.786645	0.000858	0.000001	0.000000	0.000000	0.030500	0.000000	0.000000	0.000013	0.000000	0.000000	0.000000	132.131092	4.000000	0.000154
1266	0.877119	2.067930e+04	620.25	1375.09	5.325287e-02	707.14	0.181983	0.786645	0.000858	0.000001	0.000000	0.000000	0.030500	0.000000	0.000000	0.000013	0.000000	0.000000	0.000000	132.131092	4.000000	0.000154
1267	0.877119	2.067930e+04	620.25	1375.09	5.325287e-02	707.14	0.181983	0.786645	0.000858	0.000001	0.000000	0.000000	0.030500	0.000000	0.000000	0.000013	0.000000	0.000000	0.000000	132.131092	4.000000	0.000154
1268	0.877119	2.067930e+04	620.25	1375.09	5.325287e-02	707.14	0.181983	0.786645	0.000858	0.000001	0.000000	0.000000	0.030500	0.000000	0.000000	0.000013	0.000000	0.000000	0.000000	132.131092	4.000000	0.000154
1269	0.877119	2.067930e+04	620.25	1375.09	5.325287e-02	707.14	0.181983	0.786645	0.000858	0.000001	0.000000	0.000000	0.030500	0.000000	0.000000	0.000013	0.000000	0.000000	0.000000	132.131092	4.000000	0.000154
1270	0.877119	2.067930e+04	620.25	1375.09	5.325287e-02	707.14	0.181983	0.786645	0.000858	0.000001	0.000000	0.000000	0.030500	0.000000	0.000000	0.000013	0.000000	0.000000	0.000000	132.131092	4.000000	0.000154
1271	0.877119	2.067930e+04	620.25	1375.09	5.325287e-02	707.14	0.181983	0.786645	0.000858	0.000001	0.000000	0.000000	0.030500	0.000000	0.000000	0.000013	0.000000	0.000000	0.000000	132.131092	4.000000	0.000154
1272	0.877119	2.067930e+04	620.25	1375.09	5.325287e-02	707.14	0.181983	0.786645	0.000858	0.000001	0.000000	0.000000	0.030500	0.000000	0.000000	0.000013	0.000000	0.000000	0.000000	132.131092	4.000000	0.000154
1273	0.877119	2.067930e+04	620.25	1375.09	5.325287e-02	707.14	0.181983	0.786645	0.000858	0.000001	0.000000	0.000000	0.030500	0.000000	0.000000	0.000013	0.000000	0.000000	0.000000	132.131092	4.000000	0.000154
1274	0.877119	2.067930e+04	620.25	1375.09	5.325287e-02	707.14	0.181983	0.786645	0.000858	0.000001	0.000000	0.000000	0.030500	0.000000	0.000000	0.000013	0.000000	0.000000	0.000000	132.131092	4.000000	0.000154
1275	0.877119	2.067930e+04	620.25	1375.09	5.325287e-02	707.14	0.181983	0.786645	0.000858	0.000001	0.000000	0.000000	0.030500	0.000000	0.000000	0.000013	0.000000	0.000000	0.000000	132.131092	4.000000	0.000154
1276	0.877119	2.067930e+04	620.25	1375.09	5.325287e-02	707.14	0.181983	0.786645	0.000858	0.000001	0.000000	0.000000	0.030500	0.000000	0.000000	0.000013	0.000000	0.000000	0.000000	132.131092	4.000000	0.000154
1277	0.877119	2.067930e+04	620.25	1375.09	5.325287e-02	707.14	0.181983	0.786645	0.000858	0.000001	0.000000	0.000000	0.030500	0.000000	0.000000	0.000013	0.000000	0.000000	0.000000	132.131092	4.000000	0.000154
1278	0.877119	2.067930e+04	620.25	1375.09	5.325287e-02	707.14	0.181983	0.786645	0.000858	0.000001	0.000000	0.000000	0.030500	0.000000	0.000000	0.000013	0.000000	0.000000	0.000000	132.131092	4.000000	0.000154
1279	0.877119	2.067930e+04	620.25	1375.09	5.325287e-02	707.14	0.181983	0.786645	0.000858	0.000001	0.000000	0.000000	0.030500	0.000000	0.000000	0.000013	0.000000	0.000000	0.000000	132.131092	4.000000	0.000154
1280	0.877119	2.067930e+04	620.25	1375.09	5.325287e-02	707.14	0.181983	0.786645	0.000858	0.000001	0.000000	0.000000	0.030500	0.000000	0.000000	0.000013	0.000000	0.000000	0.000000	132.131094	4.000000	0.000154
1281	0.877126	2.067916e+04	620.25	1375.09	5.325256e-02	707.14	0.181983	0.786645	0.000858	0.000001	0.000000	0.000000	0.030500	0.000000	0.000000	0.000013	0.000000	0.000000	0.000000	132.131092	4.000000	0.000154
1282	0.873623	2.076119e+04	617.77	1374.87	5.346662e-02	707.13	0.182098	0.786645	0.000872	0.000001	0.000000	0.000000	0.030369	0.000000	0.000000	0.000013	0.000000	0.000000	0.000000	132.131092	4.000000	0.000153
1283	0.873623	2.076119e+04	617.77	1374.87	5.346662e-02	707.13	0.182098	0.786645	0.000872	0.000001	0.000000	0.000000	0.030369	0.000000	0.000000	0.000013	0.000000	0.000000	0.000000	132.131092	4.000000	0.000153
1284	0.873623	2.076119e+04	617.77	1374.87	5.346662e-02	707.13	0.182098	0.786645	0.000872	0.000001	0.000000	0.000000	0.030369	0.000000	0.000000	0.000013	0.000000	0.000000	0.000000	132.131092	4.000000	0.000153
1285	0.873623	2.076119e+04	617.77	1374.87	5.346662e-02	707.13	0.182098	0.786645	0.000872	0.000001	0.000000	0.000000	0.030369	0.000000	0.000000	0.000013	0.000000	0.000000	0.000000	132.131092	4.000000	0.000153
1286	0.873623	2.076119e+04	617.77	1374.87	5.346662e-02	707.13	0.182098	0.786645	0.000872	0.000001	0.000000	0.000000	0.030369	0.000000	0.000000	0.000013	0.000000	0.000000	0.000000	132.131092	4.000000	0.000153
1287	0.873623	2.076119e+04	617.77	1374.87	5.346662e-02	707.13	0.182098	0.786645	0.000872	0.000001	0.000000	0.000000	0.030369	0.000000	0.000000	0.000013	0.000000	0.000000	0.000000	132.131092	4.000000	0.000153
1288	0.873623	2.076119e+04	617.77	1374.87	5.346662e-02	707.13	0.182098	0.786645	0.000872	0.000001	0.000000	0.000000	0.030369	0.000000	0.000000	0.000013	0.000000	0.000000	0.000000	132.131092	4.000000	0.000153
1289	0.873623	2.076119e+04	617.77	1374.87	5.346662e-02	707.13	0.182098	0.786645	0.000872	0.000001	0.000000	0.000000	0.030369	0.000000	0.000000	0.000013	0.000000	0.000000	0.000000	132.131092	4.000000	0.000153
1290	0.873623	2.076119e+04	617.77	1374.87	5.346662e-02	707.13	0.182098	0.786645	0.000872	0.000001	0.000000	0.000000	0.030369	0.000000	0.000000	0.000013	0.000000	0.000000	0.000000	132.131092	4.000000	0.000153
1291	0.873623	2.076119e+04	617.77	1374.87	5.346662e-02	707.13	0.182098	0.786645	0.000872	0.000001	0.000000	0.000000	0.030369	0.000000	0.000000	0.000013	0.000000	0.000000	0.000000	132.131092	4.000000	0.000153
1292	0.873623	2.076119e+04	617.77	1374.87	5.346662e-02	707.13	0.182098	0.786645	0.000872	0.000001	0.000000	0.000000	0.030369	0.000000	0.000000	0.000013	0.000000	0.000000	0.000000	132.131092	4.000000	0.000153
1293	0.873623	2.076119e+04	617.77	1374.87	5.346662e-02	707.13	0.182098	0.786645	0.000872	0.000001	0.000000	0.000000	0.030369	0.000000	0.000000	0.000013	0.000000	0.000000	0.000000	132.131092	4.000000	0.000153
1294	0.873623	2.076119e+04	617.77	1374.87	5.346662e-02	707.13	0.182098	0.786645	0.000872	0.000001	0.000000	0.000000	0.030369	0.000000	0.000000	0.000013	0.000000	0.000000	0.000000	132.131092	4.000000	0.000153
1295	0.873623	2.076119e+04	617.77	1374.87	5.346662e-02	707.13	0.182098	0.786645	0.000872	0.000001	0.000000	0.000000	0.030369	0.000000	0.000000	0.000013	0.000000	0.000000	0.000000	132.131092	4.000000	0.000153
1296	0.873623	2.076119e+04	617.77	1374.87	5.346662e-02	707.13	0.182098	0.786645	0.000872	0.000001	0.000000	0.000000	0.030369	0.000000	0.000000	0.000013	0.000000	0.000000	0.000000	132.131092	4.000000	0.000153
1297	0.873623	2.076119e+04	617.77	1374.87	5.346662e-02	707.13	0.182098	0.786645	0.000872	0.000001	0.000000	0.000000	0.030369	0.000000	0.000000	0.000013	0.000000	0.000000	0.000000	132.131092	4.000000	0.000153
1298	0.873623	2.076119e+04	617.77	1374.87	5.346662e-02	707.13	0.182098	0.786645	0.000872	0.000001	0.000000	0.000000	0.030369	0.000000	0.000000	0.000013	0.000000	0.000000	0.000000	132.131092	4.000000	0.000153
1299	0.873623	2.076119e+04	617.77	1374.87	5.346662e-02	707.13	0.182098	0.786645	0.000872	0.000001	0.000000	0.000000	0.030369	0.000000	0.000000	0.000013	0.000000	0.000000	0.000000	132.131092	4.000000	0.000153
1300	0.873623	2.076119e+04	617.77	1374.87	5.346662e-02	707.13	0.182098	0.786645	0.000872	0.000001	0.000000	0.000000	0.030369	0.000000	0.000000	0.000013	0.000000	0.000000	0.000000	132.131092	4.000000	0.000153
1301	0.873623	2.076119e+04	617.77	1374.87	5.346662e-02	707.13	0.182098	0.786645	0.000872	0.000001	0.000000	0.000000	0.030369	0.000000	0.000000	0.000013	0.000000	0.000000	0.000000	132.131092	4.000000	0.000153
1302	0.873623	2.076119e+04	617.77	1374.87	5.346662e-02	707.13	0.182098	0.786645	0.000872	0.000001	0.000000	0.000000	0.030369	0.000000	0.000000	0.000013	0.000000	0.000000	0.000000	132.131094	4.000000	0.000153
1303	0.872851	2.077932e+04	617.22	1374.81	5.351411e-02	707.13	0.182124	0.786645	0.000875	0.000001	0.000000	0.000000	0.030340	0.000000	0.000000	0.000013	0.000000	0.000000	0.000000	132.131092	4.000000	0.000153
1304	0.872603	2.078515e+04	617.04	1374.79	5.352945e-02	707.13	0.182133	0.786645	0.000876	0.000001	0.000000	0.000000	0.030331	0.000000	0.000000	0.000013	0.000000	0.000000	0.000000	132.131092	4.000000	0.000153
1305	0.872512	2.078728e+04	616.98	1374.79	5.353505e-02	707.13	0.182136	0.786645	0.000877	0.000001	0.000000	0.000000	0.030327	0.000000	0.000000	0.000013	0.000000	0.000000	0.000000	132.131092	4.000000	0.000153
1306	0.872494	2.078770e+04	616.96	1374.79	5.353617e-02	707.13	0.182137	0.786645	0.000877	0.000001	0.000000	0.000000	0.030326	0.000000	0.000000	0.000013	0.000000	0.000000	0.000000	132.131092	4.000000	0.000153
1307	0.872476	2.078813e+04	616.95	1374.78	5.353729e-02	707.13	0.182137	0.786645	0.000877	0.000001	0.000000	0.000000	0.030326	0.000000	0.000000	0.000013	0.000000	0.000000	0.000000	132.131092	4.000000	0.000153
1308	0.872472	2.078822e+04	616.95	1374.78	5.353751e-02	707.13	0.182137	0.786645	0.000877	0.000001	0.000000	0.000000	0.030326	0.000000	0.000000	0.000013	0.000000	0.000000	0.000000	132.131092	4.000000	0.000153
1309	0.872469	2.078830e+04	616.95	1374.78	5.353774e-02	707.13	0.182138	0.786645	0.000877	0.000001	0.000000	0.000000	0.030325	0.000000	0.000000	0.000013	0.000000	0.000000	0.000000	132.131092	4.000000	0.000153
1310	0.872467	2.078834e+04	616.94	1374.78	5.353785e-02	707.13	0.182138	0.786645	0.000877	0.000001	0.000000	0.000000	0.030325	0.000000	0.000000	0.000013	0.000000	0.000000	0.000000	132.131092	4.000000	0.000153
1311	0.872469	2.078829e+04	616.95	1374.78	5.353770e-02	707.13	0.182138	0.786645	0.000877	0.000001	0.000000	0.000000	0.030325	0.000000	0.000000	0.000013	0.000000	0.000000	0.000000	132.131092	4.000000	0.000153
1312	0.872469	2.078830e+04	616.95	1374.78	5.353774e-02	707.13	0.182138	0.786645	0.000877	0.000001	0.000000	0.000000	0.030325	0.000000	0.000000	0.000013	0.000000	0.000000	0.000000	132.131092	4.000000	0.000153
1313	0.872469	2.078829e+04	616.95	1374.78	5.353770e-02	707.13	0.182138	0.786645	0.000877	0.000001	0.000000	0.000000	0.030325	0.000000	0.000000	0.000013	0.000000	0.000000	0.000000	132.131092	4.000000	0.000153
1314	0.872469	2.078828e+04	616.95	1374.78	5.353769e-02	707.13	0.182138	0.786645	0.000877	0.000001	0.000000	0.000000	0.030325	0.000000	0.000000	0.000013	0.000000	0.000000	0.000000	132.131092	4.000000	0.000153
1315	0.872470	2.078828e+04	616.95	1374.78	5.353768e-02	707.13	0.182138	0.786645	0.000877	0.000001	0.000000	0.000000	0.030325	0.000000	0.000000	0.000013	0.000000	0.000000	0.000000	132.131092	4.000000	0.000153
1316	0.872470	2.078828e+04	616.95	1374.78	5.353768e-02	707.13	0.182138	0.786645	0.000877	0.000001	0.000000	0.000000	0.030325	0.000000	0.000000	0.000013	0.000000	0.000000	0.000000	132.131092	4.000000	0.000153
1317	0.872470	2.078828e+04	616.95	1374.78	5.353768e-02	707.13	0.182138	0.786645	0.000877	0.000001	0.000000	0.000000	0.030325	0.000000	0.000000	0.000013	0.000000	0.000000	0.000000	132.131092	4.000000	0.000154
1318	0.872470	2.078828e+04	616.95	1374.78	5.353768e-02	707.13	0.182138	0.786645	0.000877	0.000001	0.000000	0.000000	0.030325	0.000000	0.000000	0.000013	0.000000	0.000000	0.000000	132.131092	4.000000	0.000157
1319	0.872470	2.078827e+04	616.95	1374.78	5.353766e-02	707.13	0.182138	0.786645	0.000877	0.000001	0.000000	0.000000	0.030325	0.000000	0.000000	0.000013	0.000000	0.000000	0.000000	132.131092	4.000000	0.000197
1320	0.872473	2.078820e+04	616.95	1374.78	5.353751e-02	707.13	0.182138	0.786645	0.000877	0.000001	0.000000	0.000000	0.030325	0.000000	0.000000	0.000013	0.000000	0.000000	0.000000	132.131092	4.000000	0.000590
1321	0.872500	2.078747e+04	616.97	1374.77	5.353597e-02	707.12	0.182138	0.786645	0.000877	0.000001	0.000000	0.000000	0.030325	0.000000	0.000000	0.000013	0.000000	0.000000	0.000000	132.131092	4.000000	0.004526
1322	0.872777	2.078020e+04	617.14	1374.69	5.352062e-02	707.10	0.182138	0.786645	0.000877	0.000001	0.000000	0.000000	0.030325	0.000000	0.000000	0.000013	0.000000	0.000000	0.000000	132.131092	4.000000	0.043885
1323	0.874031	2.074729e+04	617.95	1374.30	5.345111e-02	707.01	0.182138	0.786645	0.000877	0.000001	0.000000	0.000000	0.030325	0.000000	0.000000	0.000013	0.000000	0.000000	0.000000	132.131092	4.000000	0.220918
1324	0.876278	2.068856e+04	619.38	1373.59	5.332710e-02	706.83	0.182138	0.786645	0.000877	0.000001	0.000000	0.000000	0.030325	0.000000	0.000000	0.000013	0.000000	0.000000	0.000000	132.131092	4.000000	0.532037
1325	0.876280	2.068852e+04	619.38	1373.59	5.332701e-02	706.83	0.182138	0.786645	0.000877	0.000001	0.000000	0.000000	0.030325	0.000000	0.000000	0.000013	0.000000	0.000000	0.000000	132.131092	4.000000	0.532037
1326	0.878584	2.062859e+04	620.86	1372.87	5.320053e-02	706.66	0.182138	0.786645	0.000877	0.000001	0.000000	0.000000	0.030325	0.000000	0.000000	0.000013	0.000000	0.000000	0.000000	132.131092	4.000000	0.843156
1327	0.880953	2.056731e+04	622.37	1372.12	5.307126e-02	706.47	0.182138	0.786645	0.000877	0.000001	0.000000	0.000000	0.030325	0.000000	0.000000	0.000013	0.000000	0.000000	0.000000	132.131092	4.000000	1.154274
1328	0.883388	2.050464e+04	623.92	1371.36	5.293911e-02	706.28	0.182138	0.786645	0.000877	0.000001	0.000000	0.000000	0.030325	0.000000	0.000000	0.000013	0.000000	0.000000	0.000000	132.131092	4.000000	1.465393
1329	0.885895	2.044047e+04	625.52	1370.57	5.280389e-02	706.09	0.182138	0.786645	0.000877	0.000001	0.000000	0.000000	0.030325	0.000000	0.000000	0.000013	0.000000	0.000000	0.000000	132.131092	4.000000	1.776512
1330	0.885900	2.044037e+04	625.52	1370.57	5.280368e-02	706.09	0.182138	0.786645	0.000877	0.000001	0.000000	0.000000	0.030325	0.000000	0.000000	0.000013	0.000000	0.000000	0.000000	132.131092	4.000000	1.776512
1331	0.888479	2.037470e+04	627.17	1369.75	5.266535e-02	705.89	0.182138	0.786645	0.000877	0.000001	0.000000	0.000000	0.030325	0.000000	0.000000	0.000013	0.000000	0.000000	0.000000	132.131092	4.000000	2.087631
1332	0.891146	2.030721e+04	628.86	1368.91	5.252324e-02	705.68	0.182138	0.786645	0.000877	0.000001	0.000000	0.000000	0.030325	0.000000	0.000000	0.000013	0.000000	0.000000	0.000000	132.131092	4.000000	2.398750
1333	0.893903	2.023783e+04	630.62	1368.03	5.237726e-02	705.46	0.182138	0.786645	0.000877	0.000001	0.000000	0.000000	0.030325	0.000000	0.000000	0.000013	0.000000	0.000000	0.000000	132.131092	4.000000	2.709869
1334	0.896759	2.016642e+04	632.43	1367.13	5.222706e-02	705.24	0.182138	0.786645	0.000877	0.000001	0.000000	0.000000	0.030325	0.000000	0.000000	0.000013	0.000000	0.000000	0.000000	132.131092	4.000000	3.020987
1335	0.899722	2.009276e+04	634.31	1366.18	5.207223e-02	705.01	0.182138	0.786645	0.000877	0.000001	0.000000	0.000000	0.030325	0.000000	0.000000	0.000013	0.000000	0.000000	0.000000	132.131092	4.000000	3.332106
1336	0.902805	2.001663e+04	636.26	1365.20	5.191232e-02	704.76	0.182138	0.786645	0.000877	0.000001	0.000000	0.000000	0.030325	0.000000	0.000000	0.000013	0.000000	0.000000	0.000000	132.131092	4.000000	3.643225
1337	0.906020	1.993777e+04	638.30	1364.17	5.174675e-02	704.51	0.182138	0.786645	0.000877	0.000001	0.000000	0.000000	0.030325	0.000000	0.000000	0.000013	0.000000	0.000000	0.000000	132.131092	4.000000	3.954344
1338	0.909384	1.985585e+04	640.43	1363.09	5.157488e-02	704.24	0.182138	0.786645	0.000877	0.000001	0.000000	0.000000	0.030325	0.000000	0.000000	0.000013	0.000000	0.000000	0.000000	132.131092	4.000000	4.265463
1339	0.909400	1.985553e+04	640.44	1363.09	5.157421e-02	704.24	0.182138	0.786645	0.000877	0.000001	0.000000	0.000000	0.030325	0.000000	0.000000	0.000013	0.000000	0.000000	0.000000	132.131092	4.000000	4.265463
1340	0.907779	1.989491e+04	639.41	1363.61	5.165683e-02	704.37	0.182138	0.786645	0.000877	0.000001	0.000000	0.000000	0.030325	0.000000	0.000000	0.000013	0.000000	0.000000	0.000000	132.131092	4.000000	4.117925
1341	0.907782	1.989484e+04	639.42	1363.61	5.165668e-02	704.37	0.182138	0.786645	0.000877	0.000001	0.000000	0.000000	0.030325	0.000000	0.000000	0.000013	0.000000	0.000000	0.000000	132.131092	4.000000	4.117925
1342	0.909571	1.985134e+04	640.55	1363.03	5.156544e-02	704.23	0.182138	0.786645	0.000877	0.000001	0.000000	0.000000	0.030325	0.000000	0.000000	0.000013	0.000000	0.000000	0.000000	132.131092	4.000000	4.281506
1343	0.911409	1.980683e+04	641.71	1362.44	5.147210e-02	704.08	0.182138	0.786645	0.000877	0.000001	0.000000	0.000000	0.030325	0.000000	0.000000	0.000013	0.000000	0.000000	0.000000	132.131092	4.000000	4.445087
1344	0.915484	1.970875e+04	644.28	1361.13	5.126655e-02	703.76	0.182138	0.786645	0.000877	0.000001	0.000000	0.000000	0.030325	0.000000	0.000000	0.000013	0.000000	0.000000	0.000000	132.131092	4.000000	4.793603
1345	0.915501	1.970839e+04	644.29	1361.13	5.126581e-02	703.76	0.182138	0.786645	0.000877	0.000001	0.000000	0.000000	0.030325	0.000000	0.000000	0.000013	0.000000	0.000000	0.000000	132.131092	4.000000	4.793603
1346	0.919835	1.960498e+04	647.02	1359.73	5.104926e-02	703.41	0.182138	0.786645	0.000877	0.000001	0.000000	0.000000	0.030325	0.000000	0.000000	0.000013	0.000000	0.000000	0.000000	132.131092	4.000000	5.142118
1347	0.919854	1.960458e+04	647.03	1359.72	5.104843e-02	703.41	0.182138	0.786645	0.000877	0.000001	0.000000	0.000000	0.030325	0.000000	0.000000	0.000013	0.000000	0.000000	0.000000	132.131092	4.000000	5.142118
1348	0.924504	1.949467e+04	649.96	1358.22	5.081850e-02	703.04	0.182138	0.786645	0.000877	0.000001	0.000000	0.000000	0.030325	0.000000	0.000000	0.000013	0.000000	0.000000	0.000000	132.131092	4.000000	5.490634
1349	0.929551	1.937663e+04	653.13	1356.58	5.057178e-02	702.63	0.182138	0.786645	0.000877	0.000001	0.000000	0.000000	0.030325	0.000000	0.000000	0.000013	0.000000	0.000000	0.000000	132.131092	4.000000	5.839149
1350	0.935074	1.924884e+04	656.60	1354.78	5.030497e-02	702.19	0.182138	0.786645	0.000877	0.000001	0.000000	0.000000	0.030325	0.000000	0.000000	0.000013	0.000000	0.000000	0.000000	132.131092	4.000000	6.187664
1351	0.935103	1.924824e+04	656.61	1354.77	5.030374e-02	702.18	0.182138	0.786645	0.000877	0.000001	0.000000	0.000000	0.030325	0.000000	0.000000	0.000013	0.000000	0.000000	0.000000	132.131092	4.000000	6.187664
1352	0.932781	1.930176e+04	655.16	1355.53	5.041544e-02	702.37	0.182138	0.786645	0.000877	0.000001	0.000000	0.000000	0.030325	0.000000	0.000000	0.000013	0.000000	0.000000	0.000000	132.131092	4.000000	6.046160
1353	0.932789	1.930160e+04	655.16	1355.52	5.041512e-02	702.37	0.182138	0.786645	0.000877	0.000001	0.000000	0.000000	0.030325	0.000000	0.000000	0.000013	0.000000	0.000000	0.000000	132.131092	4.000000	6.046160
1354	0.936197	1.922310e+04	657.30	1354.41	5.025128e-02	702.10	0.182138	0.786645	0.000877	0.000001	0.000000	0.000000	0.030325	0.000000	0.000000	0.000013	0.000000	0.000000	0.000000	132.131092	4.000000	6.253170
1355	0.939840	1.913980e+04	659.58	1353.22	5.007755e-02	701.80	0.182138	0.786645	0.000877	0.000001	0.000000	0.000000	0.030325	0.000000	0.000000	0.000013	0.000000	0.000000	0.000000	132.131092	4.000000	6.460181
1356	0.939848	1.913963e+04	659.58	1353.22	5.007721e-02	701.80	0.182138	0.786645	0.000877	0.000001	0.000000	0.000000	0.030325	0.000000	0.000000	0.000013	0.000000	0.000000	0.000000	132.131092	4.000000	6.460181
1357	0.943763	1.905077e+04	662.03	1351.94	4.989203e-02	701.48	0.182138	0.786645	0.000877	0.000001	0.000000	0.000000	0.030325	0.000000	0.000000	0.000013	0.000000	0.000000	0.000000	132.131092	4.000000	6.667191
1358	0.948032	1.895472e+04	664.70	1350.53	4.969202e-02	701.13	0.182138	0.786645	0.000877	0.000001	0.000000	0.000000	0.030325	0.000000	0.000000	0.000013	0.000000	0.000000	0.000000	132.131092	4.000000	6.874202
1359	0.952748	1.884958e+04	667.64	1348.98	4.947330e-02	700.75	0.182138	0.786645	0.000877	0.000001	0.000000	0.000000	0.030325	0.000000	0.000000	0.000013	0.000000	0.000000	0.000000	132.131092	4.000000	7.081212
1360	0.952781	1.884889e+04	667.66	1348.97	4.947189e-02	700.74	0.182138	0.786645	0.000877	0.000001	0.000000	0.000000	0.030325	0.000000	0.000000	0.000013	0.000000	0.000000	0.000000	132.131092	4.000000	7.081212
1361	0.950684	1.889549e+04	666.35	1349.66	4.956879e-02	700.92	0.182138	0.786645	0.000877	0.000001	0.000000	0.000000	0.030325	0.000000	0.000000	0.000013	0.000000	0.000000	0.000000	132.131092	4.000000	6.992699
1362	0.950692	1.889532e+04	666.36	1349.66	4.956845e-02	700.92	0.182138	0.786645	0.000877	0.000001	0.000000	0.000000	0.030325	0.000000	0.000000	0.000013	0.000000	0.000000	0.000000	132.131092	4.000000	6.992699
1363	0.953500	1.883294e+04	668.10	1348.73	4.943871e-02	700.69	0.182138	0.786645	0.000877	0.000001	0.000000	0.000000	0.030325	0.000000	0.000000	0.000013	0.000000	0.000000	0.000000	132.131092	4.000000	7.111196
1364	0.956518	1.876627e+04	669.98	1347.73	4.930016e-02	700.44	0.182138	0.786645	0.000877	0.000001	0.000000	0.000000	0.030325	0.000000	0.000000	0.000013	0.000000	0.000000	0.000000	132.131092	4.000000	7.229692
1365	0.956526	1.876610e+04	669.99	1347.73	4.929979e-02	700.44	0.182138	0.786645	0.000877	0.000001	0.000000	0.000000	0.030325	0.000000	0.000000	0.000013	0.000000	0.000000	0.000000	132.131092	4.000000	7.229692
1366	0.959793	1.869439e+04	672.02	1346.65	4.915084e-02	700.17	0.182138	0.786645	0.000877	0.000001	0.000000	0.000000	0.030325	0.000000	0.000000	0.000013	0.000000	0.000000	0.000000	132.131092	4.000000	7.348189
1367	0.963392	1.861591e+04	674.25	1345.46	4.898796e-02	699.87	0.182138	0.786645	0.000877	0.000001	0.000000	0.000000	0.030325	0.000000	0.000000	0.000013	0.000000	0.000000	0.000000	132.131092	4.000000	7.466686
1368	0.962032	1.864551e+04	673.41	1345.91	4.904939e-02	699.98	0.182138	0.786645	0.000877	0.000001	0.000000	0.000000	0.030325	0.000000	0.000000	0.000013	0.000000	0.000000	0.000000	132.131092	4.000000	7.423028
1369	0.962039	1.864536e+04	673.41	1345.90	4.904909e-02	699.98	0.182138	0.786645	0.000877	0.000001	0.000000	0.000000	0.030325	0.000000	0.000000	0.000013	0.000000	0.000000	0.000000	132.131092	4.000000	7.423028
1370	0.964424	1.859355e+04	674.89	1345.11	4.894158e-02	699.79	0.182138	0.786645	0.000877	0.000001	0.000000	0.000000	0.030325	0.000000	0.000000	0.000013	0.000000	0.000000	0.000000	132.131092	4.000000	7.497867
1371	0.967002	1.853780e+04	676.49	1344.26	4.882595e-02	699.57	0.182138	0.786645	0.000877	0.000001	0.000000	0.000000	0.030325	0.000000	0.000000	0.000013	0.000000	0.000000	0.000000	132.131092	4.000000	7.572706
1372	0.967012	1.853761e+04	676.49	1344.25	4.882555e-02	699.57	0.182138	0.786645	0.000877	0.000001	0.000000	0.000000	0.030325	0.000000	0.000000	0.000013	0.000000	0.000000	0.000000	132.131092	4.000000	7.572706
1373	0.969824	1.847712e+04	678.24	1343.32	4.870018e-02	699.34	0.182138	0.786645	0.000877	0.000001	0.000000	0.000000	0.030325	0.000000	0.000000	0.000013	0.000000	0.000000	0.000000	132.131092	4.000000	7.647544
1374	0.972960	1.841006e+04	680.18	1342.27	4.856127e-02	699.08	0.182138	0.786645	0.000877	0.000001	0.000000	0.000000	0.030325	0.000000	0.000000	0.000013	0.000000	0.000000	0.000000	132.131092	4.000000	7.722383
1375	0.972989	1.840948e+04	680.19	1342.26	4.856007e-02	699.08	0.182138	0.786645	0.000877	0.000001	0.000000	0.000000	0.030325	0.000000	0.000000	0.000013	0.000000	0.000000	0.000000	132.131092	4.000000	7.722383
1376	0.971648	1.843807e+04	679.36	1342.71	4.861928e-02	699.19	0.182138	0.786645	0.000877	0.000001	0.000000	0.000000	0.030325	0.000000	0.000000	0.000013	0.000000	0.000000	0.000000	132.131092	4.000000	7.691868
1377	0.971656	1.843792e+04	679.37	1342.70	4.861897e-02	699.19	0.182138	0.786645	0.000877	0.000001	0.000000	0.000000	0.030325	0.000000	0.000000	0.000013	0.000000	0.000000	0.000000	132.131092	4.000000	7.691868
1378	0.973604	1.839637e+04	680.57	1342.05	4.853293e-02	699.02	0.182138	0.786645	0.000877	0.000001	0.000000	0.000000	0.030325	0.000000	0.000000	0.000013	0.000000	0.000000	0.000000	132.131092	4.000000	7.736191
1379	0.975723	1.835136e+04	681.88	1341.35	4.843973e-02	698.85	0.182138	0.786645	0.000877	0.000001	0.000000	0.000000	0.030325	0.000000	0.000000	0.000013	0.000000	0.000000	0.000000	132.131092	4.000000	7.780514
1380	0.975733	1.835116e+04	681.89	1341.34	4.843932e-02	698.85	0.182138	0.786645	0.000877	0.000001	0.000000	0.000000	0.030325	0.000000	0.000000	0.000013	0.000000	0.000000	0.000000	132.131092	4.000000	7.780514
1381	0.978063	1.830188e+04	683.33	1340.56	4.833736e-02	698.65	0.182138	0.786645	0.000877	0.000001	0.000000	0.000000	0.030325	0.000000	0.000000	0.000013	0.000000	0.000000	0.000000	132.131092	4.000000	7.824837
1382	0.980696	1.824646e+04	684.95	1339.68	4.822273e-02	698.43	0.182138	0.786645	0.000877	0.000001	0.000000	0.000000	0.030325	0.000000	0.000000	0.000013	0.000000	0.000000	0.000000	132.131092	4.000000	7.869161
1383	0.980729	1.824579e+04	684.97	1339.67	4.822135e-02	698.43	0.182138	0.786645	0.000877	0.000001	0.000000	0.000000	0.030325	0.000000	0.000000	0.000013	0.000000	0.000000	0.000000	132.131092	4.000000	7.869161
1384	0.979534	1.827089e+04	684.23	1340.07	4.827326e-02	698.53	0.182138	0.786645	0.000877	0.000001	0.000000	0.000000	0.030325	0.000000	0.000000	0.000013	0.000000	0.000000	0.000000	132.131092	4.000000	7.850102
1385	0.979542	1.827073e+04	684.24	1340.07	4.827293e-02	698.53	0.182138	0.786645	0.000877	0.000001	0.000000	0.000000	0.030325	0.000000	0.000000	0.000013	0.000000	0.000000	0.000000	132.131092	4.000000	7.850102
1386	0.981120	1.823758e+04	685.21	1339.54	4.820438e-02	698.40	0.182138	0.786645	0.000877	0.000001	0.000000	0.000000	0.030325	0.000000	0.000000	0.000013	0.000000	0.000000	0.000000	132.131092	4.000000	7.875366
1387	0.982854	1.820127e+04	686.28	1338.96	4.812934e-02	698.25	0.182138	0.786645	0.000877	0.000001	0.000000	0.000000	0.030325	0.000000	0.000000	0.000013	0.000000	0.000000	0.000000	132.131092	4.000000	7.900630
1388	0.982865	1.820105e+04	686.29	1338.95	4.812889e-02	698.25	0.182138	0.786645	0.000877	0.000001	0.000000	0.000000	0.030325	0.000000	0.000000	0.000013	0.000000	0.000000	0.000000	132.131092	4.000000	7.900630
1389	0.984796	1.816076e+04	687.48	1338.30	4.804563e-02	698.09	0.182138	0.786645	0.000877	0.000001	0.000000	0.000000	0.030325	0.000000	0.000000	0.000013	0.000000	0.000000	0.000000	132.131092	4.000000	7.925895
1390	0.987029	1.811436e+04	688.85	1337.55	4.794980e-02	697.90	0.182138	0.786645	0.000877	0.000001	0.000000	0.000000	0.030325	0.000000	0.000000	0.000013	0.000000	0.000000	0.000000	132.131092	4.000000	7.951159
1391	0.987072	1.811348e+04	688.88	1337.54	4.794797e-02	697.90	0.182138	0.786645	0.000877	0.000001	0.000000	0.000000	0.030325	0.000000	0.000000	0.000013	0.000000	0.000000	0.000000	132.131092	4.000000	7.951159
1392	0.985948	1.813681e+04	688.18	1337.92	4.799616e-02	697.99	0.182138	0.786645	0.000877	0.000001	0.000000	0.000000	0.030325	0.000000	0.000000	0.000013	0.000000	0.000000	0.000000	132.131092	4.000000	7.939237
1393	0.985948	1.813681e+04	688.18	1337.92	4.799616e-02	697.99	0.182138	0.786645	0.000877	0.000001	0.000000	0.000000	0.030325	0.000000	0.000000	0.000013	0.000000	0.000000	0.000000	132.131092	4.000000	7.939237
1394	0.985948	1.813681e+04	688.18	1337.92	4.799616e-02	697.99	0.182138	0.786645	0.000877	0.000001	0.000000	0.000000	0.030325	0.000000	0.000000	0.000013	0.000000	0.000000	0.000000	132.131092	4.000000	7.939237
1395	0.985948	1.813681e+04	688.18	1337.92	4.799616e-02	697.99	0.182138	0.786645	0.000877	0.000001	0.000000	0.000000	0.030325	0.000000	0.000000	0.000013	0.000000	0.000000	0.000000	132.131092	4.000000	7.939237
1396	0.985948	1.813681e+04	688.18	1337.92	4.799616e-02	697.99	0.182138	0.786645	0.000877	0.000001	0.000000	0.000000	0.030325	0.000000	0.000000	0.000013	0.000000	0.000000	0.000000	132.131092	4.000000	7.939237
1397	0.985948	1.813681e+04	688.18	1337.92	4.799616e-02	697.99	0.182138	0.786645	0.000877	0.000001	0.000000	0.000000	0.030325	0.000000	0.000000	0.000013	0.000000	0.000000	0.000000	132.131092	4.000000	7.939237
1398	0.985948	1.813681e+04	688.18	1337.92	4.799616e-02	697.99	0.182138	0.786645	0.000877	0.000001	0.000000	0.000000	0.030325	0.000000	0.000000	0.000013	0.000000	0.000000	0.000000	132.131092	4.000000	7.939237
1399	0.985948	1.813681e+04	688.18	1337.92	4.799616e-02	697.99	0.182138	0.786645	0.000877	0.000001	0.000000	0.000000	0.030325	0.000000	0.000000	0.000013	0.000000	0.000000	0.000000	132.131092	4.000000	7.939237
1400	0.985948	1.813681e+04	688.18	1337.92	4.799616e-02	697.99	0.182138	0.786645	0.000877	0.000001	0.000000	0.000000	0.030325	0.000000	0.000000	0.000013	0.000000	0.000000	0.000000	132.131092	4.000000	7.939237
1401	0.985948	1.813681e+04	688.18	1337.92	4.799616e-02	697.99	0.182138	0.786645	0.000877	0.000001	0.000000	0.000000	0.030325	0.000000	0.000000	0.000013	0.000000	0.000000	0.000000	132.131092	4.000000	7.939237
1402	0.985948	1.813681e+04	688.18	1337.92	4.799616e-02	697.99	0.182138	0.786645	0.000877	0.000001	0.000000	0.000000	0.030325	0.000000	0.000000	0.000013	0.000000	0.000000	0.000000	132.131092	4.000000	7.939237
1403	0.985948	1.813681e+04	688.18	1337.92	4.799616e-02	697.99	0.182138	0.786645	0.000877	0.000001	0.000000	0.000000	0.030325	0.000000	0.000000	0.000013	0.000000	0.000000	0.000000	132.131092	4.000000	7.939237
1404	0.985948	1.813681e+04	688.18	1337.92	4.799616e-02	697.99	0.182138	0.786645	0.000877	0.000001	0.000000	0.000000	0.030325	0.000000	0.000000	0.000013	0.000000	0.000000	0.000000	132.131092	4.000000	7.939237
1405	0.985948	1.813681e+04	688.18	1337.92	4.799616e-02	697.99	0.182138	0.786645	0.000877	0.000001	0.000000	0.000000	0.030325	0.000000	0.000000	0.000013	0.000000	0.000000	0.000000	132.131092	4.000000	7.939237
1406	0.985948	1.813681e+04	688.18	1337.92	4.799616e-02	697.99	0.182138	0.786645	0.000877	0.000001	0.000000	0.000000	0.030325	0.000000	0.000000	0.000013	0.000000	0.000000	0.000000	132.131092	4.000000	7.939237
1407	0.985948	1.813681e+04	688.18	1337.92	4.799616e-02	697.99	0.182138	0.786645	0.000877	0.000001	0.000000	0.000000	0.030325	0.000000	0.000000	0.000013	0.000000	0.000000	0.000000	132.131092	4.000000	7.939237
1408	0.985948	1.813681e+04	688.18	1337.92	4.799616e-02	697.99	0.182138	0.786645	0.000877	0.000001	0.000000	0.000000	0.030325	0.000000	0.000000	0.000013	0.000000	0.000000	0.000000	132.131092	4.000000	7.939237
1409	0.985948	1.813681e+04	688.18	1337.92	4.799616e-02	697.99	0.182138	0.786645	0.000877	0.000001	0.000000	0.000000	0.030325	0.000000	0.000000	0.000013	0.000000	0.000000	0.000000	132.131092	4.000000	7.939237
1410	0.985948	1.813681e+04	688.18	1337.92	4.799616e-02	697.99	0.182138	0.786645	0.000877	0.000001	0.000000	0.000000	0.030325	0.000000	0.000000	0.000013	0.000000	0.000000	0.000000	132.131092	4.000000	7.939237
1411	0.985948	1.813681e+04	688.18	1337.92	4.799616e-02	697.99	0.182138	0.786645	0.000877	0.000001	0.000000	0.000000	0.030325	0.000000	0.000000	0.000013	0.000000	0.000000	0.000000	132.131092	4.000000	7.939237
1412	0.985948	1.813681e+04	688.18	1337.92	4.799616e-02	697.99	0.182138	0.786645	0.000877	0.000001	0.000000	0.000000	0.030325	0.000000	0.000000	0.000013	0.000000	0.000000	0.000000	132.131094	4.000000	7.939237
1413	0.985957	1.813663e+04	688.19	1337.91	4.799579e-02	697.99	0.182138	0.786645	0.000877	0.000001	0.000000	0.000000	0.030325	0.000000	0.000000	0.000013	0.000000	0.000000	0.000000	132.131092	4.000000	7.939237
1414	0.987198	1.811086e+04	688.95	1337.49	4.794258e-02	697.89	0.182138	0.786645	0.000877	0.000001	0.000000	0.000000	0.030325	0.000000	0.000000	0.000013	0.000000	0.000000	0.000000	132.131092	4.000000	7.952580
1415	0.988583	1.808220e+04	689.81	1337.03	4.788340e-02	697.77	0.182138	0.786645	0.000877	0.000001	0.000000	0.000000	0.030325	0.000000	0.000000	0.000013	0.000000	0.000000	0.000000	132.131092	4.000000	7.965923
1416	0.988596	1.808195e+04	689.81	1337.02	4.788288e-02	697.77	0.182138	0.786645	0.000877	0.000001	0.000000	0.000000	0.030325	0.000000	0.000000	0.000013	0.000000	0.000000	0.000000	132.131092	4.000000	7.965923
1417	0.990167	1.804952e+04	690.78	1336.49	4.781595e-02	697.64	0.182138	0.786645	0.000877	0.000001	0.000000	0.000000	0.030325	0.000000	0.000000	0.000013	0.000000	0.000000	0.000000	132.131092	4.000000	7.979266
1418	0.990192	1.804899e+04	690.79	1336.49	4.781487e-02	697.64	0.182138	0.786645	0.000877	0.000001	0.000000	0.000000	0.030325	0.000000	0.000000	0.000013	0.000000	0.000000	0.000000	132.131092	4.000000	7.979266
1419	0.989530	1.806265e+04	690.39	1336.71	4.784306e-02	697.69	0.182138	0.786645	0.000877	0.000001	0.000000	0.000000	0.030325	0.000000	0.000000	0.000013	0.000000	0.000000	0.000000	132.131092	4.000000	7.974057
1420	0.989536	1.806252e+04	690.39	1336.71	4.784278e-02	697.69	0.182138	0.786645	0.000877	0.000001	0.000000	0.000000	0.030325	0.000000	0.000000	0.000013	0.000000	0.000000	0.000000	132.131092	4.000000	7.974057
1421	0.990566	1.804130e+04	691.02	1336.36	4.779898e-02	697.61	0.182138	0.786645	0.000877	0.000001	0.000000	0.000000	0.030325	0.000000	0.000000	0.000013	0.000000	0.000000	0.000000	132.131092	4.000000	7.982191
1422	0.990574	1.804114e+04	691.03	1336.36	4.779866e-02	697.60	0.182138	0.786645	0.000877	0.000001	0.000000	0.000000	0.030325	0.000000	0.000000	0.000013	0.000000	0.000000	0.000000	132.131092	4.000000	7.982191
1	1.012076	1.804113e+04	706.03	1336.36	4.779865e-02	697.60	0.182138	0.786645	0.000877	0.000001	0.000000	0.000000	0.030325	0.000000	0.000000	0.000013	0.000000	0.000000	0.000000	132.131092	4.000000	8.000000
2	1.012076	1.804113e+04	706.03	1336.36	4.779865e-02	697.60	0.182138	0.786645	0.000877	0.000001	0.000000	0.000000	0.030325	0.000000	0.000000	0.000013	0.000000	0.000000	0.000000	132.131092	4.000000	8.000000
3	1.011964	1.804339e+04	705.96	1336.39	4.780327e-02	697.61	0.182138	0.786645	0.000877	0.000001	0.000000	0.000000	0.030325	0.000000	0.000000	0.000013	0.000000	0.000000	0.000000	132.131092	4.000000	8.001004
4	1.011965	1.804338e+04	705.96	1336.39	4.780325e-02	697.61	0.182138	0.786645	0.000877	0.000001	0.000000	0.000000	0.030325	0.000000	0.000000	0.000013	0.000000	0.000000	0.000000	132.131092	4.000000	8.000999
5	1.012021	1.804226e+04	706.00	1336.38	4.780095e-02	697.61	0.182138	0.786645	0.000877	0.000001	0.000000	0.000000	0.030325	0.000000	0.000000	0.000013	0.000000	0.000000	0.000000	132.131092	4.000000	8.000500
6	1.012021	1.804226e+04	706.00	1336.38	4.780095e-02	697.61	0.182138	0.786645	0.000877	0.000001	0.000000	0.000000	0.030325	0.000000	0.000000	0.000013	0.000000	0.000000	0.000000	132.131092	4.000000	8.000500
7	1.012021	1.804226e+04	706.00	1336.38	4.780095e-02	697.61	0.182138	0.786645	0.000877	0.000001	0.000000	0.000000	0.030325	0.000000	0.000000	0.000013	0.000000	0.000000	0.000000	132.131092	4.000000	8.000500
8	1.012021	1.804226e+04	706.00	1336.38	4.780095e-02	697.61	0.182138	0.786645	0.000877	0.000001	0.000000	0.000000	0.030325	0.000000	0.000000	0.000013	0.000000	0.000000	0.000000	132.131092	4.000000	8.000500
9	1.012021	1.804226e+04	706.00	1336.38	4.780095e-02	697.61	0.182138	0.786645	0.000877	0.000001	0.000000	0.000000	0.030325	0.000000	0.000000	0.000013	0.000000	0.000000	0.000000	132.131092	4.000000	8.000500
10	1.012021	1.804226e+04	706.00	1336.38	4.780095e-02	697.61	0.182138	0.786645	0.000877	0.000001	0.000000	0.000000	0.030325	0.000000	0.000000	0.000013	0.000000	0.000000	0.000000	132.131092	4.000000	8.000500
11	1.012021	1.804226e+04	706.00	1336.38	4.780095e-02	697.61	0.182138	0.786645	0.000877	0.000001	0.000000	0.000000	0.030325	0.000000	0.000000	0.000013	0.000000	0.000000	0.000000	132.131092	4.000000	8.000500
12	1.012021	1.804226e+04	706.00	1336.38	4.780095e-02	697.61	0.182138	0.786645	0.000877	0.000001	0.000000	0.000000	0.030325	0.000000	0.000000	0.000013	0.000000	0.000000	0.000000	132.131092	4.000000	8.000500
13	1.012021	1.804226e+04	706.00	1336.38	4.780095e-02	697.61	0.182138	0.786645	0.000877	0.000001	0.000000	0.000000	0.030325	0.000000	0.000000	0.000013	0.000000	0.000000	0.000000	132.131092	4.000000	8.000500
14	1.012021	1.804226e+04	706.00	1336.38	4.780095e-02	697.61	0.182138	0.786645	0.000877	0.000001	0.000000	0.000000	0.030325	0.000000	0.000000	0.000013	0.000000	0.000000	0.000000	132.131092	4.000000	8.000500
15	1.012021	1.804226e+04	706.00	1336.38	4.780095e-02	697.61	0.182138	0.786645	0.000877	0.000001	0.000000	0.000000	0.030325	0.000000	0.000000	0.000013	0.000000	0.000000	0.000000	132.131092	4.000000	8.000500
16	1.012021	1.804226e+04	706.00	1336.38	4.780095e-02	697.61	0.182138	0.786645	0.000877	0.000001	0.000000	0.000000	0.030325	0.000000	0.000000	0.000013	0.000000	0.000000	0.000000	132.131092	4.000000	8.000500
17	1.012021	1.804226e+04	706.00	1336.38	4.780095e-02	697.61	0.182138	0.786645	0.000877	0.000001	0.000000	0.000000	0.030325	0.000000	0.000000	0.000013	0.000000	0.000000	0.000000	132.131092	4.000000	8.000500
18	1.012021	1.804226e+04	706.00	1336.38	4.780095e-02	697.61	0.182138	0.786645	0.000877	0.000001	0.000000	0.000000	0.030325	0.000000	0.000000	0.000013	0.000000	0.000000	0.000000	132.131092	4.000000	8.000500
19	1.012021	1.804226e+04	706.00	1336.38	4.780095e-02	697.61	0.182138	0.786645	0.000877	0.000001	0.000000	0.000000	0.030325	0.000000	0.000000	0.000013	0.000000	0.000000	0.000000	132.131092	4.000000	8.000500
20	1.012021	1.804226e+04	706.00	1336.38	4.780095e-02	697.61	0.182138	0.786645	0.000877	0.000001	0.000000	0.000000	0.030325	0.000000	0.000000	0.000013	0.000000	0.000000	0.000000	132.131092	4.000000	8.000500
21	1.012021	1.804226e+04	706.00	1336.38	4.780095e-02	697.61	0.182138	0.786645	0.000877	0.000001	0.000000	0.000000	0.030325	0.000000	0.000000	0.000013	0.000000	0.000000	0.000000	132.131092	4.000000	8.000500
22	1.012021	1.804226e+04	706.00	1336.38	4.780095e-02	697.61	0.182138	0.786645	0.000877	0.000001	0.000000	0.000000	0.030325	0.000000	0.000000	0.000013	0.000000	0.000000	0.000000	132.131092	4.000000	8.000500
23	1.012021	1.804226e+04	706.00	1336.38	4.780095e-02	697.61	0.182138	0.786645	0.000877	0.000001	0.000000	0.000000	0.030325	0.000000	0.000000	0.000013	0.000000	0.000000	0.000000	132.131092	4.000000	8.000500
24	1.012021	1.804226e+04	706.00	1336.38	4.780095e-02	697.61	0.182138	0.786645	0.000877	0.000001	0.000000	0.000000	0.030325	0.000000	0.000000	0.000013	0.000000	0.000000	0.000000	132.131092	4.000000	8.000500
25	1.012021	1.804226e+04	706.00	1336.38	4.780095e-02	697.61	0.182138	0.786645	0.000877	0.000001	0.000000	0.000000	0.030325	0.000000	0.000000	0.000013	0.000000	0.000000	0.000000	132.131094	4.000000	8.000500
26	1.012022	1.804223e+04	706.00	1336.38	4.780088e-02	697.61	0.182138	0.786645	0.000877	0.000001	0.000000	0.000000	0.030325	0.000000	0.000000	0.000013	0.000000	0.000000	0.000000	132.131092	4.000000	8.000500
27	1.011968	1.804332e+04	705.96	1336.39	4.780312e-02	697.61	0.182138	0.786645	0.000877	0.000001	0.000000	0.000000	0.030325	0.000000	0.000000	0.000013	0.000000	0.000000	0.000000	132.131092	4.000000	8.000999
28	1.011756	1.804760e+04	705.83	1336.47	4.781187e-02	697.63	0.182138	0.786645	0.000877	0.000001	0.000000	0.000000	0.030325	0.000000	0.000000	0.000013	0.000000	0.000000	0.000000	132.131092	4.000002	8.003030
29	1.011774	1.804724e+04	705.84	1336.46	4.781112e-02	697.63	0.182138	0.786645	0.000877	0.000001	0.000000	0.000000	0.030325	0.000000	0.000000	0.000013	0.000000	0.000000	0.000000	132.131092	4.000003	8.003030
30	1.011864	1.804542e+04	705.90	1336.43	4.780740e-02	697.62	0.182138	0.786645	0.000877	0.000001	0.000000	0.000000	0.030325	0.000000	0.000000	0.000013	0.000000	0.000000	0.000000	132.131092	4.000001	8.002001
31	1.011868	1.804533e+04	705.90	1336.43	4.780722e-02	697.62	0.182138	0.786645	0.000877	0.000001	0.000000	0.000000	0.030325	0.000000	0.000000	0.000013	0.000000	0.000000	0.000000	132.131092	4.000001	8.002001
32	1.011772	1.804729e+04	705.84	1336.46	4.781121e-02	697.63	0.182138	0.786645	0.000877	0.000001	0.000000	0.000000	0.030325	0.000000	0.000000	0.000013	0.000000	0.000000	0.000000	132.131092	4.000003	8.003003
33	1.011684	1.804906e+04	705.79	1336.49	4.781483e-02	697.64	0.182138	0.786645	0.000877	0.000001	0.000000	0.000000	0.030325	0.000000	0.000000	0.000013	0.000000	0.000000	0.000000	132.131092	4.000005	8.004005
34	1.011558	1.805158e+04	705.71	1336.53	4.781998e-02	697.65	0.182138	0.786645	0.000877	0.000001	0.000000	0.000000	0.030325	0.000000	0.000000	0.000013	0.000000	0.000000	0.000000	132.131092	4.000010	8.005570
35	1.011450	1.805375e+04	705.65	1336.57	4.782439e-02	697.66	0.182138	0.786645	0.000877	0.000001	0.000000	0.000000	0.030325	0.000000	0.000000	0.000013	0.000000	0.000000	0.000000	132.131092	4.000015	8.007134
36	1.011306	1.805661e+04	705.56	1336.62	4.783020e-02	697.67	0.182138	0.786645	0.000877	0.000001	0.000000	0.000000	0.030325	0.000000	0.000000	0.000013	0.000000	0.000000	0.000000	132.131092	4.000029	8.009774
37	1.011215	1.805837e+04	705.50	1336.65	4.783376e-02	697.68	0.182138	0.786645	0.000877	0.000001	0.000000	0.000000	0.030325	0.000000	0.000000	0.000013	0.000000	0.000000	0.000000	132.131092	4.000046	8.012414
38	1.011180	1.805890e+04	705.48	1336.66	4.783473e-02	697.68	0.182138	0.786645	0.000877	0.000001	0.000000	0.000000	0.030325	0.000000	0.000000	0.000013	0.000000	0.000000	0.000000	132.131092	4.000085	8.016811
39	1.011293	1.805638e+04	705.55	1336.62	4.782944e-02	697.67	0.182138	0.786645	0.000877	0.000001	0.000000	0.000000	0.030325	0.000000	0.000000	0.000013	0.000000	0.000000	0.000000	132.131092	4.000134	8.021209
40	1.011289	1.805647e+04	705.55	1336.63	4.782963e-02	697.67	0.182138	0.786645	0.000877	0.000001	0.000000	0.000000	0.030325	0.000000	0.000000	0.000013	0.000000	0.000000	0.000000	132.131092	4.000134	8.021209
41	1.011548	1.805095e+04	705.71	1336.54	4.781817e-02	697.65	0.182138	0.786645	0.000877	0.000001	0.000000	0.000000	0.030325	0.000000	0.000000	0.000013	0.000000	0.000000	0.000000	132.131092	4.000196	8.025607
42	1.011934	1.804280e+04	705.94	1336.41	4.780133e-02	697.62	0.182138	0.786645	0.000877	0.000001	0.000000	0.000000	0.030325	0.000000	0.000000	0.000013	0.000000	0.000000	0.000000	132.131092	4.000269	8.030004
43	1.012441	1.803216e+04	706.25	1336.23	4.777934e-02	697.57	0.182138	0.786645	0.000877	0.000001	0.000000	0.000000	0.030325	0.000000	0.000000	0.000013	0.000000	0.000000	0.000000	132.131092	4.000353	8.034402
44	1.013056	1.801930e+04	706.63	1336.02	4.775281e-02	697.52	0.182138	0.786645	0.000877	0.000001	0.000000	0.000000	0.030325	0.000000	0.000000	0.000013	0.000000	0.000000	0.000000	132.131092	4.000449	8.038800
45	1.013764	1.800453e+04	707.06	1335.78	4.772233e-02	697.46	0.182138	0.786645	0.000877	0.000001	0.000000	0.000000	0.030325	0.000000	0.000000	0.000013	0.000000	0.000000	0.000000	132.131092	4.000557	8.043197
46	1.015257	1.797343e+04	707.97	1335.27	4.765820e-02	697.33	0.182138	0.786645	0.000877	0.000001	0.000000	0.000000	0.030325	0.000000	0.000000	0.000013	0.000000	0.000000	0.000000	132.131092	4.000783	8.051251
47	1.015262	1.797332e+04	707.97	1335.26	4.765798e-02	697.33	0.182138	0.786645	0.000877	0.000001	0.000000	0.000000	0.030325	0.000000	0.000000	0.000013	0.000000	0.000000	0.000000	132.131092	4.000783	8.051251
48	1.016944	1.793835e+04	709.00	1334.69	4.758585e-02	697.19	0.182138	0.786645	0.000877	0.000001	0.000000	0.000000	0.030325	0.000000	0.000000	0.000013	0.000000	0.000000	0.000000	132.131092	4.001049	8.059305
49	1.016959	1.793804e+04	709.01	1334.68	4.758521e-02	697.19	0.182138	0.786645	0.000877	0.000001	0.000000	0.000000	0.030325	0.000000	0.000000	0.000013	0.000000	0.000000	0.000000	132.131092	4.001049	8.059305
50	1.018781	1.790022e+04	710.12	1334.05	4.750719e-02	697.03	0.182138	0.786645	0.000877	0.000001	0.000000	0.000000	0.030325	0.000000	0.000000	0.000013	0.000000	0.000000	0.000000	132.131092	4.001353	8.067358
51	1.020737	1.785968e+04	711.31	1333.38	4.742353e-02	696.86	0.182138	0.786645	0.000877	0.000001	0.000000	0.000000	0.030325	0.000000	0.000000	0.000013	0.000000	0.000000	0.000000	132.131092	4.001696	8.075412
52	1.022764	1.781771e+04	712.55	1332.68	4.733687e-02	696.69	0.182138	0.786645	0.000877	0.000001	0.000000	0.000000	0.030325	0.000000	0.000000	0.000013	0.000000	0.000000	0.000000	132.131092	4.002077	8.083465
53	1.024856	1.777445e+04	713.82	1331.96	4.724752e-02	696.51	0.182138	0.786645	0.000877	0.000001	0.000000	0.000000	0.030325	0.000000	0.000000	0.000013	0.000000	0.000000	0.000000	132.131092	4.002497	8.091519
54	1.026991	1.773032e+04	715.12	1331.22	4.715633e-02	696.32	0.182138	0.786645	0.000877	0.000001	0.000000	0.000000	0.030325	0.000000	0.000000	0.000013	0.000000	0.000000	0.000000	132.131092	4.002956	8.099572
55	1.029164	1.768547e+04	716.44	1330.47	4.706363e-02	696.13	0.182138	0.786645	0.000877	0.000001	0.000000	0.000000	0.030325	0.000000	0.000000	0.000013	0.000000	0.000000	0.000000	132.131092	4.003454	8.107626
56	1.031366	1.764008e+04	717.77	1329.71	4.696973e-02	695.94	0.182138	0.786645	0.000877	0.000001	0.000000	0.000000	0.030325	0.000000	0.000000	0.000013	0.000000	0.000000	0.000000	132.131092	4.003990	8.115679
57	1.033591	1.759423e+04	719.12	1328.94	4.687485e-02	695.75	0.182138	0.786645	0.000877	0.000001	0.000000	0.000000	0.030325	0.000000	0.000000	0.000013	0.000000	0.000000	0.000000	132.131092	4.004565	8.123733
58	1.035838	1.754802e+04	720.48	1328.16	4.677915e-02	695.56	0.182138	0.786645	0.000877	0.000001	0.000000	0.000000	0.030325	0.000000	0.000000	0.000013	0.000000	0.000000	0.000000	132.131092	4.005178	8.131786
59	1.038101	1.750150e+04	721.85	1327.37	4.668276e-02	695.36	0.182138	0.786645	0.000877	0.000001	0.000000	0.000000	0.030325	0.000000	0.000000	0.000013	0.000000	0.000000	0.000000	132.131092	4.005830	8.139840
60	1.040379	1.745472e+04	723.23	1326.58	4.658580e-02	695.16	0.182138	0.786645	0.000877	0.000001	0.000000	0.000000	0.030325	0.000000	0.000000	0.000013	0.000000	0.000000	0.000000	132.131092	4.006521	8.147893
61	1.044286	1.737462e+04	725.59	1325.22	4.641962e-02	694.82	0.182138	0.786645	0.000877	0.000001	0.000000	0.000000	0.030325	0.000000	0.000000	0.000013	0.000000	0.000000	0.000000	132.131092	4.007786	8.161607
62	1.048225	1.729402e+04	727.97	1323.85	4.625223e-02	694.48	0.182138	0.786645	0.000877	0.000001	0.000000	0.000000	0.030325	0.000000	0.000000	0.000013	0.000000	0.000000	0.000000	132.131092	4.009164	8.175320
63	1.052188	1.721306e+04	730.35	1322.46	4.608394e-02	694.13	0.182138	0.786645	0.000877	0.000001	0.000000	0.000000	0.030325	0.000000	0.000000	0.000013	0.000000	0.000000	0.000000	132.131092	4.010653	8.189034
64	1.056173	1.713182e+04	732.75	1321.07	4.591490e-02	693.78	0.182138	0.786645	0.000877	0.000001	0.000000	0.000000	0.030325	0.000000	0.000000	0.000013	0.000000	0.000000	0.000000	132.131092	4.012255	8.202747
65	1.063417	1.698454e+04	737.10	1318.52	4.560800e-02	693.14	0.182138	0.786645	0.000877	0.000001	0.000000	0.000000	0.030325	0.000000	0.000000	0.000013	0.000000	0.000000	0.000000	132.131092	4.015434	8.227526
66	1.063414	1.698461e+04	737.09	1318.52	4.560814e-02	693.14	0.182138	0.786645	0.000877	0.000001	0.000000	0.000000	0.030325	0.000000	0.000000	0.000013	0.000000	0.000000	0.000000	132.131092	4.015434	8.227526
67	1.075070	1.674876e+04	744.06	1314.41	4.511550e-02	692.11	0.182138	0.786645	0.000877	0.000001	0.000000	0.000000	0.030325	0.000000	0.000000	0.000013	0.000000	0.000000	0.000000	132.131092	4.021247	8.266963
68	1.074600	1.675821e+04	743.78	1314.58	4.513514e-02	692.15	0.182138	0.786645	0.000877	0.000001	0.000000	0.000000	0.030325	0.000000	0.000000	0.000013	0.000000	0.000000	0.000000	132.131092	4.021071	8.266963
69	1.074718	1.675580e+04	743.85	1314.54	4.513021e-02	692.14	0.182138	0.786645	0.000877	0.000001	0.000000	0.000000	0.030325	0.000000	0.000000	0.000013	0.000000	0.000000	0.000000	132.131092	4.021071	8.266963
70	1.075070	1.674876e+04	744.06	1314.41	4.511550e-02	692.11	0.182138	0.786645	0.000877	0.000001	0.000000	0.000000	0.030325	0.000000	0.000000	0.000013	0.000000	0.000000	0.000000	132.131092	4.021247	8.266963
71	1.075070	1.674876e+04	744.06	1314.41	4.511550e-02	692.11	0.182138	0.786645	0.000877	0.000001	0.000000	0.000000	0.030325	0.000000	0.000000	0.000013	0.000000	0.000000	0.000000	132.131092	4.021247	8.266963
72	1.075070	1.674876e+04	744.06	1314.41	4.511550e-02	692.11	0.182138	0.786645	0.000877	0.000001	0.000000	0.000000	0.030325	0.000000	0.000000	0.000013	0.000000	0.000000	0.000000	132.131092	4.021247	8.266963
73	1.075070	1.674876e+04	744.06	1314.41	4.511550e-02	692.11	0.182138	0.786645	0.000877	0.000001	0.000000	0.000000	0.030325	0.000000	0.000000	0.000013	0.000000	0.000000	0.000000	132.131092	4.021247	8.266963
74	1.075070	1.674876e+04	744.06	1314.41	4.511550e-02	692.11	0.182138	0.786645	0.000877	0.000001	0.000000	0.000000	0.030325	0.000000	0.000000	0.000013	0.000000	0.000000	0.000000	132.131092	4.021247	8.266963
75	1.075070	1.674876e+04	744.06	1314.41	4.511550e-02	692.11	0.182138	0.786645	0.000877	0.000001	0.000000	0.000000	0.030325	0.000000	0.000000	0.000013	0.000000	0.000000	0.000000	132.131092	4.021247	8.266963
76	1.075070	1.674876e+04	744.06	1314.41	4.511550e-02	692.11	0.182138	0.786645	0.000877	0.000001	0.000000	0.000000	0.030325	0.000000	0.000000	0.000013	0.000000	0.000000	0.000000	132.131092	4.021247	8.266963
77	1.075070	1.674876e+04	744.06	1314.41	4.511550e-02	692.11	0.182138	0.786645	0.000877	0.000001	0.000000	0.000000	0.030325	0.000000	0.000000	0.000013	0.000000	0.000000	0.000000	132.131092	4.021247	8.266963
78	1.075070	1.674876e+04	744.06	1314.41	4.511550e-02	692.11	0.182138	0.786645	0.000877	0.000001	0.000000	0.000000	0.030325	0.000000	0.000000	0.000013	0.000000	0.000000	0.000000	132.131092	4.021247	8.266963
79	1.075070	1.674876e+04	744.06	1314.41	4.511550e-02	692.11	0.182138	0.786645	0.000877	0.000001	0.000000	0.000000	0.030325	0.000000	0.000000	0.000013	0.000000	0.000000	0.000000	132.131092	4.021247	8.266963
80	1.075070	1.674876e+04	744.06	1314.41	4.511550e-02	692.11	0.182138	0.786645	0.000877	0.000001	0.000000	0.000000	0.030325	0.000000	0.000000	0.000013	0.000000	0.000000	0.000000	132.131092	4.021247	8.266963
81	1.075070	1.674876e+04	744.06	1314.41	4.511550e-02	692.11	0.182138	0.786645	0.000877	0.000001	0.000000	0.000000	0.030325	0.000000	0.000000	0.000013	0.000000	0.000000	0.000000	132.131092	4.021247	8.266963
82	1.075070	1.674876e+04	744.06	1314.41	4.511550e-02	692.11	0.182138	0.786645	0.000877	0.000001	0.000000	0.000000	0.030325	0.000000	0.000000	0.000013	0.000000	0.000000	0.000000	132.131092	4.021247	8.266963
83	1.075070	1.674876e+04	744.06	1314.41	4.511550e-02	692.11	0.182138	0.786645	0.000877	0.000001	0.000000	0.000000	0.030325	0.000000	0.000000	0.000013	0.000000	0.000000	0.000000	132.131092	4.021247	8.266963
84	1.075070	1.674876e+04	744.06	1314.41	4.511550e-02	692.11	0.182138	0.786645	0.000877	0.000001	0.000000	0.000000	0.030325	0.000000	0.000000	0.000013	0.000000	0.000000	0.000000	132.131092	4.021247	8.266963
85	1.075070	1.674876e+04	744.06	1314.41	4.511550e-02	692.11	0.182138	0.786645	0.000877	0.000001	0.000000	0.000000	0.030325	0.000000	0.000000	0.000013	0.000000	0.000000	0.000000	132.131092	4.021247	8.266963
86	1.075070	1.674876e+04	744.06	1314.41	4.511550e-02	692.11	0.182138	0.786645	0.000877	0.000001	0.000000	0.000000	0.030325	0.000000	0.000000	0.000013	0.000000	0.000000	0.000000	132.131092	4.021247	8.266963
87	1.075070	1.674876e+04	744.06	1314.41	4.511550e-02	692.11	0.182138	0.786645	0.000877	0.000001	0.000000	0.000000	0.030325	0.000000	0.000000	0.000013	0.000000	0.000000	0.000000	132.131092	4.021247	8.266963
88	1.075070	1.674876e+04	744.06	1314.41	4.511550e-02	692.11	0.182138	0.786645	0.000877	0.000001	0.000000	0.000000	0.030325	0.000000	0.000000	0.000013	0.000000	0.000000	0.000000	132.131092	4.021247	8.266963
89	1.075070	1.674876e+04	744.06	1314.41	4.511550e-02	692.11	0.182138	0.786645	0.000877	0.000001	0.000000	0.000000	0.030325	0.000000	0.000000	0.000013	0.000000	0.000000	0.000000	132.131092	4.021248	8.266963
90	1.075070	1.674876e+04	744.06	1314.41	4.511550e-02	692.11	0.182138	0.786645	0.000877	0.000001	0.000000	0.000000	0.030325	0.000000	0.000000	0.000013	0.000000	0.000000	0.000000	132.131094	4.021247	8.266963
91	1.074694	1.675629e+04	743.84	1314.54	4.513121e-02	692.14	0.182138	0.786645	0.000877	0.000001	0.000000	0.000000	0.030325	0.000000	0.000000	0.000013	0.000000	0.000000	0.000000	132.131092	4.021071	8.266963
92	1.069324	1.686486e+04	740.63	1316.44	4.535818e-02	692.62	0.182138	0.786645	0.000877	0.000001	0.000000	0.000000	0.030325	0.000000	0.000000	0.000013	0.000000	0.000000	0.000000	132.131092	4.018278	8.247605
93	1.069318	1.686497e+04	740.63	1316.44	4.535842e-02	692.62	0.182138	0.786645	0.000877	0.000001	0.000000	0.000000	0.030325	0.000000	0.000000	0.000013	0.000000	0.000000	0.000000	132.131092	4.018278	8.247605
94	1.075251	1.674512e+04	744.17	1314.35	4.510786e-02	692.09	0.182138	0.786645	0.000877	0.000001	0.000000	0.000000	0.030325	0.000000	0.000000	0.000013	0.000000	0.000000	0.000000	132.131092	4.021362	8.267684
95	1.075068	1.674877e+04	744.06	1314.41	4.511549e-02	692.11	0.182138	0.786645	0.000877	0.000001	0.000000	0.000000	0.030325	0.000000	0.000000	0.000013	0.000000	0.000000	0.000000	132.131092	4.021268	8.267684
96	1.072758	1.679543e+04	742.68	1315.23	4.521308e-02	692.31	0.182138	0.786645	0.000877	0.000001	0.000000	0.000000	0.030325	0.000000	0.000000	0.000013	0.000000	0.000000	0.000000	132.131092	4.020039	8.259260
97	1.072700	1.679659e+04	742.65	1315.25	4.521550e-02	692.32	0.182138	0.786645	0.000877	0.000001	0.000000	0.000000	0.030325	0.000000	0.000000	0.000013	0.000000	0.000000	0.000000	132.131092	4.020010	8.259260
98	1.070005	1.685107e+04	741.04	1316.20	4.532937e-02	692.56	0.182138	0.786645	0.000877	0.000001	0.000000	0.000000	0.030325	0.000000	0.000000	0.000013	0.000000	0.000000	0.000000	132.131092	4.018624	8.249936
99	1.070693	1.683716e+04	741.45	1315.96	4.530032e-02	692.49	0.182138	0.786645	0.000877	0.000001	0.000000	0.000000	0.030325	0.000000	0.000000	0.000013	0.000000	0.000000	0.000000	132.131092	4.018973	8.252267
100	1.071364	1.682359e+04	741.85	1315.72	4.527195e-02	692.44	0.182138	0.786645	0.000877	0.000001	0.000000	0.000000	0.030325	0.000000	0.000000	0.000013	0.000000	0.000000	0.000000	132.131092	4.019317	8.254598
101	1.072040	1.680992e+04	742.25	1315.48	4.524339e-02	692.38	0.182138	0.786645	0.000877	0.000001	0.000000	0.000000	0.030325	0.000000	0.000000	0.000013	0.000000	0.000000	0.000000	132.131092	4.019666	8.256929
102	1.072708	1.679645e+04	742.65	1315.25	4.521521e-02	692.32	0.182138	0.786645	0.000877	0.000001	0.000000	0.000000	0.030325	0.000000	0.000000	0.000013	0.000000	0.000000	0.000000	132.131092	4.020014	8.259260
103	1.073365	1.678317e+04	743.04	1315.01	4.518744e-02	692.26	0.182138	0.786645	0.000877	0.000001	0.000000	0.000000	0.030325	0.000000	0.000000	0.000013	0.000000	0.000000	0.000000	132.131092	4.020361	8.261591
104	1.074419	1.676187e+04	743.67	1314.64	4.514290e-02	692.16	0.182138	0.786645	0.000877	0.000001	0.000000	0.000000	0.030325	0.000000	0.000000	0.000013	0.000000	0.000000	0.000000	132.131092	4.020923	8.265381
105	1.074426	1.676173e+04	743.68	1314.64	4.514260e-02	692.16	0.182138	0.786645	0.000877	0.000001	0.000000	0.000000	0.030325	0.000000	0.000000	0.000013	0.000000	0.000000	0.000000	132.131092	4.020926	8.265381
106	1.075457	1.674092e+04	744.29	1314.27	4.509905e-02	692.07	0.182138	0.786645	0.000877	0.000001	0.000000	0.000000	0.030325	0.000000	0.000000	0.000013	0.000000	0.000000	0.000000	132.131092	4.021484	8.269170
107	1.075475	1.674057e+04	744.30	1314.27	4.509833e-02	692.07	0.182138	0.786645	0.000877	0.000001	0.000000	0.000000	0.030325	0.000000	0.000000	0.000013	0.000000	0.000000	0.000000	132.131092	4.021492	8.269170
108	1.076491	1.672006e+04	744.91	1313.91	4.505540e-02	691.98	0.182138	0.786645	0.000877	0.000001	0.000000	0.000000	0.030325	0.000000	0.000000	0.000013	0.000000	0.000000	0.000000	132.131092	4.022049	8.272960
109	1.077519	1.669932e+04	745.52	1313.54	4.501199e-02	691.89	0.182138	0.786645	0.000877	0.000001	0.000000	0.000000	0.030325	0.000000	0.000000	0.000013	0.000000	0.000000	0.000000	132.131092	4.022618	8.276750
110	1.078532	1.667890e+04	746.13	1313.19	4.496923e-02	691.80	0.182138	0.786645	0.000877	0.000001	0.000000	0.000000	0.030325	0.000000	0.000000	0.000013	0.000000	0.000000	0.000000	132.131092	4.023186	8.280539
111	1.079526	1.665889e+04	746.72	1312.83	4.492730e-02	691.71	0.182138	0.786645	0.000877	0.000001	0.000000	0.000000	0.030325	0.000000	0.000000	0.000013	0.000000	0.000000	0.000000	132.131092	4.023750	8.284329
112	1.080503	1.663919e+04	747.30	1312.49	4.488604e-02	691.62	0.182138	0.786645	0.000877	0.000001	0.000000	0.000000	0.030325	0.000000	0.000000	0.000013	0.000000	0.000000	0.000000	132.131092	4.024313	8.288118
113	1.082139	1.660627e+04	748.27	1311.91	4.481701e-02	691.48	0.182138	0.786645	0.000877	0.000001	0.000000	0.000000	0.030325	0.000000	0.000000	0.000013	0.000000	0.000000	0.000000	132.131092	4.025269	8.294565
114	1.082147	1.660611e+04	748.28	1311.91	4.481670e-02	691.47	0.182138	0.786645	0.000877	0.000001	0.000000	0.000000	0.030325	0.000000	0.000000	0.000013	0.000000	0.000000	0.000000	132.131092	4.025273	8.294565
115	1.083742	1.657401e+04	749.23	1311.34	4.474938e-02	691.33	0.182138	0.786645	0.000877	0.000001	0.000000	0.000000	0.030325	0.000000	0.000000	0.000013	0.000000	0.000000	0.000000	132.131092	4.026225	8.301012
116	1.083759	1.657367e+04	749.24	1311.33	4.474867e-02	691.33	0.182138	0.786645	0.000877	0.000001	0.000000	0.000000	0.030325	0.000000	0.000000	0.000013	0.000000	0.000000	0.000000	132.131092	4.026233	8.301012
117	1.085323	1.654223e+04	750.17	1310.78	4.468268e-02	691.19	0.182138	0.786645	0.000877	0.000001	0.000000	0.000000	0.030325	0.000000	0.000000	0.000013	0.000000	0.000000	0.000000	132.131092	4.027184	8.307459
118	1.086884	1.651087e+04	751.09	1310.22	4.461686e-02	691.05	0.182138	0.786645	0.000877	0.000001	0.000000	0.000000	0.030325	0.000000	0.000000	0.000013	0.000000	0.000000	0.000000	132.131092	4.028147	8.313906
119	1.088418	1.648008e+04	752.00	1309.68	4.455222e-02	690.91	0.182138	0.786645	0.000877	0.000001	0.000000	0.000000	0.030325	0.000000	0.000000	0.000013	0.000000	0.000000	0.000000	132.131092	4.029109	8.320352
120	1.089918	1.644998e+04	752.89	1309.14	4.448897e-02	690.78	0.182138	0.786645	0.000877	0.000001	0.000000	0.000000	0.030325	0.000000	0.000000	0.000013	0.000000	0.000000	0.000000	132.131092	4.030067	8.326799
121	1.091390	1.642046e+04	753.77	1308.62	4.442693e-02	690.65	0.182138	0.786645	0.000877	0.000001	0.000000	0.000000	0.030325	0.000000	0.000000	0.000013	0.000000	0.000000	0.000000	132.131092	4.031023	8.333246
122	1.094478	1.635861e+04	755.59	1307.52	4.429684e-02	690.37	0.182138	0.786645	0.000877	0.000001	0.000000	0.000000	0.030325	0.000000	0.000000	0.000013	0.000000	0.000000	0.000000	132.131092	4.033079	8.347135
123	1.094494	1.635828e+04	755.60	1307.51	4.429615e-02	690.37	0.182138	0.786645	0.000877	0.000001	0.000000	0.000000	0.030325	0.000000	0.000000	0.000013	0.000000	0.000000	0.000000	132.131092	4.033086	8.347135
124	1.097447	1.629922e+04	757.35	1306.46	4.417179e-02	690.10	0.182138	0.786645	0.000877	0.000001	0.000000	0.000000	0.030325	0.000000	0.000000	0.000013	0.000000	0.000000	0.000000	132.131092	4.035124	8.361024
125	1.097509	1.629798e+04	757.39	1306.44	4.416922e-02	690.10	0.182138	0.786645	0.000877	0.000001	0.000000	0.000000	0.030325	0.000000	0.000000	0.000013	0.000000	0.000000	0.000000	132.131092	4.035151	8.361024
126	1.096554	1.631707e+04	756.82	1306.78	4.420939e-02	690.18	0.182138	0.786645	0.000877	0.000001	0.000000	0.000000	0.030325	0.000000	0.000000	0.000013	0.000000	0.000000	0.000000	132.131092	4.034497	8.356701
127	1.096575	1.631666e+04	756.83	1306.77	4.420854e-02	690.18	0.182138	0.786645	0.000877	0.000001	0.000000	0.000000	0.030325	0.000000	0.000000	0.000013	0.000000	0.000000	0.000000	132.131092	4.034506	8.356701
128	1.098602	1.627613e+04	758.03	1306.05	4.412318e-02	690.00	0.182138	0.786645	0.000877	0.000001	0.000000	0.000000	0.030325	0.000000	0.000000	0.000013	0.000000	0.000000	0.000000	132.131092	4.035921	8.366267
129	1.100607	1.623610e+04	759.22	1305.33	4.403882e-02	689.82	0.182138	0.786645	0.000877	0.000001	0.000000	0.000000	0.030325	0.000000	0.000000	0.000013	0.000000	0.000000	0.000000	132.131092	4.037343	8.375833
130	1.102562	1.619709e+04	760.37	1304.63	4.395657e-02	689.64	0.182138	0.786645	0.000877	0.000001	0.000000	0.000000	0.030325	0.000000	0.000000	0.000013	0.000000	0.000000	0.000000	132.131092	4.038759	8.385398
131	1.104475	1.615895e+04	761.50	1303.95	4.387609e-02	689.47	0.182138	0.786645	0.000877	0.000001	0.000000	0.000000	0.030325	0.000000	0.000000	0.000013	0.000000	0.000000	0.000000	132.131092	4.040172	8.394964
132	1.106358	1.612145e+04	762.61	1303.27	4.379693e-02	689.30	0.182138	0.786645	0.000877	0.000001	0.000000	0.000000	0.030325	0.000000	0.000000	0.000013	0.000000	0.000000	0.000000	132.131092	4.041587	8.404530
133	1.108212	1.608455e+04	763.70	1302.61	4.371899e-02	689.13	0.182138	0.786645	0.000877	0.000001	0.000000	0.000000	0.030325	0.000000	0.000000	0.000013	0.000000	0.000000	0.000000	132.131092	4.043002	8.414096
134	1.110035	1.604831e+04	764.77	1301.95	4.364240e-02	688.96	0.182138	0.786645	0.000877	0.000001	0.000000	0.000000	0.030325	0.000000	0.000000	0.000013	0.000000	0.000000	0.000000	132.131092	4.044417	8.423661
135	1.111826	1.601273e+04	765.83	1301.31	4.356717e-02	688.80	0.182138	0.786645	0.000877	0.000001	0.000000	0.000000	0.030325	0.000000	0.000000	0.000013	0.000000	0.000000	0.000000	132.131092	4.045830	8.433227
136	1.114465	1.596035e+04	767.38	1300.36	4.345633e-02	688.56	0.182138	0.786645	0.000877	0.000001	0.000000	0.000000	0.030325	0.000000	0.000000	0.000013	0.000000	0.000000	0.000000	132.131092	4.047953	8.447609
137	1.118354	1.588330e+04	769.66	1298.96	4.329314e-02	688.21	0.182138	0.786645	0.000877	0.000001	0.000000	0.000000	0.030325	0.000000	0.000000	0.000013	0.000000	0.000000	0.000000	132.131092	4.051168	8.469416
138	1.118360	1.588319e+04	769.66	1298.96	4.329292e-02	688.21	0.182138	0.786645	0.000877	0.000001	0.000000	0.000000	0.030325	0.000000	0.000000	0.000013	0.000000	0.000000	0.000000	132.131092	4.051170	8.469416
139	1.122121	1.580881e+04	771.87	1297.60	4.313518e-02	687.86	0.182138	0.786645	0.000877	0.000001	0.000000	0.000000	0.030325	0.000000	0.000000	0.000013	0.000000	0.000000	0.000000	132.131092	4.054381	8.491223
140	1.125778	1.573661e+04	774.00	1296.28	4.298191e-02	687.53	0.182138	0.786645	0.000877	0.000001	0.000000	0.000000	0.030325	0.000000	0.000000	0.000013	0.000000	0.000000	0.000000	132.131092	4.057591	8.513030
141	1.129334	1.566653e+04	776.08	1295.00	4.283300e-02	687.20	0.182138	0.786645	0.000877	0.000001	0.000000	0.000000	0.030325	0.000000	0.000000	0.000013	0.000000	0.000000	0.000000	132.131092	4.060798	8.534838
142	1.135374	1.554780e+04	779.60	1292.81	4.258031e-02	686.65	0.182138	0.786645	0.000877	0.000001	0.000000	0.000000	0.030325	0.000000	0.000000	0.000013	0.000000	0.000000	0.000000	132.131092	4.066445	8.573303
143	1.135370	1.554788e+04	779.60	1292.81	4.258048e-02	686.65	0.182138	0.786645	0.000877	0.000001	0.000000	0.000000	0.030325	0.000000	0.000000	0.000013	0.000000	0.000000	0.000000	132.131092	4.066444	8.573303
144	1.141151	1.543458e+04	782.96	1290.71	4.233891e-02	686.12	0.182138	0.786645	0.000877	0.000001	0.000000	0.000000	0.030325	0.000000	0.000000	0.000013	0.000000	0.000000	0.000000	132.131092	4.072080	8.611767
145	1.141143	1.543475e+04	782.96	1290.72	4.233926e-02	686.12	0.182138	0.786645	0.000877	0.000001	0.000000	0.000000	0.030325	0.000000	0.000000	0.000013	0.000000	0.000000	0.000000	132.131092	4.072079	8.611767
146	1.146693	1.532629e+04	786.18	1288.70	4.210763e-02	685.60	0.182138	0.786645	0.000877	0.000001	0.000000	0.000000	0.030325	0.000000	0.000000	0.000013	0.000000	0.000000	0.000000	132.131092	4.077703	8.650232
147	1.152029	1.522233e+04	789.27	1286.75	4.188521e-02	685.11	0.182138	0.786645	0.000877	0.000001	0.000000	0.000000	0.030325	0.000000	0.000000	0.000013	0.000000	0.000000	0.000000	132.131092	4.083315	8.688697
148	1.157177	1.512229e+04	792.24	1284.87	4.167084e-02	684.63	0.182138	0.786645	0.000877	0.000001	0.000000	0.000000	0.030325	0.000000	0.000000	0.000013	0.000000	0.000000	0.000000	132.131092	4.088917	8.727162
149	1.162159	1.502578e+04	795.11	1283.05	4.146369e-02	684.17	0.182138	0.786645	0.000877	0.000001	0.000000	0.000000	0.030325	0.000000	0.000000	0.000013	0.000000	0.000000	0.000000	132.131092	4.094507	8.765627
150	1.166986	1.493249e+04	797.89	1281.28	4.126315e-02	683.72	0.182138	0.786645	0.000877	0.000001	0.000000	0.000000	0.030325	0.000000	0.000000	0.000013	0.000000	0.000000	0.000000	132.131092	4.100087	8.804092
151	1.171673	1.484217e+04	800.58	1279.56	4.106871e-02	683.28	0.182138	0.786645	0.000877	0.000001	0.000000	0.000000	0.030325	0.000000	0.000000	0.000013	0.000000	0.000000	0.000000	132.131092	4.105655	8.842557
152	1.176229	1.475459e+04	803.19	1277.88	4.087990e-02	682.85	0.182138	0.786645	0.000877	0.000001	0.000000	0.000000	0.030325	0.000000	0.000000	0.000013	0.000000	0.000000	0.000000	132.131092	4.111212	8.881022
153	1.180664	1.466956e+04	805.73	1276.25	4.069632e-02	682.43	0.182138	0.786645	0.000877	0.000001	0.000000	0.000000	0.030325	0.000000	0.000000	0.000013	0.000000	0.000000	0.000000	132.131092	4.116758	8.919487
154	1.187483	1.453926e+04	809.62	1273.74	4.041448e-02	681.79	0.182138	0.786645	0.000877	0.000001	0.000000	0.000000	0.030325	0.000000	0.000000	0.000013	0.000000	0.000000	0.000000	132.131092	4.125545	8.980586
155	1.187479	1.453932e+04	809.61	1273.74	4.041462e-02	681.79	0.182138	0.786645	0.000877	0.000001	0.000000	0.000000	0.030325	0.000000	0.000000	0.000013	0.000000	0.000000	0.000000	132.131092	4.125545	8.980586
156	1.194043	1.441439e+04	813.35	1271.31	4.014382e-02	681.17	0.182138	0.786645	0.000877	0.000001	0.000000	0.000000	0.030325	0.000000	0.000000	0.000013	0.000000	0.000000	0.000000	132.131092	4.134304	9.041685
157	1.200372	1.429438e+04	816.94	1268.97	3.988315e-02	680.57	0.182138	0.786645	0.000877	0.000001	0.000000	0.000000	0.030325	0.000000	0.000000	0.000013	0.000000	0.000000	0.000000	132.131092	4.143035	9.102784
158	1.206488	1.417883e+04	820.40	1266.70	3.963166e-02	679.99	0.182138	0.786645	0.000877	0.000001	0.000000	0.000000	0.030325	0.000000	0.000000	0.000013	0.000000	0.000000	0.000000	132.131092	4.151738	9.163883
159	1.215616	1.400721e+04	825.55	1263.30	3.925719e-02	679.12	0.182138	0.786645	0.000877	0.000001	0.000000	0.000000	0.030325	0.000000	0.000000	0.000013	0.000000	0.000000	0.000000	132.131092	4.165209	9.258853
160	1.215621	1.400711e+04	825.55	1263.30	3.925699e-02	679.12	0.182138	0.786645	0.000877	0.000001	0.000000	0.000000	0.030325	0.000000	0.000000	0.000013	0.000000	0.000000	0.000000	132.131092	4.165209	9.258853
161	1.224334	1.384420e+04	830.45	1260.05	3.890048e-02	678.28	0.182138	0.786645	0.000877	0.000001	0.000000	0.000000	0.030325	0.000000	0.000000	0.000013	0.000000	0.000000	0.000000	132.131092	4.178613	9.353823
162	1.232681	1.368897e+04	835.12	1256.93	3.855980e-02	677.48	0.182138	0.786645	0.000877	0.000001	0.000000	0.000000	0.030325	0.000000	0.000000	0.000013	0.000000	0.000000	0.000000	132.131092	4.191950	9.448794
163	1.245302	1.345583e+04	842.15	1252.19	3.804633e-02	676.26	0.182138	0.786645	0.000877	0.000001	0.000000	0.000000	0.030325	0.000000	0.000000	0.000013	0.000000	0.000000	0.000000	132.131092	4.213057	9.600097
164	1.245302	1.345583e+04	842.15	1252.19	3.804633e-02	676.26	0.182138	0.786645	0.000877	0.000001	0.000000	0.000000	0.030325	0.000000	0.000000	0.000013	0.000000	0.000000	0.000000	132.131092	4.213057	9.600097
165	1.245302	1.345583e+04	842.15	1252.19	3.804633e-02	676.26	0.182138	0.786645	0.000877	0.000001	0.000000	0.000000	0.030325	0.000000	0.000000	0.000013	0.000000	0.000000	0.000000	132.131092	4.213057	9.600097
166	1.245302	1.345583e+04	842.15	1252.19	3.804633e-02	676.26	0.182138	0.786645	0.000877	0.000001	0.000000	0.000000	0.030325	0.000000	0.000000	0.000013	0.000000	0.000000	0.000000	132.131092	4.213057	9.600097
167	1.245302	1.345583e+04	842.15	1252.19	3.804633e-02	676.26	0.182138	0.786645	0.000877	0.000001	0.000000	0.000000	0.030325	0.000000	0.000000	0.000013	0.000000	0.000000	0.000000	132.131092	4.213057	9.600097
168	1.245302	1.345583e+04	842.15	1252.19	3.804633e-02	676.26	0.182138	0.786645	0.000877	0.000001	0.000000	0.000000	0.030325	0.000000	0.000000	0.000013	0.000000	0.000000	0.000000	132.131092	4.213057	9.600097
169	1.245302	1.345583e+04	842.15	1252.19	3.804633e-02	676.26	0.182138	0.786645	0.000877	0.000001	0.000000	0.000000	0.030325	0.000000	0.000000	0.000013	0.000000	0.000000	0.000000	132.131092	4.213057	9.600097
170	1.245302	1.345583e+04	842.15	1252.19	3.804633e-02	676.26	0.182138	0.786645	0.000877	0.000001	0.000000	0.000000	0.030325	0.000000	0.000000	0.000013	0.000000	0.000000	0.000000	132.131092	4.213057	9.600097
171	1.245302	1.345583e+04	842.15	1252.19	3.804633e-02	676.26	0.182138	0.786645	0.000877	0.000001	0.000000	0.000000	0.030325	0.000000	0.000000	0.000013	0.000000	0.000000	0.000000	132.131092	4.213057	9.600097
172	1.245302	1.345583e+04	842.15	1252.19	3.804633e-02	676.26	0.182138	0.786645	0.000877	0.000001	0.000000	0.000000	0.030325	0.000000	0.000000	0.000013	0.000000	0.000000	0.000000	132.131092	4.213057	9.600097
173	1.245302	1.345583e+04	842.15	1252.19	3.804633e-02	676.26	0.182138	0.786645	0.000877	0.000001	0.000000	0.000000	0.030325	0.000000	0.000000	0.000013	0.000000	0.000000	0.000000	132.131092	4.213057	9.600097
174	1.245302	1.345583e+04	842.15	1252.19	3.804633e-02	676.26	0.182138	0.786645	0.000877	0.000001	0.000000	0.000000	0.030325	0.000000	0.000000	0.000013	0.000000	0.000000	0.000000	132.131092	4.213057	9.600097
175	1.245302	1.345583e+04	842.15	1252.19	3.804633e-02	676.26	0.182138	0.786645	0.000877	0.000001	0.000000	0.000000	0.030325	0.000000	0.000000	0.000013	0.000000	0.000000	0.000000	132.131092	4.213057	9.600097
176	1.245302	1.345583e+04	842.15	1252.19	3.804633e-02	676.26	0.182138	0.786645	0.000877	0.000001	0.000000	0.000000	0.030325	0.000000	0.000000	0.000013	0.000000	0.000000	0.000000	132.131092	4.213057	9.600097
177	1.245302	1.345583e+04	842.15	1252.19	3.804633e-02	676.26	0.182138	0.786645	0.000877	0.000001	0.000000	0.000000	0.030325	0.000000	0.000000	0.000013	0.000000	0.000000	0.000000	132.131092	4.213057	9.600097
178	1.245302	1.345583e+04	842.15	1252.19	3.804633e-02	676.26	0.182138	0.786645	0.000877	0.000001	0.000000	0.000000	0.030325	0.000000	0.000000	0.000013	0.000000	0.000000	0.000000	132.131092	4.213057	9.600097
179	1.245302	1.345583e+04	842.15	1252.19	3.804633e-02	676.26	0.182138	0.786645	0.000877	0.000001	0.000000	0.000000	0.030325	0.000000	0.000000	0.000013	0.000000	0.000000	0.000000	132.131092	4.213057	9.600097
180	1.245302	1.345583e+04	842.15	1252.19	3.804633e-02	676.26	0.182138	0.786645	0.000877	0.000001	0.000000	0.000000	0.030325	0.000000	0.000000	0.000013	0.000000	0.000000	0.000000	132.131092	4.213057	9.600097
181	1.245302	1.345583e+04	842.15	1252.19	3.804633e-02	676.26	0.182138	0.786645	0.000877	0.000001	0.000000	0.000000	0.030325	0.000000	0.000000	0.000013	0.000000	0.000000	0.000000	132.131092	4.213057	9.600097
182	1.245302	1.345583e+04	842.15	1252.19	3.804633e-02	676.26	0.182138	0.786645	0.000877	0.000001	0.000000	0.000000	0.030325	0.000000	0.000000	0.000013	0.000000	0.000000	0.000000	132.131092	4.213057	9.600097
183	1.245302	1.345583e+04	842.15	1252.19	3.804633e-02	676.26	0.182138	0.786645	0.000877	0.000001	0.000000	0.000000	0.030325	0.000000	0.000000	0.000013	0.000000	0.000000	0.000000	132.131094	4.213057	9.600097
184	1.245318	1.345552e+04	842.16	1252.19	3.804570e-02	676.26	0.182138	0.786645	0.000877	0.000001	0.000000	0.000000	0.030325	0.000000	0.000000	0.000013	0.000000	0.000000	0.000000	132.131092	4.213057	9.600097
185	1.257211	1.323761e+04	848.75	1247.71	3.756374e-02	675.11	0.182138	0.786645	0.000877	0.000001	0.000000	0.000000	0.030325	0.000000	0.000000	0.000013	0.000000	0.000000	0.000000	132.131092	4.233993	9.751400
186	1.257225	1.323733e+04	848.76	1247.71	3.756318e-02	675.11	0.182138	0.786645	0.000877	0.000001	0.000000	0.000000	0.030325	0.000000	0.000000	0.000013	0.000000	0.000000	0.000000	132.131092	4.233993	9.751400
187	1.268472	1.303286e+04	854.96	1243.46	3.710909e-02	674.01	0.182138	0.786645	0.000877	0.000001	0.000000	0.000000	0.030325	0.000000	0.000000	0.000013	0.000000	0.000000	0.000000	132.131092	4.254757	9.902703
188	1.279195	1.283930e+04	860.85	1239.40	3.667771e-02	672.96	0.182138	0.786645	0.000877	0.000001	0.000000	0.000000	0.030325	0.000000	0.000000	0.000013	0.000000	0.000000	0.000000	132.131092	4.275349	10.054006
189	1.289421	1.265604e+04	866.43	1235.53	3.626779e-02	671.95	0.182138	0.786645	0.000877	0.000001	0.000000	0.000000	0.030325	0.000000	0.000000	0.000013	0.000000	0.000000	0.000000	132.131092	4.295770	10.205309
190	1.299181	1.248236e+04	871.74	1231.82	3.587786e-02	670.99	0.182138	0.786645	0.000877	0.000001	0.000000	0.000000	0.030325	0.000000	0.000000	0.000013	0.000000	0.000000	0.000000	132.131092	4.316019	10.356612
191	1.308519	1.231730e+04	876.79	1228.26	3.550595e-02	670.06	0.182138	0.786645	0.000877	0.000001	0.000000	0.000000	0.030325	0.000000	0.000000	0.000013	0.000000	0.000000	0.000000	132.131092	4.336096	10.507916
192	1.317484	1.215986e+04	881.63	1224.83	3.515001e-02	669.17	0.182138	0.786645	0.000877	0.000001	0.000000	0.000000	0.030325	0.000000	0.000000	0.000013	0.000000	0.000000	0.000000	132.131092	4.356002	10.659219
193	1.326109	1.200932e+04	886.26	1221.54	3.480862e-02	668.31	0.182138	0.786645	0.000877	0.000001	0.000000	0.000000	0.030325	0.000000	0.000000	0.000013	0.000000	0.000000	0.000000	132.131092	4.375736	10.810522
194	1.334414	1.186525e+04	890.70	1218.35	3.448084e-02	667.48	0.182138	0.786645	0.000877	0.000001	0.000000	0.000000	0.030325	0.000000	0.000000	0.000013	0.000000	0.000000	0.000000	132.131092	4.395298	10.961825
195	1.342417	1.172722e+04	894.96	1215.28	3.416581e-02	666.68	0.182138	0.786645	0.000877	0.000001	0.000000	0.000000	0.030325	0.000000	0.000000	0.000013	0.000000	0.000000	0.000000	132.131092	4.414688	11.113128
196	1.350140	1.159477e+04	899.06	1212.32	3.386261e-02	665.90	0.182138	0.786645	0.000877	0.000001	0.000000	0.000000	0.030325	0.000000	0.000000	0.000013	0.000000	0.000000	0.000000	132.131092	4.433907	11.264431
197	1.368672	1.127995e+04	908.84	1205.18	3.313816e-02	664.03	0.182138	0.786645	0.000877	0.000001	0.000000	0.000000	0.030325	0.000000	0.000000	0.000013	0.000000	0.000000	0.000000	132.131092	4.482114	11.650064
198	1.368685	1.127971e+04	908.85	1205.18	3.313766e-02	664.03	0.182138	0.786645	0.000877	0.000001	0.000000	0.000000	0.030325	0.000000	0.000000	0.000013	0.000000	0.000000	0.000000	132.131092	4.482114	11.650064
199	1.385722	1.099399e+04	917.76	1198.60	3.247529e-02	662.30	0.182138	0.786645	0.000877	0.000001	0.000000	0.000000	0.030325	0.000000	0.000000	0.000013	0.000000	0.000000	0.000000	132.131092	4.529206	12.035696
200	1.385768	1.099312e+04	917.79	1198.58	3.247352e-02	662.30	0.182138	0.786645	0.000877	0.000001	0.000000	0.000000	0.030325	0.000000	0.000000	0.000013	0.000000	0.000000	0.000000	132.131092	4.529206	12.035696
201	1.379329	1.110077e+04	914.43	1201.07	3.272344e-02	662.95	0.182138	0.786645	0.000877	0.000001	0.000000	0.000000	0.030325	0.000000	0.000000	0.000013	0.000000	0.000000	0.000000	132.131092	4.511188	11.887066
202	1.379341	1.110053e+04	914.43	1201.06	3.272297e-02	662.95	0.182138	0.786645	0.000877	0.000001	0.000000	0.000000	0.030325	0.000000	0.000000	0.000013	0.000000	0.000000	0.000000	132.131092	4.511188	11.887066
203	1.389483	1.093129e+04	919.72	1197.14	3.232955e-02	661.92	0.182138	0.786645	0.000877	0.000001	0.000000	0.000000	0.030325	0.000000	0.000000	0.000013	0.000000	0.000000	0.000000	132.131092	4.539840	12.124067
204	1.399161	1.077087e+04	924.75	1193.40	3.195513e-02	660.93	0.182138	0.786645	0.000877	0.000001	0.000000	0.000000	0.030325	0.000000	0.000000	0.000013	0.000000	0.000000	0.000000	132.131092	4.568072	12.361069
205	1.408399	1.061875e+04	929.52	1189.82	3.159864e-02	659.98	0.182138	0.786645	0.000877	0.000001	0.000000	0.000000	0.030325	0.000000	0.000000	0.000013	0.000000	0.000000	0.000000	132.131092	4.595882	12.598071
206	1.422476	1.038876e+04	936.75	1184.35	3.105686e-02	658.54	0.182138	0.786645	0.000877	0.000001	0.000000	0.000000	0.030325	0.000000	0.000000	0.000013	0.000000	0.000000	0.000000	132.131092	4.639955	12.981269
207	1.422479	1.038870e+04	936.75	1184.35	3.105675e-02	658.54	0.182138	0.786645	0.000877	0.000001	0.000000	0.000000	0.030325	0.000000	0.000000	0.000013	0.000000	0.000000	0.000000	132.131092	4.639955	12.981269
208	1.435584	1.017649e+04	943.44	1179.26	3.055372e-02	657.18	0.182138	0.786645	0.000877	0.000001	0.000000	0.000000	0.030325	0.000000	0.000000	0.000013	0.000000	0.000000	0.000000	132.131092	4.682927	13.364467
209	1.435593	1.017632e+04	943.45	1179.25	3.055337e-02	657.18	0.182138	0.786645	0.000877	0.000001	0.000000	0.000000	0.030325	0.000000	0.000000	0.000013	0.000000	0.000000	0.000000	132.131092	4.682927	13.364467
210	1.447816	9.979927e+03	949.65	1174.49	3.008504e-02	655.92	0.182138	0.786645	0.000877	0.000001	0.000000	0.000000	0.030325	0.000000	0.000000	0.000013	0.000000	0.000000	0.000000	132.131092	4.724798	13.747665
211	1.459240	9.797568e+03	955.41	1170.04	2.964772e-02	654.73	0.182138	0.786645	0.000877	0.000001	0.000000	0.000000	0.030325	0.000000	0.000000	0.000013	0.000000	0.000000	0.000000	132.131092	4.765568	14.130863
212	1.469917	9.628065e+03	960.77	1165.88	2.923893e-02	653.62	0.182138	0.786645	0.000877	0.000001	0.000000	0.000000	0.030325	0.000000	0.000000	0.000013	0.000000	0.000000	0.000000	132.131092	4.805236	14.514061
213	1.479896	9.470364e+03	965.75	1161.98	2.885647e-02	652.58	0.182138	0.786645	0.000877	0.000001	0.000000	0.000000	0.030325	0.000000	0.000000	0.000013	0.000000	0.000000	0.000000	132.131092	4.843803	14.897259
214	1.489223	9.323470e+03	970.38	1158.34	2.849826e-02	651.60	0.182138	0.786645	0.000877	0.000001	0.000000	0.000000	0.030325	0.000000	0.000000	0.000013	0.000000	0.000000	0.000000	132.131092	4.881269	15.280457
215	1.497939	9.186492e+03	974.69	1154.93	2.816242e-02	650.69	0.182138	0.786645	0.000877	0.000001	0.000000	0.000000	0.030325	0.000000	0.000000	0.000013	0.000000	0.000000	0.000000	132.131092	4.917633	15.663655
216	1.506081	9.058669e+03	978.70	1151.74	2.784736e-02	649.83	0.182138	0.786645	0.000877	0.000001	0.000000	0.000000	0.030325	0.000000	0.000000	0.000013	0.000000	0.000000	0.000000	132.131092	4.952896	16.046853
217	1.513678	8.939348e+03	982.43	1148.77	2.755168e-02	649.04	0.182138	0.786645	0.000877	0.000001	0.000000	0.000000	0.030325	0.000000	0.000000	0.000013	0.000000	0.000000	0.000000	132.131092	4.987058	16.430051
218	1.520757	8.827956e+03	985.89	1146.00	2.727417e-02	648.29	0.182138	0.786645	0.000877	0.000001	0.000000	0.000000	0.030325	0.000000	0.000000	0.000013	0.000000	0.000000	0.000000	132.131092	5.020118	16.813249
219	1.527344	8.723976e+03	989.10	1143.42	2.701372e-02	647.59	0.182138	0.786645	0.000877	0.000001	0.000000	0.000000	0.030325	0.000000	0.000000	0.000013	0.000000	0.000000	0.000000	132.131092	5.052078	17.196447
220	1.538310	8.549538e+03	994.42	1139.12	2.657339e-02	646.43	0.182138	0.786645	0.000877	0.000001	0.000000	0.000000	0.030325	0.000000	0.000000	0.000013	0.000000	0.000000	0.000000	132.131092	5.108339	17.905890
221	1.538313	8.549488e+03	994.42	1139.12	2.657329e-02	646.43	0.182138	0.786645	0.000877	0.000001	0.000000	0.000000	0.030325	0.000000	0.000000	0.000013	0.000000	0.000000	0.000000	132.131092	5.108339	17.905890
222	1.547781	8.396468e+03	998.98	1135.41	2.618291e-02	645.43	0.182138	0.786645	0.000877	0.000001	0.000000	0.000000	0.030325	0.000000	0.000000	0.000013	0.000000	0.000000	0.000000	132.131092	5.160826	18.615333
223	1.555859	8.262722e+03	1002.86	1132.25	2.583785e-02	644.57	0.182138	0.786645	0.000877	0.000001	0.000000	0.000000	0.030325	0.000000	0.000000	0.000013	0.000000	0.000000	0.000000	132.131092	5.209538	19.324777
224	1.555868	8.262543e+03	1002.87	1132.24	2.583748e-02	644.57	0.182138	0.786645	0.000877	0.000001	0.000000	0.000000	0.030325	0.000000	0.000000	0.000013	0.000000	0.000000	0.000000	132.131092	5.209538	19.324777
225	1.562639	8.146373e+03	1006.11	1129.59	2.553407e-02	643.85	0.182138	0.786645	0.000877	0.000001	0.000000	0.000000	0.030325	0.000000	0.000000	0.000013	0.000000	0.000000	0.000000	132.131092	5.254475	20.034220
226	1.568172	8.046398e+03	1008.75	1127.42	2.526926e-02	643.26	0.182138	0.786645	0.000877	0.000001	0.000000	0.000000	0.030325	0.000000	0.000000	0.000013	0.000000	0.000000	0.000000	132.131092	5.295637	20.743663
227	1.572524	7.961539e+03	1010.82	1125.71	2.504068e-02	642.80	0.182138	0.786645	0.000877	0.000001	0.000000	0.000000	0.030325	0.000000	0.000000	0.000013	0.000000	0.000000	0.000000	132.131092	5.333024	21.453107
228	1.575742	7.890889e+03	1012.35	1124.45	2.484632e-02	642.46	0.182138	0.786645	0.000877	0.000001	0.000000	0.000000	0.030325	0.000000	0.000000	0.000013	0.000000	0.000000	0.000000	132.131092	5.366637	22.162550
229	1.577869	7.833654e+03	1013.35	1123.62	2.468439e-02	642.23	0.182138	0.786645	0.000877	0.000001	0.000000	0.000000	0.030325	0.000000	0.000000	0.000013	0.000000	0.000000	0.000000	132.131092	5.396475	22.871993
230	1.578939	7.789190e+03	1013.86	1123.20	2.455346e-02	642.11	0.182138	0.786645	0.000877	0.000001	0.000000	0.000000	0.030325	0.000000	0.000000	0.000013	0.000000	0.000000	0.000000	132.131092	5.422537	23.581436
231	1.578125	7.737977e+03	1013.48	1123.52	2.438518e-02	642.20	0.182138	0.786645	0.000877	0.000001	0.000000	0.000000	0.030325	0.000000	0.000000	0.000013	0.000000	0.000000	0.000000	132.131092	5.461993	24.943432
232	1.578118	7.738118e+03	1013.47	1123.52	2.438546e-02	642.20	0.182138	0.786645	0.000877	0.000001	0.000000	0.000000	0.030325	0.000000	0.000000	0.000013	0.000000	0.000000	0.000000	132.131092	5.461993	24.943432
233	1.573639	7.730058e+03	1011.35	1125.28	2.432233e-02	642.68	0.182138	0.786645	0.000877	0.000001	0.000000	0.000000	0.030325	0.000000	0.000000	0.000013	0.000000	0.000000	0.000000	132.131092	5.487537	26.305428
234	1.573613	7.730531e+03	1011.33	1125.29	2.432329e-02	642.68	0.182138	0.786645	0.000877	0.000001	0.000000	0.000000	0.030325	0.000000	0.000000	0.000013	0.000000	0.000000	0.000000	132.131092	5.487537	26.305428
235	1.575270	7.728138e+03	1012.12	1124.64	2.432994e-02	642.51	0.182138	0.786645	0.000877	0.000001	0.000000	0.000000	0.030325	0.000000	0.000000	0.000013	0.000000	0.000000	0.000000	132.131092	5.481711	25.919467
236	1.575260	7.728324e+03	1012.12	1124.64	2.433032e-02	642.51	0.182138	0.786645	0.000877	0.000001	0.000000	0.000000	0.030325	0.000000	0.000000	0.000013	0.000000	0.000000	0.000000	132.131092	5.481711	25.919467
237	1.570538	7.740450e+03	1009.87	1126.49	2.432848e-02	643.01	0.182138	0.786645	0.000877	0.000001	0.000000	0.000000	0.030325	0.000000	0.000000	0.000013	0.000000	0.000000	0.000000	132.131092	5.494284	26.895501
238	1.563944	7.774782e+03	1006.73	1129.08	2.438039e-02	643.71	0.182138	0.786645	0.000877	0.000001	0.000000	0.000000	0.030325	0.000000	0.000000	0.000013	0.000000	0.000000	0.000000	132.131092	5.499711	27.871536
239	1.547538	7.892249e+03	998.87	1135.51	2.460840e-02	645.46	0.182138	0.786645	0.000877	0.000001	0.000000	0.000000	0.030325	0.000000	0.000000	0.000013	0.000000	0.000000	0.000000	132.131092	5.491724	29.606258
240	1.547549	7.892026e+03	998.87	1135.50	2.460795e-02	645.45	0.182138	0.786645	0.000877	0.000001	0.000000	0.000000	0.030325	0.000000	0.000000	0.000013	0.000000	0.000000	0.000000	132.131092	5.491724	29.606258
