Iteration	Mach	Pressure [Pa]	Velocity [m/s]	Temperature [K]	Density [kg/m^3]	Speed of Sound [m/s]	Y_O2	Y_N2	Y_H2	Y_OH	Y_O	Y_H	Y_H2O	Y_NO	Y_N	Y_HO2	Y_H2O2	Y_HNO	Y_NO2	Mass flow rate [kg/s]	Area [m^2]	Axial location
0	2.000000	5.949382e+04	1401.75	1311.94	1.564762e-01	700.87	0.208811	0.785529	0.005660	0.000000	0.000000	0.000000	0.000000	0.000000	0.000000	0.000000	0.000000	0.000000	0.000000	877.359576	4.000000	0.000000
1	2.000000	5.949382e+04	1401.75	1311.94	1.564762e-01	700.87	0.208811	0.785529	0.005660	0.000000	0.000000	0.000000	0.000000	0.000000	0.000000	0.000000	0.000000	0.000000	0.000000	877.359576	4.000000	0.000000
2	2.000000	5.949382e+04	1401.75	1311.94	1.564762e-01	700.87	0.208811	0.785529	0.005660	0.000000	0.000000	0.000000	0.000000	0.000000	0.000000	0.000000	0.000000	0.000000	0.000000	877.359576	4.000000	0.000000
3	2.000000	5.949382e+04	1401.75	1311.94	1.564762e-01	700.87	0.208811	0.785529	0.005660	0.000000	0.000000	0.000000	0.000000	0.000000	0.000000	0.000000	0.000000	0.000000	0.000000	877.359576	4.000000	0.000000
4	2.000000	5.949382e+04	1401.75	1311.94	1.564762e-01	700.87	0.208811	0.785529	0.005660	0.000000	0.000000	0.000000	0.000000	0.000000	0.000000	0.000000	0.000000	0.000000	0.000000	877.359576	4.000000	0.000000
5	2.000000	5.949382e+04	1401.75	1311.94	1.564762e-01	700.87	0.208811	0.785529	0.005660	0.000000	0.000000	0.000000	0.000000	0.000000	0.000000	0.000000	0.000000	0.000000	0.000000	877.359576	4.000000	0.000000
6	2.000000	5.949382e+04	1401.75	1311.94	1.564762e-01	700.87	0.208811	0.785529	0.005660	0.000000	0.000000	0.000000	0.000000	0.000000	0.000000	0.000000	0.000000	0.000000	0.000000	877.359576	4.000000	0.000000
7	2.000000	5.949382e+04	1401.75	1311.94	1.564762e-01	700.87	0.208811	0.785529	0.005660	0.000000	0.000000	0.000000	0.000000	0.000000	0.000000	0.000000	0.000000	0.000000	0.000000	877.359576	4.000000	0.000000
8	2.000000	5.949382e+04	1401.75	1311.94	1.564762e-01	700.87	0.208811	0.785529	0.005660	0.000000	0.000000	0.000000	0.000000	0.000000	0.000000	0.000000	0.000000	0.000000	0.000000	877.359576	4.000000	0.000000
9	2.000000	5.949382e+04	1401.75	1311.94	1.564762e-01	700.87	0.208811	0.785529	0.005660	0.000000	0.000000	0.000000	0.000000	0.000000	0.000000	0.000000	0.000000	0.000000	0.000000	877.359576	4.000000	0.000000
10	2.000000	5.949382e+04	1401.75	1311.94	1.564762e-01	700.87	0.208811	0.785529	0.005660	0.000000	0.000000	0.000000	0.000000	0.000000	0.000000	0.000000	0.000000	0.000000	0.000000	877.359576	4.000000	0.000000
11	2.000000	5.949382e+04	1401.75	1311.94	1.564762e-01	700.87	0.208811	0.785529	0.005660	0.000000	0.000000	0.000000	0.000000	0.000000	0.000000	0.000000	0.000000	0.000000	0.000000	877.359576	4.000000	0.000000
12	2.000000	5.949382e+04	1401.75	1311.94	1.564762e-01	700.87	0.208811	0.785529	0.005660	0.000000	0.000000	0.000000	0.000000	0.000000	0.000000	0.000000	0.000000	0.000000	0.000000	877.359576	4.000000	0.000000
13	2.000000	5.949382e+04	1401.75	1311.94	1.564762e-01	700.87	0.208811	0.785529	0.005660	0.000000	0.000000	0.000000	0.000000	0.000000	0.000000	0.000000	0.000000	0.000000	0.000000	877.359576	4.000000	0.000000
14	2.000000	5.949382e+04	1401.75	1311.94	1.564762e-01	700.87	0.208811	0.785529	0.005660	0.000000	0.000000	0.000000	0.000000	0.000000	0.000000	0.000000	0.000000	0.000000	0.000000	877.359576	4.000000	0.000000
15	2.000000	5.949382e+04	1401.75	1311.94	1.564762e-01	700.87	0.208811	0.785529	0.005660	0.000000	0.000000	0.000000	0.000000	0.000000	0.000000	0.000000	0.000000	0.000000	0.000000	877.359576	4.000000	0.000000
16	2.000000	5.949382e+04	1401.75	1311.94	1.564762e-01	700.87	0.208811	0.785529	0.005660	0.000000	0.000000	0.000000	0.000000	0.000000	0.000000	0.000000	0.000000	0.000000	0.000000	877.359576	4.000000	0.000000
17	2.000000	5.949382e+04	1401.75	1311.94	1.564762e-01	700.87	0.208811	0.785529	0.005660	0.000000	0.000000	0.000000	0.000000	0.000000	0.000000	0.000000	0.000000	0.000000	0.000000	877.359576	4.000000	0.000000
18	2.000000	5.949382e+04	1401.75	1311.94	1.564762e-01	700.87	0.208811	0.785529	0.005660	0.000000	0.000000	0.000000	0.000000	0.000000	0.000000	0.000000	0.000000	0.000000	0.000000	877.359576	4.000000	0.000000
19	2.000000	5.949382e+04	1401.75	1311.94	1.564762e-01	700.87	0.208811	0.785529	0.005660	0.000000	0.000000	0.000000	0.000000	0.000000	0.000000	0.000000	0.000000	0.000000	0.000000	877.359576	4.000000	0.000000
20	2.000000	5.949382e+04	1401.75	1311.94	1.564762e-01	700.87	0.208811	0.785529	0.005660	0.000000	0.000000	0.000000	0.000000	0.000000	0.000000	0.000000	0.000000	0.000000	0.000000	877.359576	4.000000	0.000000
21	2.000000	5.949382e+04	1401.75	1311.94	1.564762e-01	700.87	0.208811	0.785529	0.005660	0.000000	0.000000	0.000000	0.000000	0.000000	0.000000	0.000000	0.000000	0.000000	0.000000	877.359576	4.000000	0.000000
22	2.000000	5.949382e+04	1401.75	1311.94	1.564762e-01	700.87	0.208811	0.785529	0.005660	0.000000	0.000000	0.000000	0.000000	0.000000	0.000000	0.000000	0.000000	0.000000	0.000000	877.359576	4.000000	0.000000
23	2.000000	5.949382e+04	1401.75	1311.94	1.564762e-01	700.87	0.208811	0.785529	0.005660	0.000000	0.000000	0.000000	0.000000	0.000000	0.000000	0.000000	0.000000	0.000000	0.000000	877.359576	4.000000	0.000000
24	2.000000	5.949382e+04	1401.75	1311.94	1.564762e-01	700.87	0.208811	0.785529	0.005660	0.000000	0.000000	0.000000	0.000000	0.000000	0.000000	0.000000	0.000000	0.000000	0.000000	877.359576	4.000000	0.000000
25	2.000000	5.949382e+04	1401.75	1311.94	1.564762e-01	700.87	0.208811	0.785529	0.005660	0.000000	0.000000	0.000000	0.000000	0.000000	0.000000	0.000000	0.000000	0.000000	0.000000	877.359589	4.000000	0.000000
26	2.000000	5.949381e+04	1401.75	1311.94	1.564762e-01	700.87	0.208811	0.785529	0.005660	0.000000	0.000000	0.000000	0.000000	0.000000	0.000000	0.000000	0.000000	0.000000	0.000000	877.359576	4.000000	0.000000
27	2.000000	5.949380e+04	1401.75	1311.94	1.564762e-01	700.87	0.208811	0.785529	0.005660	0.000000	0.000000	0.000000	0.000000	0.000000	0.000000	0.000000	0.000000	0.000000	0.000000	877.359576	4.000000	0.000000
28	2.000000	5.949381e+04	1401.75	1311.94	1.564762e-01	700.87	0.208811	0.785529	0.005660	0.000000	0.000000	0.000000	0.000000	0.000000	0.000000	0.000000	0.000000	0.000000	0.000000	877.359576	4.000000	0.000000
29	2.000000	5.949380e+04	1401.75	1311.94	1.564762e-01	700.87	0.208811	0.785529	0.005660	0.000000	0.000000	0.000000	0.000000	0.000000	0.000000	0.000000	0.000000	0.000000	0.000000	877.359576	4.000000	0.000000
30	2.000001	5.949378e+04	1401.75	1311.94	1.564762e-01	700.87	0.208811	0.785529	0.005660	0.000000	0.000000	0.000000	0.000000	0.000000	0.000000	0.000000	0.000000	0.000000	0.000000	877.359576	4.000000	0.000000
31	2.000001	5.949378e+04	1401.75	1311.94	1.564762e-01	700.87	0.208811	0.785529	0.005660	0.000000	0.000000	0.000000	0.000000	0.000000	0.000000	0.000000	0.000000	0.000000	0.000000	877.359576	4.000000	0.000000
32	2.000001	5.949377e+04	1401.75	1311.94	1.564762e-01	700.87	0.208811	0.785529	0.005660	0.000000	0.000000	0.000000	0.000000	0.000000	0.000000	0.000000	0.000000	0.000000	0.000000	877.359576	4.000000	0.000000
33	2.000001	5.949377e+04	1401.75	1311.94	1.564762e-01	700.87	0.208811	0.785529	0.005660	0.000000	0.000000	0.000000	0.000000	0.000000	0.000000	0.000000	0.000000	0.000000	0.000000	877.359576	4.000000	0.000000
34	2.000001	5.949377e+04	1401.75	1311.94	1.564762e-01	700.87	0.208811	0.785529	0.005660	0.000000	0.000000	0.000000	0.000000	0.000000	0.000000	0.000000	0.000000	0.000000	0.000000	877.359576	4.000000	0.000000
35	2.000001	5.949377e+04	1401.75	1311.94	1.564762e-01	700.87	0.208811	0.785529	0.005660	0.000000	0.000000	0.000000	0.000000	0.000000	0.000000	0.000000	0.000000	0.000000	0.000000	877.359576	4.000000	0.000000
36	2.000001	5.949377e+04	1401.75	1311.94	1.564762e-01	700.87	0.208811	0.785529	0.005660	0.000000	0.000000	0.000000	0.000000	0.000000	0.000000	0.000000	0.000000	0.000000	0.000000	877.359576	4.000000	0.000000
37	2.000001	5.949377e+04	1401.75	1311.94	1.564762e-01	700.87	0.208811	0.785529	0.005660	0.000000	0.000000	0.000000	0.000000	0.000000	0.000000	0.000000	0.000000	0.000000	0.000000	877.359576	4.000000	0.000000
38	2.000001	5.949377e+04	1401.75	1311.94	1.564762e-01	700.87	0.208811	0.785529	0.005660	0.000000	0.000000	0.000000	0.000000	0.000000	0.000000	0.000000	0.000000	0.000000	0.000000	877.359576	4.000000	0.000000
39	2.000001	5.949377e+04	1401.75	1311.94	1.564762e-01	700.87	0.208811	0.785529	0.005660	0.000000	0.000000	0.000000	0.000000	0.000000	0.000000	0.000000	0.000000	0.000000	0.000000	877.359576	4.000000	0.000000
40	2.000001	5.949377e+04	1401.75	1311.94	1.564762e-01	700.87	0.208811	0.785529	0.005660	0.000000	0.000000	0.000000	0.000000	0.000000	0.000000	0.000000	0.000000	0.000000	0.000000	877.359576	4.000000	0.000000
41	2.000001	5.949377e+04	1401.75	1311.94	1.564762e-01	700.87	0.208811	0.785529	0.005660	0.000000	0.000000	0.000000	0.000000	0.000000	0.000000	0.000000	0.000000	0.000000	0.000000	877.359576	4.000000	0.000000
42	2.000001	5.949377e+04	1401.75	1311.94	1.564762e-01	700.87	0.208811	0.785529	0.005660	0.000000	0.000000	0.000000	0.000000	0.000000	0.000000	0.000000	0.000000	0.000000	0.000000	877.359576	4.000000	0.000000
43	2.000001	5.949377e+04	1401.75	1311.94	1.564762e-01	700.87	0.208811	0.785529	0.005660	0.000000	0.000000	0.000000	0.000000	0.000000	0.000000	0.000000	0.000000	0.000000	0.000000	877.359576	4.000000	0.000000
44	2.000001	5.949377e+04	1401.75	1311.94	1.564762e-01	700.87	0.208811	0.785529	0.005660	0.000000	0.000000	0.000000	0.000000	0.000000	0.000000	0.000000	0.000000	0.000000	0.000000	877.359576	4.000000	0.000000
45	2.000001	5.949377e+04	1401.75	1311.94	1.564762e-01	700.87	0.208811	0.785529	0.005660	0.000000	0.000000	0.000000	0.000000	0.000000	0.000000	0.000000	0.000000	0.000000	0.000000	877.359576	4.000000	0.000000
46	2.000001	5.949377e+04	1401.75	1311.94	1.564762e-01	700.87	0.208811	0.785529	0.005660	0.000000	0.000000	0.000000	0.000000	0.000000	0.000000	0.000000	0.000000	0.000000	0.000000	877.359576	4.000000	0.000000
47	2.000001	5.949377e+04	1401.75	1311.94	1.564762e-01	700.87	0.208811	0.785529	0.005660	0.000000	0.000000	0.000000	0.000000	0.000000	0.000000	0.000000	0.000000	0.000000	0.000000	877.359576	4.000000	0.000000
48	2.000001	5.949377e+04	1401.75	1311.94	1.564762e-01	700.87	0.208811	0.785529	0.005660	0.000000	0.000000	0.000000	0.000000	0.000000	0.000000	0.000000	0.000000	0.000000	0.000000	877.359576	4.000000	0.000000
49	2.000001	5.949377e+04	1401.75	1311.94	1.564762e-01	700.87	0.208811	0.785529	0.005660	0.000000	0.000000	0.000000	0.000000	0.000000	0.000000	0.000000	0.000000	0.000000	0.000000	877.359576	4.000000	0.000000
50	2.000001	5.949377e+04	1401.75	1311.94	1.564762e-01	700.87	0.208811	0.785529	0.005660	0.000000	0.000000	0.000000	0.000000	0.000000	0.000000	0.000000	0.000000	0.000000	0.000000	877.359576	4.000000	0.000000
51	2.000001	5.949377e+04	1401.75	1311.94	1.564762e-01	700.87	0.208811	0.785529	0.005660	0.000000	0.000000	0.000000	0.000000	0.000000	0.000000	0.000000	0.000000	0.000000	0.000000	877.359576	4.000000	0.000000
52	2.000001	5.949377e+04	1401.75	1311.94	1.564762e-01	700.87	0.208811	0.785529	0.005660	0.000000	0.000000	0.000000	0.000000	0.000000	0.000000	0.000000	0.000000	0.000000	0.000000	877.359576	4.000000	0.000000
53	2.000001	5.949377e+04	1401.75	1311.94	1.564762e-01	700.87	0.208811	0.785529	0.005660	0.000000	0.000000	0.000000	0.000000	0.000000	0.000000	0.000000	0.000000	0.000000	0.000000	877.359576	4.000000	0.000000
54	2.000001	5.949377e+04	1401.75	1311.94	1.564762e-01	700.87	0.208811	0.785529	0.005660	0.000000	0.000000	0.000000	0.000000	0.000000	0.000000	0.000000	0.000000	0.000000	0.000000	877.359576	4.000000	0.000000
55	2.000001	5.949377e+04	1401.75	1311.94	1.564762e-01	700.87	0.208811	0.785529	0.005660	0.000000	0.000000	0.000000	0.000000	0.000000	0.000000	0.000000	0.000000	0.000000	0.000000	877.359576	4.000000	0.000000
56	2.000001	5.949377e+04	1401.75	1311.94	1.564762e-01	700.87	0.208811	0.785529	0.005660	0.000000	0.000000	0.000000	0.000000	0.000000	0.000000	0.000000	0.000000	0.000000	0.000000	877.359589	4.000000	0.000000
57	2.000001	5.949377e+04	1401.75	1311.94	1.564762e-01	700.87	0.208811	0.785529	0.005660	0.000000	0.000000	0.000000	0.000000	0.000000	0.000000	0.000000	0.000000	0.000000	0.000000	877.359576	4.000000	0.000000
58	2.000001	5.949378e+04	1401.75	1311.94	1.564762e-01	700.87	0.208811	0.785529	0.005660	0.000000	0.000000	0.000000	0.000000	0.000000	0.000000	0.000000	0.000000	0.000000	0.000000	877.359576	4.000000	0.000000
59	2.000001	5.949377e+04	1401.75	1311.94	1.564762e-01	700.87	0.208811	0.785529	0.005660	0.000000	0.000000	0.000000	0.000000	0.000000	0.000000	0.000000	0.000000	0.000000	0.000000	877.359576	4.000000	0.000000
60	2.000001	5.949378e+04	1401.75	1311.94	1.564762e-01	700.87	0.208811	0.785529	0.005660	0.000000	0.000000	0.000000	0.000000	0.000000	0.000000	0.000000	0.000000	0.000000	0.000000	877.359576	4.000000	0.000000
61	2.000001	5.949379e+04	1401.75	1311.94	1.564762e-01	700.87	0.208811	0.785529	0.005660	0.000000	0.000000	0.000000	0.000000	0.000000	0.000000	0.000000	0.000000	0.000000	0.000000	877.359576	4.000000	0.000000
62	2.000000	5.949380e+04	1401.75	1311.94	1.564762e-01	700.87	0.208811	0.785529	0.005660	0.000000	0.000000	0.000000	0.000000	0.000000	0.000000	0.000000	0.000000	0.000000	0.000000	877.359576	4.000000	0.000000
63	2.000000	5.949381e+04	1401.75	1311.94	1.564762e-01	700.87	0.208811	0.785529	0.005660	0.000000	0.000000	0.000000	0.000000	0.000000	0.000000	0.000000	0.000000	0.000000	0.000000	877.359576	4.000000	0.000000
64	2.000000	5.949382e+04	1401.75	1311.94	1.564762e-01	700.87	0.208811	0.785529	0.005660	0.000000	0.000000	0.000000	0.000000	0.000000	0.000000	0.000000	0.000000	0.000000	0.000000	877.359576	4.000000	0.000000
65	2.000000	5.949384e+04	1401.75	1311.94	1.564762e-01	700.87	0.208811	0.785529	0.005660	0.000000	0.000000	0.000000	0.000000	0.000000	0.000000	0.000000	0.000000	0.000000	0.000000	877.359576	4.000000	0.000000
66	1.999999	5.949387e+04	1401.75	1311.94	1.564763e-01	700.87	0.208811	0.785529	0.005660	0.000000	0.000000	0.000000	0.000000	0.000000	0.000000	0.000001	0.000000	0.000000	0.000000	877.359576	4.000000	0.000000
67	1.999999	5.949389e+04	1401.75	1311.95	1.564763e-01	700.87	0.208810	0.785529	0.005660	0.000000	0.000000	0.000000	0.000000	0.000000	0.000000	0.000001	0.000000	0.000000	0.000000	877.359576	4.000000	0.000000
68	1.999998	5.949395e+04	1401.75	1311.95	1.564763e-01	700.87	0.208810	0.785529	0.005660	0.000000	0.000000	0.000000	0.000000	0.000000	0.000000	0.000001	0.000000	0.000000	0.000000	877.359576	4.000000	0.000000
69	1.999996	5.949405e+04	1401.74	1311.95	1.564764e-01	700.87	0.208809	0.785529	0.005660	0.000000	0.000000	0.000000	0.000001	0.000000	0.000000	0.000002	0.000000	0.000000	0.000000	877.359576	4.000000	0.000000
70	1.999991	5.949431e+04	1401.74	1311.95	1.564765e-01	700.87	0.208808	0.785529	0.005660	0.000000	0.000000	0.000000	0.000001	0.000000	0.000000	0.000003	0.000000	0.000000	0.000000	877.359576	4.000000	0.000000
71	1.999981	5.949486e+04	1401.74	1311.97	1.564768e-01	700.88	0.208805	0.785529	0.005660	0.000000	0.000000	0.000000	0.000002	0.000000	0.000000	0.000005	0.000000	0.000000	0.000000	877.359576	4.000000	0.000000
72	1.999981	5.949486e+04	1401.74	1311.97	1.564768e-01	700.88	0.208805	0.785529	0.005660	0.000000	0.000000	0.000000	0.000002	0.000000	0.000000	0.000005	0.000000	0.000000	0.000000	877.359576	4.000000	0.000000
73	1.999958	5.949605e+04	1401.74	1311.99	1.564774e-01	700.88	0.208799	0.785529	0.005659	0.000000	0.000000	0.000000	0.000004	0.000000	0.000000	0.000009	0.000000	0.000000	0.000000	877.359576	4.000000	0.000000
74	1.999958	5.949606e+04	1401.74	1311.99	1.564774e-01	700.88	0.208799	0.785529	0.005659	0.000000	0.000000	0.000000	0.000004	0.000000	0.000000	0.000009	0.000000	0.000000	0.000000	877.359576	4.000000	0.000000
75	1.999931	5.949753e+04	1401.73	1312.02	1.564781e-01	700.89	0.208792	0.785529	0.005659	0.000000	0.000000	0.000000	0.000006	0.000000	0.000000	0.000013	0.000001	0.000000	0.000000	877.359576	4.000000	0.000000
76	1.999931	5.949754e+04	1401.73	1312.02	1.564781e-01	700.89	0.208792	0.785529	0.005659	0.000000	0.000000	0.000000	0.000006	0.000000	0.000000	0.000013	0.000001	0.000000	0.000000	877.359576	4.000000	0.000000
77	1.999898	5.949930e+04	1401.72	1312.06	1.564790e-01	700.90	0.208785	0.785529	0.005658	0.000000	0.000000	0.000000	0.000008	0.000000	0.000000	0.000017	0.000002	0.000000	0.000000	877.359576	4.000000	0.000000
78	1.999859	5.950136e+04	1401.71	1312.10	1.564801e-01	700.91	0.208778	0.785529	0.005658	0.000000	0.000000	0.000000	0.000011	0.000000	0.000000	0.000021	0.000003	0.000000	0.000000	877.359576	4.000000	0.000000
79	1.999815	5.950371e+04	1401.70	1312.15	1.564813e-01	700.92	0.208770	0.785529	0.005657	0.000000	0.000000	0.000000	0.000014	0.000000	0.000000	0.000026	0.000004	0.000000	0.000000	877.359576	4.000000	0.000000
80	1.999765	5.950638e+04	1401.69	1312.21	1.564826e-01	700.93	0.208761	0.785529	0.005657	0.000000	0.000000	0.000000	0.000018	0.000000	0.000000	0.000030	0.000006	0.000000	0.000000	877.359576	4.000000	0.000000
81	1.999709	5.950935e+04	1401.67	1312.27	1.564841e-01	700.94	0.208752	0.785529	0.005656	0.000000	0.000000	0.000000	0.000022	0.000000	0.000000	0.000034	0.000007	0.000000	0.000000	877.359576	4.000000	0.000000
82	1.999647	5.951263e+04	1401.66	1312.34	1.564858e-01	700.95	0.208743	0.785529	0.005655	0.000000	0.000000	0.000000	0.000026	0.000000	0.000000	0.000038	0.000009	0.000000	0.000000	877.359576	4.000000	0.000000
83	1.999579	5.951621e+04	1401.64	1312.41	1.564876e-01	700.97	0.208733	0.785529	0.005655	0.000000	0.000000	0.000000	0.000030	0.000000	0.000000	0.000042	0.000012	0.000000	0.000000	877.359576	4.000000	0.000000
84	1.999579	5.951622e+04	1401.64	1312.41	1.564876e-01	700.97	0.208733	0.785529	0.005655	0.000000	0.000000	0.000000	0.000030	0.000000	0.000000	0.000042	0.000012	0.000000	0.000000	877.359576	4.000000	0.000000
85	1.999579	5.951621e+04	1401.64	1312.41	1.564876e-01	700.97	0.208733	0.785529	0.005655	0.000000	0.000000	0.000000	0.000030	0.000000	0.000000	0.000042	0.000012	0.000000	0.000000	877.359576	4.000000	0.000000
86	1.999579	5.951621e+04	1401.64	1312.41	1.564876e-01	700.97	0.208733	0.785529	0.005655	0.000000	0.000000	0.000000	0.000030	0.000000	0.000000	0.000042	0.000012	0.000000	0.000000	877.359576	4.000000	0.000000
87	1.999579	5.951621e+04	1401.64	1312.41	1.564876e-01	700.97	0.208733	0.785529	0.005655	0.000000	0.000000	0.000000	0.000030	0.000000	0.000000	0.000042	0.000012	0.000000	0.000000	877.359576	4.000000	0.000000
88	1.999579	5.951621e+04	1401.64	1312.41	1.564876e-01	700.97	0.208733	0.785529	0.005655	0.000000	0.000000	0.000000	0.000030	0.000000	0.000000	0.000042	0.000012	0.000000	0.000000	877.359576	4.000000	0.000000
89	1.999579	5.951622e+04	1401.64	1312.41	1.564876e-01	700.97	0.208733	0.785529	0.005655	0.000000	0.000000	0.000000	0.000030	0.000000	0.000000	0.000042	0.000012	0.000000	0.000000	877.359576	4.000000	0.000000
90	1.999579	5.951621e+04	1401.64	1312.41	1.564876e-01	700.97	0.208733	0.785529	0.005655	0.000000	0.000000	0.000000	0.000030	0.000000	0.000000	0.000042	0.000012	0.000000	0.000000	877.359576	4.000000	0.000000
91	1.999579	5.951621e+04	1401.64	1312.41	1.564876e-01	700.97	0.208733	0.785529	0.005655	0.000000	0.000000	0.000000	0.000030	0.000000	0.000000	0.000042	0.000012	0.000000	0.000000	877.359576	4.000000	0.000000
92	1.999579	5.951621e+04	1401.64	1312.41	1.564876e-01	700.97	0.208733	0.785529	0.005655	0.000000	0.000000	0.000000	0.000030	0.000000	0.000000	0.000042	0.000012	0.000000	0.000000	877.359576	4.000000	0.000000
93	1.999579	5.951621e+04	1401.64	1312.41	1.564876e-01	700.97	0.208733	0.785529	0.005655	0.000000	0.000000	0.000000	0.000030	0.000000	0.000000	0.000042	0.000012	0.000000	0.000000	877.359576	4.000000	0.000000
94	1.999579	5.951621e+04	1401.64	1312.41	1.564876e-01	700.97	0.208733	0.785529	0.005655	0.000000	0.000000	0.000000	0.000030	0.000000	0.000000	0.000042	0.000012	0.000000	0.000000	877.359576	4.000000	0.000000
95	1.999579	5.951621e+04	1401.64	1312.41	1.564876e-01	700.97	0.208733	0.785529	0.005655	0.000000	0.000000	0.000000	0.000030	0.000000	0.000000	0.000042	0.000012	0.000000	0.000000	877.359576	4.000000	0.000000
96	1.999579	5.951621e+04	1401.64	1312.41	1.564876e-01	700.97	0.208733	0.785529	0.005655	0.000000	0.000000	0.000000	0.000030	0.000000	0.000000	0.000042	0.000012	0.000000	0.000000	877.359576	4.000000	0.000000
97	1.999579	5.951621e+04	1401.64	1312.41	1.564876e-01	700.97	0.208733	0.785529	0.005655	0.000000	0.000000	0.000000	0.000030	0.000000	0.000000	0.000042	0.000012	0.000000	0.000000	877.359576	4.000000	0.000000
98	1.999579	5.951621e+04	1401.64	1312.41	1.564876e-01	700.97	0.208733	0.785529	0.005655	0.000000	0.000000	0.000000	0.000030	0.000000	0.000000	0.000042	0.000012	0.000000	0.000000	877.359576	4.000000	0.000000
99	1.999579	5.951621e+04	1401.64	1312.41	1.564876e-01	700.97	0.208733	0.785529	0.005655	0.000000	0.000000	0.000000	0.000030	0.000000	0.000000	0.000042	0.000012	0.000000	0.000000	877.359576	4.000000	0.000000
100	1.999579	5.951621e+04	1401.64	1312.41	1.564876e-01	700.97	0.208733	0.785529	0.005655	0.000000	0.000000	0.000000	0.000030	0.000000	0.000000	0.000042	0.000012	0.000000	0.000000	877.359576	4.000000	0.000000
101	1.999579	5.951621e+04	1401.64	1312.41	1.564876e-01	700.97	0.208733	0.785529	0.005655	0.000000	0.000000	0.000000	0.000030	0.000000	0.000000	0.000042	0.000012	0.000000	0.000000	877.359576	4.000000	0.000000
102	1.999579	5.951621e+04	1401.64	1312.41	1.564876e-01	700.97	0.208733	0.785529	0.005655	0.000000	0.000000	0.000000	0.000030	0.000000	0.000000	0.000042	0.000012	0.000000	0.000000	877.359576	4.000000	0.000000
103	1.999579	5.951621e+04	1401.64	1312.41	1.564876e-01	700.97	0.208733	0.785529	0.005655	0.000000	0.000000	0.000000	0.000030	0.000000	0.000000	0.000042	0.000012	0.000000	0.000000	877.359576	4.000000	0.000000
104	1.999579	5.951621e+04	1401.64	1312.41	1.564876e-01	700.97	0.208733	0.785529	0.005655	0.000000	0.000000	0.000000	0.000030	0.000000	0.000000	0.000042	0.000012	0.000000	0.000000	877.359576	4.000000	0.000000
105	1.999579	5.951621e+04	1401.64	1312.41	1.564876e-01	700.97	0.208733	0.785529	0.005655	0.000000	0.000000	0.000000	0.000030	0.000000	0.000000	0.000042	0.000012	0.000000	0.000000	877.359576	4.000000	0.000000
106	1.999579	5.951621e+04	1401.64	1312.41	1.564876e-01	700.97	0.208733	0.785529	0.005655	0.000000	0.000000	0.000000	0.000030	0.000000	0.000000	0.000042	0.000012	0.000000	0.000000	877.359589	4.000000	0.000000
107	1.999579	5.951621e+04	1401.64	1312.41	1.564876e-01	700.97	0.208733	0.785529	0.005655	0.000000	0.000000	0.000000	0.000030	0.000000	0.000000	0.000042	0.000012	0.000000	0.000000	877.359576	4.000000	0.000000
108	1.999606	5.951475e+04	1401.65	1312.38	1.564869e-01	700.96	0.208737	0.785529	0.005655	0.000000	0.000000	0.000000	0.000029	0.000000	0.000000	0.000040	0.000011	0.000000	0.000000	877.359576	4.000000	0.000000
109	1.999606	5.951475e+04	1401.65	1312.38	1.564869e-01	700.96	0.208737	0.785529	0.005655	0.000000	0.000000	0.000000	0.000029	0.000000	0.000000	0.000040	0.000011	0.000000	0.000000	877.359576	4.000000	0.000000
110	1.999564	5.951699e+04	1401.64	1312.43	1.564880e-01	700.97	0.208731	0.785529	0.005654	0.000000	0.000000	0.000000	0.000031	0.000000	0.000000	0.000042	0.000012	0.000000	0.000000	877.359576	4.000000	0.000000
111	1.999564	5.951699e+04	1401.64	1312.43	1.564880e-01	700.97	0.208731	0.785529	0.005654	0.000000	0.000000	0.000000	0.000031	0.000000	0.000000	0.000042	0.000012	0.000000	0.000000	877.359576	4.000000	0.000000
112	1.999519	5.951935e+04	1401.63	1312.47	1.564892e-01	700.98	0.208724	0.785529	0.005654	0.000000	0.000000	0.000000	0.000034	0.000000	0.000000	0.000045	0.000014	0.000000	0.000000	877.359576	4.000000	0.000000
113	1.999473	5.952182e+04	1401.62	1312.52	1.564905e-01	700.99	0.208718	0.785529	0.005654	0.000000	0.000000	0.000000	0.000037	0.000000	0.000000	0.000047	0.000016	0.000000	0.000000	877.359576	4.000000	0.000001
114	1.999424	5.952439e+04	1401.61	1312.58	1.564918e-01	701.01	0.208712	0.785529	0.005653	0.000000	0.000000	0.000000	0.000041	0.000000	0.000000	0.000049	0.000017	0.000000	0.000000	877.359576	4.000000	0.000001
115	1.999373	5.952708e+04	1401.59	1312.63	1.564932e-01	701.02	0.208705	0.785529	0.005652	0.000000	0.000000	0.000000	0.000044	0.000000	0.000000	0.000051	0.000019	0.000000	0.000000	877.359576	4.000000	0.000001
116	1.999320	5.952987e+04	1401.58	1312.69	1.564946e-01	701.03	0.208698	0.785529	0.005652	0.000000	0.000000	0.000000	0.000047	0.000000	0.000000	0.000053	0.000021	0.000000	0.000000	877.359576	4.000000	0.000001
117	1.999266	5.953277e+04	1401.57	1312.75	1.564961e-01	701.04	0.208691	0.785529	0.005651	0.000000	0.000000	0.000000	0.000051	0.000000	0.000000	0.000055	0.000023	0.000000	0.000000	877.359576	4.000000	0.000001
118	1.999209	5.953577e+04	1401.55	1312.81	1.564976e-01	701.05	0.208684	0.785529	0.005651	0.000000	0.000000	0.000000	0.000054	0.000000	0.000000	0.000057	0.000025	0.000000	0.000000	877.359576	4.000000	0.000001
119	1.999150	5.953888e+04	1401.54	1312.87	1.564992e-01	701.07	0.208677	0.785529	0.005650	0.000000	0.000000	0.000000	0.000058	0.000000	0.000000	0.000059	0.000027	0.000000	0.000000	877.359576	4.000000	0.000001
120	1.999089	5.954208e+04	1401.53	1312.93	1.565008e-01	701.08	0.208669	0.785529	0.005650	0.000000	0.000000	0.000000	0.000062	0.000000	0.000000	0.000061	0.000030	0.000000	0.000000	877.359576	4.000000	0.000001
121	1.999089	5.954208e+04	1401.53	1312.93	1.565008e-01	701.08	0.208669	0.785529	0.005650	0.000000	0.000000	0.000000	0.000062	0.000000	0.000000	0.000061	0.000030	0.000000	0.000000	877.359576	4.000000	0.000001
122	1.999027	5.954538e+04	1401.51	1313.00	1.565025e-01	701.10	0.208662	0.785529	0.005649	0.000000	0.000000	0.000000	0.000066	0.000000	0.000000	0.000062	0.000032	0.000000	0.000000	877.359576	4.000000	0.000001
123	1.998962	5.954879e+04	1401.50	1313.07	1.565042e-01	701.11	0.208654	0.785529	0.005648	0.000000	0.000000	0.000000	0.000070	0.000000	0.000000	0.000064	0.000035	0.000000	0.000000	877.359576	4.000000	0.000001
124	1.998962	5.954879e+04	1401.50	1313.07	1.565042e-01	701.11	0.208654	0.785529	0.005648	0.000000	0.000000	0.000000	0.000070	0.000000	0.000000	0.000064	0.000035	0.000000	0.000000	877.359576	4.000000	0.000001
125	1.998896	5.955228e+04	1401.48	1313.14	1.565060e-01	701.13	0.208647	0.785529	0.005648	0.000000	0.000000	0.000000	0.000074	0.000000	0.000000	0.000066	0.000037	0.000000	0.000000	877.359576	4.000000	0.000001
126	1.998896	5.955228e+04	1401.48	1313.14	1.565060e-01	701.13	0.208647	0.785529	0.005648	0.000000	0.000000	0.000000	0.000074	0.000000	0.000000	0.000066	0.000037	0.000000	0.000000	877.359576	4.000000	0.000001
127	1.998896	5.955228e+04	1401.48	1313.14	1.565060e-01	701.13	0.208647	0.785529	0.005648	0.000000	0.000000	0.000000	0.000074	0.000000	0.000000	0.000066	0.000037	0.000000	0.000000	877.359576	4.000000	0.000001
128	1.998828	5.955587e+04	1401.46	1313.21	1.565078e-01	701.14	0.208639	0.785529	0.005647	0.000000	0.000000	0.000000	0.000078	0.000000	0.000000	0.000067	0.000040	0.000000	0.000000	877.359576	4.000000	0.000001
129	1.998758	5.955955e+04	1401.45	1313.28	1.565097e-01	701.16	0.208631	0.785529	0.005646	0.000000	0.000000	0.000000	0.000083	0.000000	0.000000	0.000069	0.000043	0.000000	0.000000	877.359576	4.000000	0.000001
130	1.998687	5.956332e+04	1401.43	1313.36	1.565116e-01	701.17	0.208623	0.785529	0.005645	0.000000	0.000000	0.000000	0.000087	0.000000	0.000000	0.000070	0.000046	0.000000	0.000000	877.359576	4.000000	0.000001
131	1.998614	5.956717e+04	1401.41	1313.44	1.565136e-01	701.19	0.208615	0.785529	0.005645	0.000000	0.000000	0.000000	0.000092	0.000000	0.000000	0.000072	0.000048	0.000000	0.000000	877.359576	4.000000	0.000001
132	1.998614	5.956717e+04	1401.41	1313.44	1.565136e-01	701.19	0.208615	0.785529	0.005645	0.000000	0.000000	0.000000	0.000092	0.000000	0.000000	0.000072	0.000048	0.000000	0.000000	877.359576	4.000000	0.000001
133	1.998614	5.956717e+04	1401.41	1313.44	1.565136e-01	701.19	0.208615	0.785529	0.005645	0.000000	0.000000	0.000000	0.000092	0.000000	0.000000	0.000072	0.000048	0.000000	0.000000	877.359576	4.000000	0.000001
134	1.998539	5.957111e+04	1401.39	1313.52	1.565156e-01	701.21	0.208607	0.785529	0.005644	0.000000	0.000000	0.000000	0.000096	0.000000	0.000000	0.000073	0.000051	0.000000	0.000000	877.359576	4.000000	0.000001
135	1.998463	5.957513e+04	1401.38	1313.60	1.565176e-01	701.23	0.208598	0.785529	0.005643	0.000000	0.000000	0.000000	0.000101	0.000000	0.000000	0.000074	0.000054	0.000000	0.000000	877.359576	4.000000	0.000001
136	1.998463	5.957513e+04	1401.38	1313.60	1.565176e-01	701.23	0.208598	0.785529	0.005643	0.000000	0.000000	0.000000	0.000101	0.000000	0.000000	0.000074	0.000054	0.000000	0.000000	877.359576	4.000000	0.000001
137	1.998463	5.957513e+04	1401.38	1313.60	1.565176e-01	701.23	0.208598	0.785529	0.005643	0.000000	0.000000	0.000000	0.000101	0.000000	0.000000	0.000074	0.000054	0.000000	0.000000	877.359576	4.000000	0.000001
138	1.998385	5.957923e+04	1401.36	1313.68	1.565197e-01	701.24	0.208590	0.785529	0.005643	0.000000	0.000000	0.000000	0.000106	0.000000	0.000000	0.000075	0.000057	0.000000	0.000000	877.359576	4.000000	0.000001
139	1.998385	5.957923e+04	1401.36	1313.68	1.565197e-01	701.24	0.208590	0.785529	0.005643	0.000000	0.000000	0.000000	0.000106	0.000000	0.000000	0.000075	0.000057	0.000000	0.000000	877.359576	4.000000	0.000001
140	1.998385	5.957923e+04	1401.36	1313.68	1.565197e-01	701.24	0.208590	0.785529	0.005643	0.000000	0.000000	0.000000	0.000106	0.000000	0.000000	0.000075	0.000057	0.000000	0.000000	877.359576	4.000000	0.000001
141	1.998306	5.958341e+04	1401.34	1313.76	1.565218e-01	701.26	0.208581	0.785529	0.005642	0.000000	0.000000	0.000000	0.000111	0.000000	0.000000	0.000077	0.000061	0.000000	0.000000	877.359576	4.000000	0.000001
142	1.998225	5.958766e+04	1401.32	1313.85	1.565240e-01	701.28	0.208573	0.785529	0.005641	0.000000	0.000000	0.000000	0.000116	0.000000	0.000000	0.000078	0.000064	0.000000	0.000000	877.359576	4.000000	0.000001
143	1.998225	5.958766e+04	1401.32	1313.85	1.565240e-01	701.28	0.208573	0.785529	0.005641	0.000000	0.000000	0.000000	0.000116	0.000000	0.000000	0.000078	0.000064	0.000000	0.000000	877.359576	4.000000	0.000001
144	1.998225	5.958766e+04	1401.32	1313.85	1.565240e-01	701.28	0.208573	0.785529	0.005641	0.000000	0.000000	0.000000	0.000116	0.000000	0.000000	0.000078	0.000064	0.000000	0.000000	877.359576	4.000000	0.000001
145	1.998143	5.959199e+04	1401.30	1313.93	1.565262e-01	701.30	0.208564	0.785529	0.005640	0.000000	0.000000	0.000000	0.000121	0.000000	0.000000	0.000079	0.000067	0.000000	0.000000	877.359576	4.000000	0.000001
146	1.998143	5.959199e+04	1401.30	1313.93	1.565262e-01	701.30	0.208564	0.785529	0.005640	0.000000	0.000000	0.000000	0.000121	0.000000	0.000000	0.000079	0.000067	0.000000	0.000000	877.359576	4.000000	0.000001
147	1.998143	5.959199e+04	1401.30	1313.93	1.565262e-01	701.30	0.208564	0.785529	0.005640	0.000000	0.000000	0.000000	0.000121	0.000000	0.000000	0.000079	0.000067	0.000000	0.000000	877.359576	4.000000	0.000001
148	1.998060	5.959639e+04	1401.28	1314.02	1.565285e-01	701.32	0.208555	0.785529	0.005639	0.000000	0.000000	0.000000	0.000126	0.000000	0.000000	0.000080	0.000070	0.000000	0.000000	877.359576	4.000000	0.000001
149	1.997975	5.960086e+04	1401.26	1314.11	1.565307e-01	701.34	0.208547	0.785529	0.005639	0.000000	0.000000	0.000000	0.000131	0.000000	0.000000	0.000081	0.000074	0.000000	0.000000	877.359576	4.000000	0.000001
150	1.997975	5.960086e+04	1401.26	1314.11	1.565307e-01	701.34	0.208547	0.785529	0.005639	0.000000	0.000000	0.000000	0.000131	0.000000	0.000000	0.000081	0.000074	0.000000	0.000000	877.359576	4.000000	0.000001
151	1.997975	5.960086e+04	1401.26	1314.11	1.565307e-01	701.34	0.208547	0.785529	0.005639	0.000000	0.000000	0.000000	0.000131	0.000000	0.000000	0.000081	0.000074	0.000000	0.000000	877.359576	4.000000	0.000001
152	1.997889	5.960541e+04	1401.24	1314.20	1.565330e-01	701.36	0.208538	0.785529	0.005638	0.000000	0.000000	0.000000	0.000136	0.000000	0.000000	0.000082	0.000077	0.000000	0.000000	877.359576	4.000000	0.000001
153	1.997889	5.960541e+04	1401.24	1314.20	1.565330e-01	701.36	0.208538	0.785529	0.005638	0.000000	0.000000	0.000000	0.000136	0.000000	0.000000	0.000082	0.000077	0.000000	0.000000	877.359576	4.000000	0.000001
154	1.997889	5.960541e+04	1401.24	1314.20	1.565330e-01	701.36	0.208538	0.785529	0.005638	0.000000	0.000000	0.000000	0.000136	0.000000	0.000000	0.000082	0.000077	0.000000	0.000000	877.359576	4.000000	0.000001
155	1.997801	5.961001e+04	1401.22	1314.29	1.565354e-01	701.38	0.208529	0.785529	0.005637	0.000000	0.000000	0.000000	0.000142	0.000000	0.000000	0.000083	0.000081	0.000000	0.000000	877.359576	4.000000	0.000001
156	1.997713	5.961469e+04	1401.19	1314.39	1.565378e-01	701.40	0.208520	0.785529	0.005636	0.000000	0.000000	0.000000	0.000147	0.000000	0.000000	0.000084	0.000084	0.000000	0.000000	877.359576	4.000000	0.000001
157	1.997713	5.961469e+04	1401.19	1314.39	1.565378e-01	701.40	0.208520	0.785529	0.005636	0.000000	0.000000	0.000000	0.000147	0.000000	0.000000	0.000084	0.000084	0.000000	0.000000	877.359576	4.000000	0.000001
158	1.997713	5.961469e+04	1401.19	1314.39	1.565378e-01	701.40	0.208520	0.785529	0.005636	0.000000	0.000000	0.000000	0.000147	0.000000	0.000000	0.000084	0.000084	0.000000	0.000000	877.359576	4.000000	0.000001
159	1.997623	5.961943e+04	1401.17	1314.48	1.565402e-01	701.42	0.208511	0.785529	0.005635	0.000000	0.000000	0.000000	0.000153	0.000000	0.000000	0.000085	0.000088	0.000000	0.000000	877.359576	4.000000	0.000001
160	1.997623	5.961943e+04	1401.17	1314.48	1.565402e-01	701.42	0.208511	0.785529	0.005635	0.000000	0.000000	0.000000	0.000153	0.000000	0.000000	0.000085	0.000088	0.000000	0.000000	877.359576	4.000000	0.000001
161	1.997623	5.961943e+04	1401.17	1314.48	1.565402e-01	701.42	0.208511	0.785529	0.005635	0.000000	0.000000	0.000000	0.000153	0.000000	0.000000	0.000085	0.000088	0.000000	0.000000	877.359576	4.000000	0.000001
162	1.997532	5.962424e+04	1401.15	1314.58	1.565426e-01	701.44	0.208501	0.785529	0.005634	0.000000	0.000000	0.000000	0.000158	0.000000	0.000000	0.000086	0.000092	0.000000	0.000000	877.359576	4.000000	0.000001
163	1.997532	5.962424e+04	1401.15	1314.58	1.565426e-01	701.44	0.208501	0.785529	0.005634	0.000000	0.000000	0.000000	0.000158	0.000000	0.000000	0.000086	0.000092	0.000000	0.000000	877.359576	4.000000	0.000001
164	1.997532	5.962423e+04	1401.15	1314.58	1.565426e-01	701.44	0.208501	0.785529	0.005634	0.000000	0.000000	0.000000	0.000158	0.000000	0.000000	0.000086	0.000092	0.000000	0.000000	877.359576	4.000000	0.000001
165	1.997439	5.962910e+04	1401.13	1314.67	1.565451e-01	701.46	0.208492	0.785529	0.005634	0.000000	0.000000	0.000000	0.000164	0.000000	0.000000	0.000086	0.000095	0.000000	0.000000	877.359576	4.000000	0.000001
166	1.997439	5.962910e+04	1401.13	1314.67	1.565451e-01	701.46	0.208492	0.785529	0.005634	0.000000	0.000000	0.000000	0.000164	0.000000	0.000000	0.000086	0.000095	0.000000	0.000000	877.359576	4.000000	0.000001
167	1.997439	5.962910e+04	1401.13	1314.67	1.565451e-01	701.46	0.208492	0.785529	0.005634	0.000000	0.000000	0.000000	0.000164	0.000000	0.000000	0.000086	0.000095	0.000000	0.000000	877.359576	4.000000	0.000001
168	1.997346	5.963403e+04	1401.11	1314.77	1.565476e-01	701.48	0.208483	0.785529	0.005633	0.000000	0.000000	0.000000	0.000170	0.000000	0.000000	0.000087	0.000099	0.000000	0.000000	877.359576	4.000000	0.000001
169	1.997251	5.963903e+04	1401.08	1314.87	1.565502e-01	701.51	0.208473	0.785529	0.005632	0.000000	0.000000	0.000000	0.000175	0.000000	0.000000	0.000088	0.000103	0.000000	0.000000	877.359576	4.000000	0.000001
170	1.997251	5.963903e+04	1401.08	1314.87	1.565502e-01	701.51	0.208473	0.785529	0.005632	0.000000	0.000000	0.000000	0.000175	0.000000	0.000000	0.000088	0.000103	0.000000	0.000000	877.359576	4.000000	0.000001
171	1.997251	5.963903e+04	1401.08	1314.87	1.565502e-01	701.51	0.208473	0.785529	0.005632	0.000000	0.000000	0.000000	0.000175	0.000000	0.000000	0.000088	0.000103	0.000000	0.000000	877.359576	4.000000	0.000001
172	1.997155	5.964408e+04	1401.06	1314.97	1.565527e-01	701.53	0.208464	0.785529	0.005631	0.000000	0.000000	0.000000	0.000181	0.000000	0.000000	0.000089	0.000107	0.000000	0.000000	877.359576	4.000000	0.000001
173	1.997155	5.964408e+04	1401.06	1314.97	1.565527e-01	701.53	0.208464	0.785529	0.005631	0.000000	0.000000	0.000000	0.000181	0.000000	0.000000	0.000089	0.000107	0.000000	0.000000	877.359576	4.000000	0.000001
174	1.997155	5.964408e+04	1401.06	1314.97	1.565527e-01	701.53	0.208464	0.785529	0.005631	0.000000	0.000000	0.000000	0.000181	0.000000	0.000000	0.000089	0.000107	0.000000	0.000000	877.359576	4.000000	0.000001
175	1.997059	5.964919e+04	1401.04	1315.07	1.565554e-01	701.55	0.208454	0.785529	0.005630	0.000000	0.000000	0.000000	0.000187	0.000000	0.000000	0.000089	0.000110	0.000000	0.000000	877.359576	4.000000	0.000001
176	1.996961	5.965436e+04	1401.01	1315.18	1.565580e-01	701.57	0.208445	0.785529	0.005629	0.000000	0.000000	0.000000	0.000193	0.000000	0.000000	0.000090	0.000114	0.000000	0.000000	877.359576	4.000000	0.000001
177	1.996961	5.965436e+04	1401.01	1315.18	1.565580e-01	701.57	0.208445	0.785529	0.005629	0.000000	0.000000	0.000000	0.000193	0.000000	0.000000	0.000090	0.000114	0.000000	0.000000	877.359576	4.000000	0.000001
178	1.996961	5.965436e+04	1401.01	1315.18	1.565580e-01	701.57	0.208445	0.785529	0.005629	0.000000	0.000000	0.000000	0.000193	0.000000	0.000000	0.000090	0.000114	0.000000	0.000000	877.359576	4.000000	0.000001
179	1.996861	5.965959e+04	1400.99	1315.28	1.565606e-01	701.60	0.208435	0.785529	0.005628	0.000000	0.000000	0.000000	0.000199	0.000000	0.000000	0.000091	0.000118	0.000000	0.000000	877.359576	4.000000	0.000001
180	1.996861	5.965959e+04	1400.99	1315.28	1.565606e-01	701.60	0.208435	0.785529	0.005628	0.000000	0.000000	0.000000	0.000199	0.000000	0.000000	0.000091	0.000118	0.000000	0.000000	877.359576	4.000000	0.000001
181	1.996861	5.965959e+04	1400.99	1315.28	1.565606e-01	701.60	0.208435	0.785529	0.005628	0.000000	0.000000	0.000000	0.000199	0.000000	0.000000	0.000091	0.000118	0.000000	0.000000	877.359576	4.000000	0.000001
182	1.996761	5.966488e+04	1400.97	1315.39	1.565633e-01	701.62	0.208425	0.785529	0.005627	0.000000	0.000000	0.000000	0.000205	0.000000	0.000000	0.000092	0.000122	0.000000	0.000000	877.359576	4.000000	0.000001
183	1.996761	5.966488e+04	1400.97	1315.39	1.565633e-01	701.62	0.208425	0.785529	0.005627	0.000000	0.000000	0.000000	0.000205	0.000000	0.000000	0.000092	0.000122	0.000000	0.000000	877.359576	4.000000	0.000001
184	1.996761	5.966488e+04	1400.97	1315.39	1.565633e-01	701.62	0.208425	0.785529	0.005627	0.000000	0.000000	0.000000	0.000205	0.000000	0.000000	0.000092	0.000122	0.000000	0.000000	877.359576	4.000000	0.000001
185	1.996660	5.967023e+04	1400.94	1315.49	1.565661e-01	701.64	0.208415	0.785529	0.005626	0.000000	0.000000	0.000000	0.000211	0.000000	0.000000	0.000092	0.000126	0.000000	0.000000	877.359576	4.000000	0.000001
186	1.996660	5.967023e+04	1400.94	1315.49	1.565661e-01	701.64	0.208415	0.785529	0.005626	0.000000	0.000000	0.000000	0.000211	0.000000	0.000000	0.000092	0.000126	0.000000	0.000000	877.359576	4.000000	0.000001
187	1.996660	5.967023e+04	1400.94	1315.49	1.565661e-01	701.64	0.208415	0.785529	0.005626	0.000000	0.000000	0.000000	0.000211	0.000000	0.000000	0.000092	0.000126	0.000000	0.000000	877.359576	4.000000	0.000001
188	1.996557	5.967563e+04	1400.92	1315.60	1.565688e-01	701.67	0.208405	0.785529	0.005625	0.000000	0.000000	0.000000	0.000218	0.000000	0.000000	0.000093	0.000130	0.000000	0.000000	877.359576	4.000000	0.000002
189	1.996557	5.967563e+04	1400.92	1315.60	1.565688e-01	701.67	0.208405	0.785529	0.005625	0.000000	0.000000	0.000000	0.000218	0.000000	0.000000	0.000093	0.000130	0.000000	0.000000	877.359576	4.000000	0.000002
190	1.996557	5.967563e+04	1400.92	1315.60	1.565688e-01	701.67	0.208405	0.785529	0.005625	0.000000	0.000000	0.000000	0.000218	0.000000	0.000000	0.000093	0.000130	0.000000	0.000000	877.359576	4.000000	0.000002
191	1.996454	5.968109e+04	1400.89	1315.71	1.565716e-01	701.69	0.208395	0.785529	0.005624	0.000000	0.000000	0.000000	0.000224	0.000000	0.000000	0.000094	0.000134	0.000000	0.000000	877.359576	4.000000	0.000002
192	1.996349	5.968662e+04	1400.87	1315.82	1.565744e-01	701.71	0.208385	0.785529	0.005623	0.000000	0.000000	0.000000	0.000230	0.000000	0.000000	0.000094	0.000138	0.000000	0.000000	877.359576	4.000000	0.000002
193	1.996349	5.968662e+04	1400.87	1315.82	1.565744e-01	701.71	0.208385	0.785529	0.005623	0.000000	0.000000	0.000000	0.000230	0.000000	0.000000	0.000094	0.000138	0.000000	0.000000	877.359576	4.000000	0.000002
194	1.996349	5.968661e+04	1400.87	1315.82	1.565744e-01	701.71	0.208385	0.785529	0.005623	0.000000	0.000000	0.000000	0.000230	0.000000	0.000000	0.000094	0.000138	0.000000	0.000000	877.359576	4.000000	0.000002
195	1.996244	5.969219e+04	1400.84	1315.93	1.565773e-01	701.74	0.208375	0.785529	0.005622	0.000000	0.000000	0.000000	0.000237	0.000000	0.000000	0.000095	0.000142	0.000000	0.000000	877.359576	4.000000	0.000002
196	1.996244	5.969219e+04	1400.84	1315.93	1.565773e-01	701.74	0.208375	0.785529	0.005622	0.000000	0.000000	0.000000	0.000237	0.000000	0.000000	0.000095	0.000142	0.000000	0.000000	877.359576	4.000000	0.000002
197	1.996244	5.969219e+04	1400.84	1315.93	1.565773e-01	701.74	0.208375	0.785529	0.005622	0.000000	0.000000	0.000000	0.000237	0.000000	0.000000	0.000095	0.000142	0.000000	0.000000	877.359576	4.000000	0.000002
198	1.996137	5.969783e+04	1400.82	1316.04	1.565801e-01	701.76	0.208364	0.785529	0.005621	0.000000	0.000000	0.000000	0.000243	0.000000	0.000000	0.000095	0.000146	0.000000	0.000000	877.359576	4.000000	0.000002
199	1.996137	5.969783e+04	1400.82	1316.04	1.565801e-01	701.76	0.208364	0.785529	0.005621	0.000000	0.000000	0.000000	0.000243	0.000000	0.000000	0.000095	0.000146	0.000000	0.000000	877.359576	4.000000	0.000002
200	1.996137	5.969783e+04	1400.82	1316.04	1.565801e-01	701.76	0.208364	0.785529	0.005621	0.000000	0.000000	0.000000	0.000243	0.000000	0.000000	0.000095	0.000146	0.000000	0.000000	877.359576	4.000000	0.000002
201	1.996029	5.970353e+04	1400.79	1316.15	1.565830e-01	701.79	0.208354	0.785529	0.005620	0.000000	0.000000	0.000000	0.000250	0.000000	0.000000	0.000096	0.000150	0.000000	0.000000	877.359576	4.000000	0.000002
202	1.996029	5.970353e+04	1400.79	1316.15	1.565830e-01	701.79	0.208354	0.785529	0.005620	0.000000	0.000000	0.000000	0.000250	0.000000	0.000000	0.000096	0.000150	0.000000	0.000000	877.359576	4.000000	0.000002
203	1.996029	5.970353e+04	1400.79	1316.15	1.565830e-01	701.79	0.208354	0.785529	0.005620	0.000000	0.000000	0.000000	0.000250	0.000000	0.000000	0.000096	0.000150	0.000000	0.000000	877.359576	4.000000	0.000002
204	1.995920	5.970929e+04	1400.76	1316.27	1.565860e-01	701.81	0.208344	0.785529	0.005619	0.000000	0.000000	0.000000	0.000257	0.000000	0.000000	0.000097	0.000154	0.000000	0.000000	877.359576	4.000000	0.000002
205	1.995920	5.970929e+04	1400.76	1316.27	1.565860e-01	701.81	0.208344	0.785529	0.005619	0.000000	0.000000	0.000000	0.000257	0.000000	0.000000	0.000097	0.000154	0.000000	0.000000	877.359576	4.000000	0.000002
206	1.995920	5.970929e+04	1400.76	1316.27	1.565860e-01	701.81	0.208344	0.785529	0.005619	0.000000	0.000000	0.000000	0.000257	0.000000	0.000000	0.000097	0.000154	0.000000	0.000000	877.359576	4.000000	0.000002
207	1.995810	5.971510e+04	1400.74	1316.38	1.565889e-01	701.84	0.208333	0.785529	0.005618	0.000000	0.000000	0.000000	0.000264	0.000000	0.000000	0.000097	0.000159	0.000000	0.000000	877.359576	4.000000	0.000002
208	1.995698	5.972098e+04	1400.71	1316.50	1.565919e-01	701.86	0.208323	0.785529	0.005617	0.000000	0.000000	0.000000	0.000270	0.000000	0.000000	0.000098	0.000163	0.000000	0.000000	877.359576	4.000000	0.000002
209	1.995698	5.972098e+04	1400.71	1316.50	1.565919e-01	701.86	0.208322	0.785529	0.005617	0.000000	0.000000	0.000000	0.000270	0.000000	0.000000	0.000098	0.000163	0.000000	0.000000	877.359576	4.000000	0.000002
210	1.995698	5.972098e+04	1400.71	1316.50	1.565919e-01	701.86	0.208323	0.785529	0.005617	0.000000	0.000000	0.000000	0.000270	0.000000	0.000000	0.000098	0.000163	0.000000	0.000000	877.359576	4.000000	0.000002
211	1.995586	5.972691e+04	1400.68	1316.62	1.565950e-01	701.89	0.208312	0.785529	0.005616	0.000000	0.000000	0.000000	0.000277	0.000000	0.000000	0.000099	0.000167	0.000000	0.000000	877.359576	4.000000	0.000002
212	1.995586	5.972691e+04	1400.68	1316.62	1.565950e-01	701.89	0.208312	0.785529	0.005616	0.000000	0.000000	0.000000	0.000277	0.000000	0.000000	0.000099	0.000167	0.000000	0.000000	877.359576	4.000000	0.000002
213	1.995586	5.972691e+04	1400.68	1316.62	1.565950e-01	701.89	0.208312	0.785529	0.005616	0.000000	0.000000	0.000000	0.000277	0.000000	0.000000	0.000099	0.000167	0.000000	0.000000	877.359576	4.000000	0.000002
214	1.995472	5.973291e+04	1400.66	1316.74	1.565980e-01	701.92	0.208301	0.785529	0.005615	0.000000	0.000000	0.000000	0.000284	0.000000	0.000000	0.000099	0.000171	0.000000	0.000000	877.359576	4.000000	0.000002
215	1.995472	5.973291e+04	1400.66	1316.74	1.565980e-01	701.92	0.208301	0.785529	0.005615	0.000000	0.000000	0.000000	0.000284	0.000000	0.000000	0.000099	0.000171	0.000000	0.000000	877.359576	4.000000	0.000002
216	1.995472	5.973291e+04	1400.66	1316.74	1.565980e-01	701.92	0.208301	0.785529	0.005615	0.000000	0.000000	0.000000	0.000284	0.000000	0.000000	0.000099	0.000171	0.000000	0.000000	877.359576	4.000000	0.000002
217	1.995358	5.973897e+04	1400.63	1316.86	1.566011e-01	701.94	0.208290	0.785529	0.005614	0.000000	0.000000	0.000000	0.000291	0.000000	0.000000	0.000100	0.000176	0.000000	0.000000	877.359576	4.000000	0.000002
218	1.995358	5.973897e+04	1400.63	1316.86	1.566011e-01	701.94	0.208290	0.785529	0.005614	0.000000	0.000000	0.000000	0.000291	0.000000	0.000000	0.000100	0.000176	0.000000	0.000000	877.359576	4.000000	0.000002
219	1.995358	5.973897e+04	1400.63	1316.86	1.566011e-01	701.94	0.208290	0.785529	0.005614	0.000000	0.000000	0.000000	0.000291	0.000000	0.000000	0.000100	0.000176	0.000000	0.000000	877.359576	4.000000	0.000002
220	1.995242	5.974510e+04	1400.60	1316.98	1.566042e-01	701.97	0.208279	0.785529	0.005613	0.000000	0.000000	0.000000	0.000298	0.000000	0.000000	0.000100	0.000180	0.000000	0.000000	877.359576	4.000000	0.000002
221	1.995242	5.974510e+04	1400.60	1316.98	1.566042e-01	701.97	0.208279	0.785529	0.005613	0.000000	0.000000	0.000000	0.000298	0.000000	0.000000	0.000100	0.000180	0.000000	0.000000	877.359576	4.000000	0.000002
222	1.995242	5.974510e+04	1400.60	1316.98	1.566042e-01	701.97	0.208279	0.785529	0.005613	0.000000	0.000000	0.000000	0.000298	0.000000	0.000000	0.000100	0.000180	0.000000	0.000000	877.359576	4.000000	0.000002
223	1.995124	5.975129e+04	1400.57	1317.10	1.566074e-01	702.00	0.208268	0.785529	0.005612	0.000000	0.000000	0.000000	0.000306	0.000000	0.000000	0.000101	0.000184	0.000000	0.000000	877.359576	4.000000	0.000002
224	1.995124	5.975129e+04	1400.57	1317.10	1.566074e-01	702.00	0.208268	0.785529	0.005612	0.000000	0.000000	0.000000	0.000306	0.000000	0.000000	0.000101	0.000184	0.000000	0.000000	877.359576	4.000000	0.000002
225	1.995124	5.975129e+04	1400.57	1317.10	1.566074e-01	702.00	0.208268	0.785529	0.005612	0.000000	0.000000	0.000000	0.000306	0.000000	0.000000	0.000101	0.000184	0.000000	0.000000	877.359576	4.000000	0.000002
226	1.995006	5.975754e+04	1400.54	1317.22	1.566106e-01	702.02	0.208257	0.785529	0.005611	0.000000	0.000000	0.000000	0.000313	0.000000	0.000000	0.000102	0.000188	0.000000	0.000000	877.359576	4.000000	0.000002
227	1.995006	5.975754e+04	1400.54	1317.22	1.566106e-01	702.02	0.208257	0.785529	0.005611	0.000000	0.000000	0.000000	0.000313	0.000000	0.000000	0.000102	0.000188	0.000000	0.000000	877.359576	4.000000	0.000002
228	1.995006	5.975754e+04	1400.54	1317.22	1.566106e-01	702.02	0.208257	0.785529	0.005611	0.000000	0.000000	0.000000	0.000313	0.000000	0.000000	0.000102	0.000188	0.000000	0.000000	877.359576	4.000000	0.000002
229	1.994886	5.976386e+04	1400.51	1317.35	1.566138e-01	702.05	0.208246	0.785529	0.005610	0.000000	0.000000	0.000000	0.000320	0.000000	0.000000	0.000102	0.000193	0.000000	0.000000	877.359576	4.000000	0.000002
230	1.994886	5.976386e+04	1400.51	1317.35	1.566138e-01	702.05	0.208246	0.785529	0.005610	0.000000	0.000000	0.000000	0.000320	0.000000	0.000000	0.000102	0.000193	0.000000	0.000000	877.359576	4.000000	0.000002
231	1.994886	5.976386e+04	1400.51	1317.35	1.566138e-01	702.05	0.208246	0.785529	0.005610	0.000000	0.000000	0.000000	0.000320	0.000000	0.000000	0.000102	0.000193	0.000000	0.000000	877.359576	4.000000	0.000002
232	1.994765	5.977025e+04	1400.49	1317.48	1.566171e-01	702.08	0.208234	0.785529	0.005609	0.000000	0.000000	0.000000	0.000328	0.000000	0.000000	0.000103	0.000197	0.000000	0.000000	877.359576	4.000000	0.000002
233	1.994765	5.977025e+04	1400.49	1317.48	1.566171e-01	702.08	0.208234	0.785529	0.005609	0.000000	0.000000	0.000000	0.000328	0.000000	0.000000	0.000103	0.000197	0.000000	0.000000	877.359576	4.000000	0.000002
234	1.994765	5.977025e+04	1400.49	1317.48	1.566170e-01	702.08	0.208234	0.785529	0.005609	0.000000	0.000000	0.000000	0.000328	0.000000	0.000000	0.000103	0.000197	0.000000	0.000000	877.359576	4.000000	0.000002
235	1.994643	5.977671e+04	1400.46	1317.60	1.566203e-01	702.11	0.208223	0.785529	0.005608	0.000000	0.000000	0.000000	0.000335	0.000000	0.000000	0.000104	0.000201	0.000000	0.000000	877.359576	4.000000	0.000002
236	1.994643	5.977671e+04	1400.46	1317.60	1.566203e-01	702.11	0.208223	0.785529	0.005608	0.000000	0.000000	0.000000	0.000335	0.000000	0.000000	0.000104	0.000201	0.000000	0.000000	877.359576	4.000000	0.000002
237	1.994643	5.977671e+04	1400.46	1317.60	1.566203e-01	702.11	0.208223	0.785529	0.005608	0.000000	0.000000	0.000000	0.000335	0.000000	0.000000	0.000104	0.000201	0.000000	0.000000	877.359576	4.000000	0.000002
238	1.994520	5.978324e+04	1400.43	1317.73	1.566237e-01	702.14	0.208211	0.785529	0.005607	0.000000	0.000000	0.000000	0.000343	0.000000	0.000000	0.000104	0.000206	0.000000	0.000000	877.359576	4.000000	0.000002
239	1.994520	5.978324e+04	1400.43	1317.73	1.566237e-01	702.14	0.208211	0.785529	0.005607	0.000000	0.000000	0.000000	0.000343	0.000000	0.000000	0.000104	0.000206	0.000000	0.000000	877.359576	4.000000	0.000002
240	1.994520	5.978324e+04	1400.43	1317.73	1.566237e-01	702.14	0.208211	0.785529	0.005607	0.000000	0.000000	0.000000	0.000343	0.000000	0.000000	0.000104	0.000206	0.000000	0.000000	877.359576	4.000000	0.000002
241	1.994395	5.978984e+04	1400.40	1317.86	1.566270e-01	702.17	0.208200	0.785529	0.005605	0.000000	0.000000	0.000000	0.000351	0.000000	0.000000	0.000105	0.000210	0.000000	0.000000	877.359576	4.000000	0.000002
242	1.994395	5.978984e+04	1400.40	1317.86	1.566270e-01	702.17	0.208200	0.785529	0.005605	0.000000	0.000000	0.000000	0.000351	0.000000	0.000000	0.000105	0.000210	0.000000	0.000000	877.359576	4.000000	0.000002
243	1.994395	5.978984e+04	1400.40	1317.86	1.566270e-01	702.17	0.208200	0.785529	0.005605	0.000000	0.000000	0.000000	0.000351	0.000000	0.000000	0.000105	0.000210	0.000000	0.000000	877.359576	4.000000	0.000002
244	1.994268	5.979652e+04	1400.37	1318.00	1.566304e-01	702.20	0.208188	0.785529	0.005604	0.000000	0.000000	0.000000	0.000359	0.000000	0.000000	0.000106	0.000215	0.000000	0.000000	877.359576	4.000000	0.000002
245	1.994268	5.979652e+04	1400.37	1318.00	1.566304e-01	702.20	0.208188	0.785529	0.005604	0.000000	0.000000	0.000000	0.000359	0.000000	0.000000	0.000106	0.000215	0.000000	0.000000	877.359576	4.000000	0.000002
246	1.994268	5.979652e+04	1400.37	1318.00	1.566304e-01	702.20	0.208188	0.785529	0.005604	0.000000	0.000000	0.000000	0.000359	0.000000	0.000000	0.000106	0.000215	0.000000	0.000000	877.359576	4.000000	0.000002
247	1.994268	5.979652e+04	1400.37	1318.00	1.566304e-01	702.20	0.208188	0.785529	0.005604	0.000000	0.000000	0.000000	0.000359	0.000000	0.000000	0.000106	0.000215	0.000000	0.000000	877.359576	4.000000	0.000002
248	1.994268	5.979652e+04	1400.37	1318.00	1.566304e-01	702.20	0.208188	0.785529	0.005604	0.000000	0.000000	0.000000	0.000359	0.000000	0.000000	0.000106	0.000215	0.000000	0.000000	877.359576	4.000000	0.000002
249	1.994268	5.979652e+04	1400.37	1318.00	1.566304e-01	702.20	0.208188	0.785529	0.005604	0.000000	0.000000	0.000000	0.000359	0.000000	0.000000	0.000106	0.000215	0.000000	0.000000	877.359576	4.000000	0.000002
250	1.994268	5.979652e+04	1400.37	1318.00	1.566304e-01	702.20	0.208188	0.785529	0.005604	0.000000	0.000000	0.000000	0.000359	0.000000	0.000000	0.000106	0.000215	0.000000	0.000000	877.359576	4.000000	0.000002
251	1.994268	5.979652e+04	1400.37	1318.00	1.566304e-01	702.20	0.208188	0.785529	0.005604	0.000000	0.000000	0.000000	0.000359	0.000000	0.000000	0.000106	0.000215	0.000000	0.000000	877.359576	4.000000	0.000002
252	1.994268	5.979652e+04	1400.37	1318.00	1.566304e-01	702.20	0.208188	0.785529	0.005604	0.000000	0.000000	0.000000	0.000359	0.000000	0.000000	0.000106	0.000215	0.000000	0.000000	877.359576	4.000000	0.000002
253	1.994268	5.979652e+04	1400.37	1318.00	1.566304e-01	702.20	0.208188	0.785529	0.005604	0.000000	0.000000	0.000000	0.000359	0.000000	0.000000	0.000106	0.000215	0.000000	0.000000	877.359576	4.000000	0.000002
254	1.994268	5.979652e+04	1400.37	1318.00	1.566304e-01	702.20	0.208188	0.785529	0.005604	0.000000	0.000000	0.000000	0.000359	0.000000	0.000000	0.000106	0.000215	0.000000	0.000000	877.359576	4.000000	0.000002
255	1.994268	5.979652e+04	1400.37	1318.00	1.566304e-01	702.20	0.208188	0.785529	0.005604	0.000000	0.000000	0.000000	0.000359	0.000000	0.000000	0.000106	0.000215	0.000000	0.000000	877.359576	4.000000	0.000002
256	1.994268	5.979652e+04	1400.37	1318.00	1.566304e-01	702.20	0.208188	0.785529	0.005604	0.000000	0.000000	0.000000	0.000359	0.000000	0.000000	0.000106	0.000215	0.000000	0.000000	877.359576	4.000000	0.000002
257	1.994268	5.979652e+04	1400.37	1318.00	1.566304e-01	702.20	0.208188	0.785529	0.005604	0.000000	0.000000	0.000000	0.000359	0.000000	0.000000	0.000106	0.000215	0.000000	0.000000	877.359576	4.000000	0.000002
258	1.994268	5.979652e+04	1400.37	1318.00	1.566304e-01	702.20	0.208188	0.785529	0.005604	0.000000	0.000000	0.000000	0.000359	0.000000	0.000000	0.000106	0.000215	0.000000	0.000000	877.359576	4.000000	0.000002
259	1.994268	5.979652e+04	1400.37	1318.00	1.566304e-01	702.20	0.208188	0.785529	0.005604	0.000000	0.000000	0.000000	0.000359	0.000000	0.000000	0.000106	0.000215	0.000000	0.000000	877.359576	4.000000	0.000002
260	1.994268	5.979652e+04	1400.37	1318.00	1.566304e-01	702.20	0.208188	0.785529	0.005604	0.000000	0.000000	0.000000	0.000359	0.000000	0.000000	0.000106	0.000215	0.000000	0.000000	877.359576	4.000000	0.000002
261	1.994268	5.979652e+04	1400.37	1318.00	1.566304e-01	702.20	0.208188	0.785529	0.005604	0.000000	0.000000	0.000000	0.000359	0.000000	0.000000	0.000106	0.000215	0.000000	0.000000	877.359576	4.000000	0.000002
262	1.994268	5.979652e+04	1400.37	1318.00	1.566304e-01	702.20	0.208188	0.785529	0.005604	0.000000	0.000000	0.000000	0.000359	0.000000	0.000000	0.000106	0.000215	0.000000	0.000000	877.359576	4.000000	0.000002
263	1.994268	5.979652e+04	1400.37	1318.00	1.566304e-01	702.20	0.208188	0.785529	0.005604	0.000000	0.000000	0.000000	0.000359	0.000000	0.000000	0.000106	0.000215	0.000000	0.000000	877.359576	4.000000	0.000002
264	1.994268	5.979652e+04	1400.37	1318.00	1.566304e-01	702.20	0.208188	0.785529	0.005604	0.000000	0.000000	0.000000	0.000359	0.000000	0.000000	0.000106	0.000215	0.000000	0.000000	877.359589	4.000000	0.000002
265	1.994268	5.979652e+04	1400.37	1318.00	1.566304e-01	702.20	0.208188	0.785529	0.005604	0.000000	0.000000	0.000000	0.000359	0.000000	0.000000	0.000106	0.000215	0.000000	0.000000	877.359576	4.000000	0.000002
266	1.994141	5.980327e+04	1400.33	1318.13	1.566339e-01	702.22	0.208176	0.785529	0.005603	0.000000	0.000000	0.000000	0.000367	0.000000	0.000000	0.000106	0.000219	0.000000	0.000000	877.359576	4.000000	0.000002
267	1.994012	5.981010e+04	1400.30	1318.26	1.566374e-01	702.25	0.208164	0.785529	0.005602	0.000000	0.000000	0.000000	0.000375	0.000000	0.000000	0.000107	0.000224	0.000000	0.000000	877.359576	4.000000	0.000002
268	1.993787	5.982195e+04	1400.25	1318.50	1.566434e-01	702.31	0.208143	0.785529	0.005600	0.000000	0.000000	0.000000	0.000389	0.000000	0.000000	0.000108	0.000231	0.000000	0.000000	877.359576	4.000000	0.000002
269	1.993559	5.983405e+04	1400.19	1318.74	1.566496e-01	702.36	0.208122	0.785529	0.005598	0.000000	0.000000	0.000000	0.000403	0.000000	0.000000	0.000110	0.000239	0.000000	0.000000	877.359576	4.000000	0.000002
270	1.993187	5.985372e+04	1400.10	1319.13	1.566596e-01	702.45	0.208088	0.785529	0.005594	0.000000	0.000000	0.000000	0.000426	0.000000	0.000000	0.000112	0.000251	0.000000	0.000000	877.359576	4.000000	0.000002
271	1.992802	5.987406e+04	1400.01	1319.53	1.566700e-01	702.53	0.208052	0.785529	0.005591	0.000000	0.000000	0.000000	0.000450	0.000000	0.000000	0.000114	0.000264	0.000000	0.000000	877.359576	4.000000	0.000002
272	1.992802	5.987407e+04	1400.01	1319.53	1.566700e-01	702.53	0.208052	0.785529	0.005591	0.000000	0.000000	0.000000	0.000450	0.000000	0.000000	0.000114	0.000264	0.000000	0.000000	877.359576	4.000000	0.000002
273	1.992404	5.989512e+04	1399.92	1319.94	1.566807e-01	702.63	0.208016	0.785529	0.005587	0.000000	0.000000	0.000000	0.000475	0.000000	0.000000	0.000116	0.000276	0.000000	0.000000	877.359576	4.000000	0.000002
274	1.991992	5.991695e+04	1399.82	1320.37	1.566919e-01	702.72	0.207978	0.785529	0.005584	0.000000	0.000000	0.000000	0.000501	0.000000	0.000000	0.000118	0.000289	0.000000	0.000000	877.359576	4.000000	0.000002
275	1.991565	5.993960e+04	1399.71	1320.82	1.567034e-01	702.82	0.207940	0.785529	0.005580	0.000000	0.000000	0.000000	0.000528	0.000000	0.000000	0.000121	0.000302	0.000000	0.000000	877.359576	4.000000	0.000003
276	1.991120	5.996314e+04	1399.61	1321.28	1.567155e-01	702.92	0.207900	0.785529	0.005576	0.000000	0.000000	0.000000	0.000556	0.000000	0.000000	0.000124	0.000315	0.000000	0.000000	877.359576	4.000000	0.000003
277	1.990658	5.998764e+04	1399.49	1321.76	1.567280e-01	703.03	0.207858	0.785529	0.005572	0.000000	0.000000	0.000000	0.000586	0.000000	0.000000	0.000127	0.000328	0.000000	0.000000	877.359576	4.000000	0.000003
278	1.990176	6.001317e+04	1399.38	1322.26	1.567410e-01	703.14	0.207815	0.785529	0.005567	0.000000	0.000000	0.000000	0.000617	0.000000	0.000000	0.000130	0.000342	0.000000	0.000000	877.359576	4.000000	0.000003
279	1.989674	6.003982e+04	1399.26	1322.79	1.567546e-01	703.26	0.207771	0.785529	0.005563	0.000000	0.000000	0.000000	0.000649	0.000000	0.000000	0.000133	0.000355	0.000000	0.000000	877.359576	4.000000	0.000003
280	1.989149	6.006768e+04	1399.13	1323.33	1.567688e-01	703.38	0.207725	0.785529	0.005558	0.000000	0.000000	0.000000	0.000683	0.000000	0.000000	0.000136	0.000369	0.000000	0.000000	877.359576	4.000000	0.000003
281	1.989149	6.006768e+04	1399.13	1323.33	1.567688e-01	703.38	0.207725	0.785529	0.005558	0.000000	0.000000	0.000000	0.000683	0.000000	0.000000	0.000136	0.000369	0.000000	0.000000	877.359576	4.000000	0.000003
282	1.988600	6.009684e+04	1399.00	1323.91	1.567837e-01	703.51	0.207677	0.785529	0.005553	0.000000	0.000000	0.000000	0.000718	0.000000	0.000000	0.000140	0.000383	0.000000	0.000000	877.359576	4.000000	0.000003
283	1.988024	6.012741e+04	1398.86	1324.51	1.567994e-01	703.64	0.207626	0.785529	0.005548	0.000001	0.000000	0.000000	0.000755	0.000000	0.000000	0.000144	0.000397	0.000000	0.000000	877.359576	4.000000	0.000003
284	1.988024	6.012743e+04	1398.86	1324.51	1.567994e-01	703.64	0.207626	0.785529	0.005548	0.000001	0.000000	0.000000	0.000755	0.000000	0.000000	0.000144	0.000397	0.000000	0.000000	877.359576	4.000000	0.000003
285	1.987420	6.015953e+04	1398.71	1325.13	1.568158e-01	703.78	0.207574	0.785529	0.005543	0.000001	0.000000	0.000000	0.000794	0.000000	0.000000	0.000148	0.000411	0.000000	0.000000	877.359576	4.000000	0.000003
286	1.986785	6.019333e+04	1398.56	1325.79	1.568330e-01	703.93	0.207519	0.785529	0.005537	0.000001	0.000000	0.000000	0.000836	0.000000	0.000000	0.000152	0.000426	0.000000	0.000000	877.359576	4.000000	0.000003
287	1.986784	6.019334e+04	1398.56	1325.79	1.568331e-01	703.93	0.207519	0.785529	0.005537	0.000001	0.000000	0.000000	0.000836	0.000000	0.000000	0.000152	0.000426	0.000000	0.000000	877.359576	4.000000	0.000003
288	1.986115	6.022894e+04	1398.39	1326.49	1.568513e-01	704.09	0.207462	0.785529	0.005532	0.000001	0.000000	0.000000	0.000880	0.000000	0.000000	0.000156	0.000441	0.000000	0.000000	877.359576	4.000000	0.000003
289	1.986115	6.022896e+04	1398.39	1326.49	1.568513e-01	704.09	0.207462	0.785529	0.005532	0.000001	0.000000	0.000000	0.000880	0.000000	0.000000	0.000156	0.000441	0.000000	0.000000	877.359576	4.000000	0.000003
290	1.985409	6.026656e+04	1398.22	1327.22	1.568705e-01	704.25	0.207402	0.785529	0.005525	0.000001	0.000000	0.000000	0.000926	0.000000	0.000000	0.000161	0.000456	0.000000	0.000000	877.359576	4.000000	0.000003
291	1.985408	6.026657e+04	1398.22	1327.23	1.568705e-01	704.25	0.207402	0.785529	0.005525	0.000001	0.000000	0.000000	0.000926	0.000000	0.000000	0.000161	0.000456	0.000000	0.000000	877.359576	4.000000	0.000003
292	1.984662	6.030635e+04	1398.04	1328.00	1.568909e-01	704.42	0.207340	0.785529	0.005519	0.000001	0.000000	0.000000	0.000975	0.000000	0.000000	0.000166	0.000471	0.000000	0.000000	877.359576	4.000000	0.000003
293	1.983871	6.034854e+04	1397.85	1328.82	1.569124e-01	704.61	0.207273	0.785529	0.005512	0.000001	0.000000	0.000000	0.001027	0.000000	0.000000	0.000172	0.000486	0.000000	0.000000	877.359576	4.000000	0.000003
294	1.983031	6.039333e+04	1397.64	1329.69	1.569353e-01	704.80	0.207204	0.785529	0.005505	0.000001	0.000000	0.000000	0.001083	0.000000	0.000000	0.000177	0.000501	0.000000	0.000000	877.359576	4.000000	0.000004
295	1.983031	6.039336e+04	1397.64	1329.69	1.569354e-01	704.80	0.207204	0.785529	0.005505	0.000001	0.000000	0.000000	0.001083	0.000000	0.000000	0.000177	0.000501	0.000000	0.000000	877.359576	4.000000	0.000004
296	1.983030	6.039336e+04	1397.64	1329.69	1.569354e-01	704.80	0.207204	0.785529	0.005505	0.000001	0.000000	0.000000	0.001083	0.000000	0.000000	0.000177	0.000501	0.000000	0.000000	877.359576	4.000000	0.000004
297	1.983031	6.039333e+04	1397.64	1329.69	1.569353e-01	704.80	0.207204	0.785529	0.005505	0.000001	0.000000	0.000000	0.001083	0.000000	0.000000	0.000177	0.000501	0.000000	0.000000	877.359576	4.000000	0.000004
298	1.983031	6.039333e+04	1397.64	1329.69	1.569353e-01	704.80	0.207204	0.785529	0.005505	0.000001	0.000000	0.000000	0.001083	0.000000	0.000000	0.000177	0.000501	0.000000	0.000000	877.359576	4.000000	0.000004
299	1.983031	6.039333e+04	1397.64	1329.69	1.569353e-01	704.80	0.207204	0.785529	0.005505	0.000001	0.000000	0.000000	0.001083	0.000000	0.000000	0.000177	0.000501	0.000000	0.000000	877.359576	4.000000	0.000004
300	1.983031	6.039333e+04	1397.64	1329.69	1.569353e-01	704.80	0.207204	0.785529	0.005505	0.000001	0.000000	0.000000	0.001083	0.000000	0.000000	0.000177	0.000501	0.000000	0.000000	877.359576	4.000000	0.000004
301	1.983031	6.039333e+04	1397.64	1329.69	1.569353e-01	704.80	0.207204	0.785529	0.005505	0.000001	0.000000	0.000000	0.001083	0.000000	0.000000	0.000177	0.000501	0.000000	0.000000	877.359576	4.000000	0.000004
302	1.983031	6.039333e+04	1397.64	1329.69	1.569353e-01	704.80	0.207204	0.785529	0.005505	0.000001	0.000000	0.000000	0.001083	0.000000	0.000000	0.000177	0.000501	0.000000	0.000000	877.359576	4.000000	0.000004
303	1.983031	6.039333e+04	1397.64	1329.69	1.569353e-01	704.80	0.207204	0.785529	0.005505	0.000001	0.000000	0.000000	0.001083	0.000000	0.000000	0.000177	0.000501	0.000000	0.000000	877.359576	4.000000	0.000004
304	1.983031	6.039333e+04	1397.64	1329.69	1.569353e-01	704.80	0.207204	0.785529	0.005505	0.000001	0.000000	0.000000	0.001083	0.000000	0.000000	0.000177	0.000501	0.000000	0.000000	877.359576	4.000000	0.000004
305	1.983031	6.039333e+04	1397.64	1329.69	1.569353e-01	704.80	0.207204	0.785529	0.005505	0.000001	0.000000	0.000000	0.001083	0.000000	0.000000	0.000177	0.000501	0.000000	0.000000	877.359576	4.000000	0.000004
306	1.983031	6.039333e+04	1397.64	1329.69	1.569353e-01	704.80	0.207204	0.785529	0.005505	0.000001	0.000000	0.000000	0.001083	0.000000	0.000000	0.000177	0.000501	0.000000	0.000000	877.359576	4.000000	0.000004
307	1.983031	6.039333e+04	1397.64	1329.69	1.569353e-01	704.80	0.207204	0.785529	0.005505	0.000001	0.000000	0.000000	0.001083	0.000000	0.000000	0.000177	0.000501	0.000000	0.000000	877.359576	4.000000	0.000004
308	1.983031	6.039333e+04	1397.64	1329.69	1.569353e-01	704.80	0.207204	0.785529	0.005505	0.000001	0.000000	0.000000	0.001083	0.000000	0.000000	0.000177	0.000501	0.000000	0.000000	877.359576	4.000000	0.000004
309	1.983031	6.039333e+04	1397.64	1329.69	1.569353e-01	704.80	0.207204	0.785529	0.005505	0.000001	0.000000	0.000000	0.001083	0.000000	0.000000	0.000177	0.000501	0.000000	0.000000	877.359576	4.000000	0.000004
310	1.983031	6.039333e+04	1397.64	1329.69	1.569353e-01	704.80	0.207204	0.785529	0.005505	0.000001	0.000000	0.000000	0.001083	0.000000	0.000000	0.000177	0.000501	0.000000	0.000000	877.359576	4.000000	0.000004
311	1.983031	6.039333e+04	1397.64	1329.69	1.569353e-01	704.80	0.207204	0.785529	0.005505	0.000001	0.000000	0.000000	0.001083	0.000000	0.000000	0.000177	0.000501	0.000000	0.000000	877.359576	4.000000	0.000004
312	1.983031	6.039333e+04	1397.64	1329.69	1.569353e-01	704.80	0.207204	0.785529	0.005505	0.000001	0.000000	0.000000	0.001083	0.000000	0.000000	0.000177	0.000501	0.000000	0.000000	877.359576	4.000000	0.000004
313	1.983031	6.039333e+04	1397.64	1329.69	1.569353e-01	704.80	0.207204	0.785529	0.005505	0.000001	0.000000	0.000000	0.001083	0.000000	0.000000	0.000177	0.000501	0.000000	0.000000	877.359576	4.000000	0.000004
314	1.983031	6.039333e+04	1397.64	1329.69	1.569353e-01	704.80	0.207204	0.785529	0.005505	0.000001	0.000000	0.000000	0.001083	0.000000	0.000000	0.000177	0.000501	0.000000	0.000000	877.359576	4.000000	0.000004
315	1.983031	6.039333e+04	1397.64	1329.69	1.569353e-01	704.80	0.207204	0.785529	0.005505	0.000001	0.000000	0.000000	0.001083	0.000000	0.000000	0.000177	0.000501	0.000000	0.000000	877.359576	4.000000	0.000004
316	1.983031	6.039333e+04	1397.64	1329.69	1.569353e-01	704.80	0.207204	0.785529	0.005505	0.000001	0.000000	0.000000	0.001083	0.000000	0.000000	0.000177	0.000501	0.000000	0.000000	877.359576	4.000000	0.000004
317	1.983031	6.039333e+04	1397.64	1329.69	1.569353e-01	704.80	0.207204	0.785529	0.005505	0.000001	0.000000	0.000000	0.001083	0.000000	0.000000	0.000177	0.000501	0.000000	0.000000	877.359589	4.000000	0.000004
318	1.983030	6.039336e+04	1397.64	1329.69	1.569354e-01	704.80	0.207204	0.785529	0.005505	0.000001	0.000000	0.000000	0.001083	0.000000	0.000000	0.000177	0.000501	0.000000	0.000000	877.359576	4.000000	0.000004
319	1.982138	6.044103e+04	1397.43	1330.62	1.569598e-01	705.01	0.207130	0.785529	0.005497	0.000001	0.000000	0.000000	0.001143	0.000000	0.000000	0.000184	0.000517	0.000000	0.000000	877.359576	4.000000	0.000004
320	1.982137	6.044106e+04	1397.43	1330.62	1.569598e-01	705.01	0.207130	0.785529	0.005497	0.000001	0.000000	0.000000	0.001143	0.000000	0.000000	0.000184	0.000517	0.000000	0.000000	877.359576	4.000000	0.000004
321	1.981186	6.049191e+04	1397.20	1331.61	1.569858e-01	705.23	0.207052	0.785529	0.005489	0.000001	0.000000	0.000000	0.001206	0.000000	0.000000	0.000190	0.000533	0.000000	0.000000	877.359576	4.000000	0.000004
322	1.980169	6.054633e+04	1396.95	1332.67	1.570137e-01	705.47	0.206970	0.785529	0.005480	0.000001	0.000000	0.000000	0.001275	0.000000	0.000000	0.000197	0.000549	0.000000	0.000000	877.359576	4.000000	0.000004
323	1.979079	6.060466e+04	1396.68	1333.80	1.570436e-01	705.72	0.206883	0.785529	0.005471	0.000001	0.000000	0.000000	0.001348	0.000000	0.000000	0.000204	0.000565	0.000000	0.000000	877.359576	4.000000	0.000004
324	1.977910	6.066736e+04	1396.40	1335.01	1.570758e-01	706.00	0.206790	0.785529	0.005461	0.000001	0.000000	0.000000	0.001427	0.000000	0.000000	0.000212	0.000581	0.000000	0.000000	877.359576	4.000000	0.000004
325	1.976651	6.073494e+04	1396.09	1336.32	1.571104e-01	706.29	0.206690	0.785529	0.005450	0.000001	0.000000	0.000000	0.001512	0.000000	0.000000	0.000220	0.000597	0.000000	0.000000	877.359576	4.000000	0.000004
326	1.976650	6.073501e+04	1396.09	1336.32	1.571104e-01	706.29	0.206690	0.785529	0.005450	0.000001	0.000000	0.000000	0.001512	0.000000	0.000000	0.000220	0.000597	0.000000	0.000000	877.359576	4.000000	0.000004
327	1.977153	6.070796e+04	1396.21	1335.79	1.570966e-01	706.17	0.206730	0.785529	0.005454	0.000001	0.000000	0.000000	0.001478	0.000000	0.000000	0.000217	0.000591	0.000000	0.000000	877.359576	4.000000	0.000004
328	1.977153	6.070798e+04	1396.21	1335.79	1.570966e-01	706.17	0.206730	0.785529	0.005454	0.000001	0.000000	0.000000	0.001478	0.000000	0.000000	0.000217	0.000591	0.000000	0.000000	877.359576	4.000000	0.000004
329	1.976362	6.075047e+04	1396.02	1336.62	1.571184e-01	706.36	0.206668	0.785529	0.005448	0.000001	0.000000	0.000000	0.001532	0.000000	0.000000	0.000222	0.000601	0.000000	0.000000	877.359576	4.000000	0.000004
330	1.975533	6.079505e+04	1395.81	1337.48	1.571413e-01	706.55	0.206603	0.785529	0.005441	0.000001	0.000000	0.000000	0.001589	0.000000	0.000000	0.000227	0.000611	0.000000	0.000000	877.359576	4.000000	0.000004
331	1.974663	6.084187e+04	1395.60	1338.38	1.571653e-01	706.75	0.206535	0.785529	0.005433	0.000001	0.000000	0.000000	0.001648	0.000000	0.000000	0.000233	0.000620	0.000000	0.000000	877.359576	4.000000	0.000004
332	1.974662	6.084188e+04	1395.60	1338.38	1.571653e-01	706.75	0.206535	0.785529	0.005433	0.000001	0.000000	0.000000	0.001648	0.000000	0.000000	0.000233	0.000620	0.000000	0.000000	877.359576	4.000000	0.000004
333	1.973749	6.089110e+04	1395.38	1339.33	1.571906e-01	706.97	0.206465	0.785529	0.005425	0.000001	0.000000	0.000000	0.001711	0.000000	0.000000	0.000239	0.000630	0.000000	0.000000	877.359576	4.000000	0.000004
334	1.973748	6.089111e+04	1395.38	1339.33	1.571906e-01	706.97	0.206465	0.785529	0.005425	0.000001	0.000000	0.000000	0.001711	0.000000	0.000000	0.000239	0.000630	0.000000	0.000000	877.359576	4.000000	0.000004
335	1.972787	6.094291e+04	1395.14	1340.33	1.572172e-01	707.19	0.206391	0.785529	0.005417	0.000001	0.000000	0.000000	0.001777	0.000000	0.000000	0.000245	0.000640	0.000000	0.000000	877.359576	4.000000	0.000004
336	1.972787	6.094293e+04	1395.14	1340.33	1.572172e-01	707.19	0.206391	0.785529	0.005417	0.000001	0.000000	0.000000	0.001777	0.000000	0.000000	0.000245	0.000640	0.000000	0.000000	877.359576	4.000000	0.000004
337	1.971775	6.099753e+04	1394.89	1341.38	1.572453e-01	707.43	0.206314	0.785529	0.005409	0.000002	0.000000	0.000000	0.001847	0.000000	0.000000	0.000251	0.000649	0.000000	0.000000	877.359576	4.000000	0.000004
338	1.970708	6.105517e+04	1394.63	1342.48	1.572749e-01	707.68	0.206234	0.785529	0.005400	0.000002	0.000000	0.000000	0.001920	0.000000	0.000000	0.000257	0.000658	0.000000	0.000000	877.359576	4.000000	0.000004
339	1.969582	6.111609e+04	1394.35	1343.65	1.573062e-01	707.94	0.206149	0.785529	0.005391	0.000002	0.000000	0.000000	0.001998	0.000000	0.000000	0.000264	0.000667	0.000000	0.000000	877.359576	4.000000	0.000004
340	1.969581	6.111610e+04	1394.35	1343.66	1.573062e-01	707.94	0.206149	0.785529	0.005391	0.000002	0.000000	0.000000	0.001998	0.000000	0.000000	0.000264	0.000667	0.000000	0.000000	877.359576	4.000000	0.000004
341	1.969581	6.111611e+04	1394.35	1343.65	1.573062e-01	707.94	0.206149	0.785529	0.005390	0.000002	0.000000	0.000000	0.001998	0.000000	0.000000	0.000264	0.000667	0.000000	0.000000	877.359576	4.000000	0.000004
342	1.968391	6.118055e+04	1394.06	1344.89	1.573394e-01	708.22	0.206061	0.785529	0.005381	0.000002	0.000000	0.000000	0.002081	0.000000	0.000000	0.000271	0.000676	0.000000	0.000000	877.359576	4.000000	0.000004
343	1.968391	6.118059e+04	1394.06	1344.89	1.573394e-01	708.22	0.206061	0.785529	0.005381	0.000002	0.000000	0.000000	0.002081	0.000000	0.000000	0.000271	0.000676	0.000000	0.000000	877.359576	4.000000	0.000004
344	1.968390	6.118057e+04	1394.06	1344.89	1.573394e-01	708.22	0.206061	0.785529	0.005381	0.000002	0.000000	0.000000	0.002081	0.000000	0.000000	0.000271	0.000676	0.000000	0.000000	877.359576	4.000000	0.000004
345	1.968391	6.118055e+04	1394.06	1344.89	1.573394e-01	708.22	0.206061	0.785529	0.005381	0.000002	0.000000	0.000000	0.002081	0.000000	0.000000	0.000271	0.000676	0.000000	0.000000	877.359576	4.000000	0.000004
346	1.968391	6.118055e+04	1394.06	1344.89	1.573394e-01	708.22	0.206061	0.785529	0.005381	0.000002	0.000000	0.000000	0.002081	0.000000	0.000000	0.000271	0.000676	0.000000	0.000000	877.359576	4.000000	0.000004
347	1.968391	6.118055e+04	1394.06	1344.89	1.573394e-01	708.22	0.206061	0.785529	0.005381	0.000002	0.000000	0.000000	0.002081	0.000000	0.000000	0.000271	0.000676	0.000000	0.000000	877.359576	4.000000	0.000004
348	1.968391	6.118055e+04	1394.06	1344.89	1.573394e-01	708.22	0.206061	0.785529	0.005381	0.000002	0.000000	0.000000	0.002081	0.000000	0.000000	0.000271	0.000676	0.000000	0.000000	877.359576	4.000000	0.000004
349	1.968391	6.118055e+04	1394.06	1344.89	1.573394e-01	708.22	0.206061	0.785529	0.005381	0.000002	0.000000	0.000000	0.002081	0.000000	0.000000	0.000271	0.000676	0.000000	0.000000	877.359576	4.000000	0.000004
350	1.968391	6.118055e+04	1394.06	1344.89	1.573394e-01	708.22	0.206061	0.785529	0.005381	0.000002	0.000000	0.000000	0.002081	0.000000	0.000000	0.000271	0.000676	0.000000	0.000000	877.359576	4.000000	0.000004
351	1.968391	6.118055e+04	1394.06	1344.89	1.573394e-01	708.22	0.206061	0.785529	0.005381	0.000002	0.000000	0.000000	0.002081	0.000000	0.000000	0.000271	0.000676	0.000000	0.000000	877.359576	4.000000	0.000004
352	1.968391	6.118055e+04	1394.06	1344.89	1.573394e-01	708.22	0.206061	0.785529	0.005381	0.000002	0.000000	0.000000	0.002081	0.000000	0.000000	0.000271	0.000676	0.000000	0.000000	877.359576	4.000000	0.000004
353	1.968391	6.118055e+04	1394.06	1344.89	1.573394e-01	708.22	0.206061	0.785529	0.005381	0.000002	0.000000	0.000000	0.002081	0.000000	0.000000	0.000271	0.000676	0.000000	0.000000	877.359576	4.000000	0.000004
354	1.968391	6.118055e+04	1394.06	1344.89	1.573394e-01	708.22	0.206061	0.785529	0.005381	0.000002	0.000000	0.000000	0.002081	0.000000	0.000000	0.000271	0.000676	0.000000	0.000000	877.359576	4.000000	0.000004
355	1.968391	6.118055e+04	1394.06	1344.89	1.573394e-01	708.22	0.206061	0.785529	0.005381	0.000002	0.000000	0.000000	0.002081	0.000000	0.000000	0.000271	0.000676	0.000000	0.000000	877.359576	4.000000	0.000004
356	1.968391	6.118055e+04	1394.06	1344.89	1.573394e-01	708.22	0.206061	0.785529	0.005381	0.000002	0.000000	0.000000	0.002081	0.000000	0.000000	0.000271	0.000676	0.000000	0.000000	877.359576	4.000000	0.000004
357	1.968391	6.118055e+04	1394.06	1344.89	1.573394e-01	708.22	0.206061	0.785529	0.005381	0.000002	0.000000	0.000000	0.002081	0.000000	0.000000	0.000271	0.000676	0.000000	0.000000	877.359576	4.000000	0.000004
358	1.968391	6.118055e+04	1394.06	1344.89	1.573394e-01	708.22	0.206061	0.785529	0.005381	0.000002	0.000000	0.000000	0.002081	0.000000	0.000000	0.000271	0.000676	0.000000	0.000000	877.359576	4.000000	0.000004
359	1.968391	6.118055e+04	1394.06	1344.89	1.573394e-01	708.22	0.206061	0.785529	0.005381	0.000002	0.000000	0.000000	0.002081	0.000000	0.000000	0.000271	0.000676	0.000000	0.000000	877.359576	4.000000	0.000004
360	1.968391	6.118055e+04	1394.06	1344.89	1.573394e-01	708.22	0.206061	0.785529	0.005381	0.000002	0.000000	0.000000	0.002081	0.000000	0.000000	0.000271	0.000676	0.000000	0.000000	877.359576	4.000000	0.000004
361	1.968391	6.118055e+04	1394.06	1344.89	1.573394e-01	708.22	0.206061	0.785529	0.005381	0.000002	0.000000	0.000000	0.002081	0.000000	0.000000	0.000271	0.000676	0.000000	0.000000	877.359576	4.000000	0.000004
362	1.968391	6.118055e+04	1394.06	1344.89	1.573394e-01	708.22	0.206061	0.785529	0.005381	0.000002	0.000000	0.000000	0.002081	0.000000	0.000000	0.000271	0.000676	0.000000	0.000000	877.359576	4.000000	0.000004
363	1.968391	6.118055e+04	1394.06	1344.89	1.573394e-01	708.22	0.206061	0.785529	0.005381	0.000002	0.000000	0.000000	0.002081	0.000000	0.000000	0.000271	0.000676	0.000000	0.000000	877.359576	4.000000	0.000004
364	1.968391	6.118055e+04	1394.06	1344.89	1.573394e-01	708.22	0.206061	0.785529	0.005381	0.000002	0.000000	0.000000	0.002081	0.000000	0.000000	0.000271	0.000676	0.000000	0.000000	877.359576	4.000000	0.000004
365	1.968391	6.118055e+04	1394.06	1344.89	1.573394e-01	708.22	0.206061	0.785529	0.005381	0.000002	0.000000	0.000000	0.002081	0.000000	0.000000	0.000271	0.000676	0.000000	0.000000	877.359589	4.000000	0.000004
366	1.968390	6.118058e+04	1394.06	1344.89	1.573394e-01	708.22	0.206061	0.785529	0.005381	0.000002	0.000000	0.000000	0.002081	0.000000	0.000000	0.000271	0.000676	0.000000	0.000000	877.359576	4.000000	0.000004
367	1.967131	6.124886e+04	1393.74	1346.20	1.573745e-01	708.52	0.205968	0.785529	0.005370	0.000002	0.000000	0.000000	0.002169	0.000000	0.000000	0.000278	0.000684	0.000000	0.000000	877.359576	4.000000	0.000004
368	1.967130	6.124889e+04	1393.74	1346.20	1.573745e-01	708.52	0.205968	0.785529	0.005370	0.000002	0.000000	0.000000	0.002169	0.000000	0.000000	0.000278	0.000684	0.000000	0.000000	877.359576	4.000000	0.000004
369	1.965796	6.132136e+04	1393.41	1347.59	1.574119e-01	708.83	0.205870	0.785529	0.005359	0.000002	0.000000	0.000000	0.002262	0.000000	0.000000	0.000285	0.000692	0.000000	0.000000	877.359576	4.000000	0.000004
370	1.964379	6.139840e+04	1393.06	1349.06	1.574515e-01	709.16	0.205767	0.785529	0.005347	0.000002	0.000000	0.000000	0.002362	0.000000	0.000000	0.000293	0.000700	0.000000	0.000000	877.359576	4.000000	0.000005
371	1.962873	6.148040e+04	1392.69	1350.63	1.574938e-01	709.52	0.205659	0.785529	0.005335	0.000002	0.000000	0.000000	0.002468	0.000000	0.000000	0.000300	0.000707	0.000000	0.000000	877.359576	4.000000	0.000005
372	1.961271	6.156779e+04	1392.29	1352.29	1.575389e-01	709.89	0.205545	0.785529	0.005322	0.000002	0.000000	0.000000	0.002581	0.000000	0.000000	0.000308	0.000712	0.000000	0.000000	877.359576	4.000000	0.000005
373	1.959564	6.166105e+04	1391.87	1354.07	1.575870e-01	710.29	0.205425	0.785529	0.005308	0.000003	0.000000	0.000000	0.002702	0.000000	0.000000	0.000316	0.000717	0.000000	0.000000	877.359576	4.000000	0.000005
374	1.957743	6.176073e+04	1391.41	1355.96	1.576384e-01	710.72	0.205298	0.785529	0.005293	0.000003	0.000000	0.000000	0.002831	0.000000	0.000000	0.000325	0.000721	0.000000	0.000000	877.359576	4.000000	0.000005
375	1.955799	6.186737e+04	1390.92	1357.99	1.576935e-01	711.18	0.205164	0.785529	0.005277	0.000003	0.000000	0.000000	0.002970	0.000000	0.000000	0.000333	0.000724	0.000000	0.000000	877.359576	4.000000	0.000005
376	1.953721	6.198164e+04	1390.40	1360.16	1.577527e-01	711.67	0.205023	0.785529	0.005260	0.000003	0.000000	0.000000	0.003119	0.000000	0.000000	0.000341	0.000725	0.000000	0.000000	877.359576	4.000000	0.000005
377	1.953720	6.198164e+04	1390.40	1360.16	1.577526e-01	711.67	0.205023	0.785529	0.005260	0.000003	0.000000	0.000000	0.003119	0.000000	0.000000	0.000341	0.000725	0.000000	0.000000	877.359576	4.000000	0.000005
378	1.953721	6.198167e+04	1390.40	1360.16	1.577527e-01	711.67	0.205023	0.785529	0.005260	0.000003	0.000000	0.000000	0.003119	0.000000	0.000000	0.000341	0.000725	0.000000	0.000000	877.359576	4.000000	0.000005
379	1.954619	6.193226e+04	1390.63	1359.22	1.577271e-01	711.46	0.205084	0.785529	0.005267	0.000003	0.000000	0.000000	0.003055	0.000000	0.000000	0.000337	0.000725	0.000000	0.000000	877.359576	4.000000	0.000005
380	1.954618	6.193226e+04	1390.63	1359.22	1.577271e-01	711.46	0.205084	0.785529	0.005267	0.000003	0.000000	0.000000	0.003055	0.000000	0.000000	0.000337	0.000725	0.000000	0.000000	877.359576	4.000000	0.000005
381	1.953392	6.199976e+04	1390.32	1360.50	1.577620e-01	711.75	0.205001	0.785529	0.005257	0.000003	0.000000	0.000000	0.003143	0.000000	0.000000	0.000342	0.000725	0.000000	0.000000	877.359576	4.000000	0.000005
382	1.952117	6.207002e+04	1390.00	1361.83	1.577984e-01	712.05	0.204915	0.785529	0.005247	0.000003	0.000000	0.000000	0.003235	0.000000	0.000000	0.000346	0.000724	0.000000	0.000000	877.359576	4.000000	0.000005
383	1.952117	6.207001e+04	1390.00	1361.83	1.577984e-01	712.05	0.204915	0.785529	0.005247	0.000003	0.000000	0.000000	0.003235	0.000000	0.000000	0.000346	0.000724	0.000000	0.000000	877.359576	4.000000	0.000005
384	1.952117	6.207002e+04	1390.00	1361.83	1.577984e-01	712.05	0.204915	0.785529	0.005247	0.000003	0.000000	0.000000	0.003235	0.000000	0.000000	0.000346	0.000724	0.000000	0.000000	877.359576	4.000000	0.000005
385	1.950791	6.214315e+04	1389.67	1363.21	1.578362e-01	712.36	0.204827	0.785529	0.005236	0.000003	0.000000	0.000000	0.003330	0.000000	0.000000	0.000351	0.000723	0.000000	0.000000	877.359576	4.000000	0.000005
386	1.950792	6.214317e+04	1389.67	1363.21	1.578363e-01	712.36	0.204827	0.785529	0.005236	0.000003	0.000000	0.000000	0.003330	0.000000	0.000000	0.000351	0.000723	0.000000	0.000000	877.359576	4.000000	0.000005
387	1.950791	6.214316e+04	1389.67	1363.21	1.578362e-01	712.36	0.204827	0.785529	0.005236	0.000003	0.000000	0.000000	0.003330	0.000000	0.000000	0.000351	0.000723	0.000000	0.000000	877.359576	4.000000	0.000005
388	1.950791	6.214315e+04	1389.67	1363.21	1.578362e-01	712.36	0.204827	0.785529	0.005236	0.000003	0.000000	0.000000	0.003330	0.000000	0.000000	0.000351	0.000723	0.000000	0.000000	877.359576	4.000000	0.000005
389	1.950791	6.214315e+04	1389.67	1363.21	1.578362e-01	712.36	0.204827	0.785529	0.005236	0.000003	0.000000	0.000000	0.003330	0.000000	0.000000	0.000351	0.000723	0.000000	0.000000	877.359576	4.000000	0.000005
390	1.950791	6.214315e+04	1389.67	1363.21	1.578362e-01	712.36	0.204827	0.785529	0.005236	0.000003	0.000000	0.000000	0.003330	0.000000	0.000000	0.000351	0.000723	0.000000	0.000000	877.359576	4.000000	0.000005
391	1.950791	6.214315e+04	1389.67	1363.21	1.578362e-01	712.36	0.204827	0.785529	0.005236	0.000003	0.000000	0.000000	0.003330	0.000000	0.000000	0.000351	0.000723	0.000000	0.000000	877.359576	4.000000	0.000005
392	1.950791	6.214315e+04	1389.67	1363.21	1.578362e-01	712.36	0.204827	0.785529	0.005236	0.000003	0.000000	0.000000	0.003330	0.000000	0.000000	0.000351	0.000723	0.000000	0.000000	877.359576	4.000000	0.000005
393	1.950791	6.214315e+04	1389.67	1363.21	1.578362e-01	712.36	0.204827	0.785529	0.005236	0.000003	0.000000	0.000000	0.003330	0.000000	0.000000	0.000351	0.000723	0.000000	0.000000	877.359576	4.000000	0.000005
394	1.950791	6.214315e+04	1389.67	1363.21	1.578362e-01	712.36	0.204827	0.785529	0.005236	0.000003	0.000000	0.000000	0.003330	0.000000	0.000000	0.000351	0.000723	0.000000	0.000000	877.359576	4.000000	0.000005
395	1.950791	6.214315e+04	1389.67	1363.21	1.578362e-01	712.36	0.204827	0.785529	0.005236	0.000003	0.000000	0.000000	0.003330	0.000000	0.000000	0.000351	0.000723	0.000000	0.000000	877.359576	4.000000	0.000005
396	1.950791	6.214315e+04	1389.67	1363.21	1.578362e-01	712.36	0.204827	0.785529	0.005236	0.000003	0.000000	0.000000	0.003330	0.000000	0.000000	0.000351	0.000723	0.000000	0.000000	877.359576	4.000000	0.000005
397	1.950791	6.214315e+04	1389.67	1363.21	1.578362e-01	712.36	0.204827	0.785529	0.005236	0.000003	0.000000	0.000000	0.003330	0.000000	0.000000	0.000351	0.000723	0.000000	0.000000	877.359576	4.000000	0.000005
398	1.950791	6.214315e+04	1389.67	1363.21	1.578362e-01	712.36	0.204827	0.785529	0.005236	0.000003	0.000000	0.000000	0.003330	0.000000	0.000000	0.000351	0.000723	0.000000	0.000000	877.359576	4.000000	0.000005
399	1.950791	6.214315e+04	1389.67	1363.21	1.578362e-01	712.36	0.204827	0.785529	0.005236	0.000003	0.000000	0.000000	0.003330	0.000000	0.000000	0.000351	0.000723	0.000000	0.000000	877.359576	4.000000	0.000005
400	1.950791	6.214315e+04	1389.67	1363.21	1.578362e-01	712.36	0.204827	0.785529	0.005236	0.000003	0.000000	0.000000	0.003330	0.000000	0.000000	0.000351	0.000723	0.000000	0.000000	877.359576	4.000000	0.000005
401	1.950791	6.214315e+04	1389.67	1363.21	1.578362e-01	712.36	0.204827	0.785529	0.005236	0.000003	0.000000	0.000000	0.003330	0.000000	0.000000	0.000351	0.000723	0.000000	0.000000	877.359576	4.000000	0.000005
402	1.950791	6.214315e+04	1389.67	1363.21	1.578362e-01	712.36	0.204827	0.785529	0.005236	0.000003	0.000000	0.000000	0.003330	0.000000	0.000000	0.000351	0.000723	0.000000	0.000000	877.359576	4.000000	0.000005
403	1.950791	6.214315e+04	1389.67	1363.21	1.578362e-01	712.36	0.204827	0.785529	0.005236	0.000003	0.000000	0.000000	0.003330	0.000000	0.000000	0.000351	0.000723	0.000000	0.000000	877.359576	4.000000	0.000005
404	1.950791	6.214315e+04	1389.67	1363.21	1.578362e-01	712.36	0.204827	0.785529	0.005236	0.000003	0.000000	0.000000	0.003330	0.000000	0.000000	0.000351	0.000723	0.000000	0.000000	877.359576	4.000000	0.000005
405	1.950791	6.214315e+04	1389.67	1363.21	1.578362e-01	712.36	0.204827	0.785529	0.005236	0.000003	0.000000	0.000000	0.003330	0.000000	0.000000	0.000351	0.000723	0.000000	0.000000	877.359576	4.000000	0.000005
406	1.950791	6.214315e+04	1389.67	1363.21	1.578362e-01	712.36	0.204827	0.785529	0.005236	0.000003	0.000000	0.000000	0.003330	0.000000	0.000000	0.000351	0.000723	0.000000	0.000000	877.359576	4.000000	0.000005
407	1.950791	6.214315e+04	1389.67	1363.21	1.578362e-01	712.36	0.204827	0.785529	0.005236	0.000003	0.000000	0.000000	0.003330	0.000000	0.000000	0.000351	0.000723	0.000000	0.000000	877.359576	4.000000	0.000005
408	1.950791	6.214315e+04	1389.67	1363.21	1.578362e-01	712.36	0.204827	0.785529	0.005236	0.000003	0.000000	0.000000	0.003330	0.000000	0.000000	0.000351	0.000723	0.000000	0.000000	877.359589	4.000000	0.000005
409	1.950792	6.214316e+04	1389.67	1363.21	1.578362e-01	712.36	0.204827	0.785529	0.005236	0.000003	0.000000	0.000000	0.003330	0.000000	0.000000	0.000351	0.000723	0.000000	0.000000	877.359576	4.000000	0.000005
410	1.949413	6.221932e+04	1389.32	1364.65	1.578757e-01	712.69	0.204736	0.785529	0.005225	0.000004	0.000000	0.000000	0.003430	0.000000	0.000000	0.000355	0.000721	0.000000	0.000000	877.359576	4.000000	0.000005
411	1.947980	6.229863e+04	1388.96	1366.15	1.579168e-01	713.02	0.204643	0.785529	0.005214	0.000004	0.000000	0.000000	0.003534	0.000000	0.000000	0.000359	0.000718	0.000000	0.000000	877.359576	4.000000	0.000005
412	1.946491	6.238121e+04	1388.58	1367.70	1.579596e-01	713.38	0.204546	0.785529	0.005202	0.000004	0.000000	0.000000	0.003642	0.000000	0.000000	0.000363	0.000714	0.000000	0.000000	877.359576	4.000000	0.000005
413	1.944942	6.246718e+04	1388.19	1369.32	1.580042e-01	713.74	0.204447	0.785529	0.005189	0.000004	0.000000	0.000000	0.003755	0.000000	0.000000	0.000367	0.000709	0.000000	0.000000	877.359576	4.000000	0.000005
414	1.943334	6.255667e+04	1387.78	1371.00	1.580507e-01	714.12	0.204345	0.785529	0.005177	0.000004	0.000000	0.000000	0.003873	0.000000	0.000000	0.000370	0.000703	0.000000	0.000000	877.359576	4.000000	0.000005
415	1.941663	6.264975e+04	1387.36	1372.75	1.580990e-01	714.52	0.204240	0.785529	0.005163	0.000004	0.000000	0.000000	0.003995	0.000000	0.000000	0.000373	0.000696	0.000000	0.000000	877.359576	4.000000	0.000005
416	1.939930	6.274655e+04	1386.92	1374.56	1.581493e-01	714.93	0.204132	0.785529	0.005150	0.000004	0.000000	0.000000	0.004122	0.000000	0.000000	0.000375	0.000687	0.000000	0.000000	877.359576	4.000000	0.000005
417	1.939930	6.274652e+04	1386.92	1374.56	1.581493e-01	714.93	0.204132	0.785529	0.005150	0.000004	0.000000	0.000000	0.004122	0.000000	0.000000	0.000375	0.000687	0.000000	0.000000	877.359576	4.000000	0.000005
418	1.938132	6.284708e+04	1386.46	1376.45	1.582016e-01	715.36	0.204022	0.785529	0.005135	0.000005	0.000000	0.000000	0.004255	0.000000	0.000000	0.000377	0.000677	0.000000	0.000000	877.359576	4.000000	0.000005
419	1.936271	6.295144e+04	1385.98	1378.40	1.582560e-01	715.80	0.203909	0.785529	0.005121	0.000005	0.000000	0.000000	0.004392	0.000000	0.000000	0.000379	0.000665	0.000000	0.000000	877.359576	4.000000	0.000005
420	1.936271	6.295140e+04	1385.98	1378.40	1.582559e-01	715.80	0.203909	0.785529	0.005121	0.000005	0.000000	0.000000	0.004392	0.000000	0.000000	0.000379	0.000665	0.000000	0.000000	877.359576	4.000000	0.000005
421	1.936271	6.295140e+04	1385.98	1378.40	1.582559e-01	715.80	0.203909	0.785529	0.005121	0.000005	0.000000	0.000000	0.004392	0.000000	0.000000	0.000379	0.000665	0.000000	0.000000	877.359576	4.000000	0.000005
422	1.934345	6.305956e+04	1385.49	1380.42	1.583122e-01	716.26	0.203793	0.785529	0.005106	0.000005	0.000000	0.000000	0.004535	0.000000	0.000000	0.000380	0.000652	0.000000	0.000000	877.359576	4.000000	0.000005
423	1.934346	6.305954e+04	1385.49	1380.42	1.583122e-01	716.26	0.203793	0.785529	0.005106	0.000005	0.000000	0.000000	0.004535	0.000000	0.000000	0.000380	0.000652	0.000000	0.000000	877.359576	4.000000	0.000005
424	1.934346	6.305953e+04	1385.49	1380.42	1.583122e-01	716.26	0.203793	0.785529	0.005106	0.000005	0.000000	0.000000	0.004535	0.000000	0.000000	0.000380	0.000652	0.000000	0.000000	877.359576	4.000000	0.000005
425	1.932357	6.317148e+04	1384.98	1382.50	1.583706e-01	716.73	0.203676	0.785529	0.005090	0.000005	0.000000	0.000000	0.004683	0.000000	0.000000	0.000380	0.000637	0.000000	0.000000	877.359576	4.000000	0.000005
426	1.932358	6.317144e+04	1384.98	1382.50	1.583706e-01	716.73	0.203676	0.785529	0.005090	0.000005	0.000000	0.000000	0.004683	0.000000	0.000000	0.000380	0.000637	0.000000	0.000000	877.359576	4.000000	0.000005
427	1.932358	6.317144e+04	1384.98	1382.50	1.583706e-01	716.73	0.203676	0.785529	0.005090	0.000005	0.000000	0.000000	0.004683	0.000000	0.000000	0.000380	0.000637	0.000000	0.000000	877.359576	4.000000	0.000005
428	1.930308	6.328709e+04	1384.45	1384.66	1.584308e-01	717.22	0.203556	0.785529	0.005074	0.000005	0.000000	0.000000	0.004836	0.000000	0.000000	0.000379	0.000621	0.000000	0.000000	877.359576	4.000000	0.000005
429	1.930309	6.328706e+04	1384.45	1384.66	1.584309e-01	717.22	0.203556	0.785529	0.005074	0.000005	0.000000	0.000000	0.004836	0.000000	0.000000	0.000379	0.000621	0.000000	0.000000	877.359576	4.000000	0.000005
430	1.928200	6.340627e+04	1383.91	1386.87	1.584930e-01	717.72	0.203434	0.785529	0.005058	0.000005	0.000000	0.000000	0.004993	0.000000	0.000000	0.000378	0.000603	0.000000	0.000000	877.359576	4.000000	0.000005
431	1.926038	6.352887e+04	1383.35	1389.15	1.585571e-01	718.24	0.203311	0.785529	0.005041	0.000005	0.000000	0.000000	0.005155	0.000000	0.000000	0.000375	0.000583	0.000000	0.000000	877.359576	4.000000	0.000005
432	1.926039	6.352881e+04	1383.35	1389.15	1.585571e-01	718.24	0.203311	0.785529	0.005041	0.000005	0.000000	0.000000	0.005155	0.000000	0.000000	0.000375	0.000583	0.000000	0.000000	877.359576	4.000000	0.000005
433	1.923825	6.365455e+04	1382.78	1391.48	1.586228e-01	718.76	0.203186	0.785529	0.005024	0.000006	0.000000	0.000000	0.005322	0.000000	0.000000	0.000372	0.000561	0.000000	0.000000	877.359576	4.000000	0.000005
434	1.921569	6.378319e+04	1382.19	1393.86	1.586902e-01	719.30	0.203061	0.785529	0.005006	0.000006	0.000000	0.000000	0.005492	0.000000	0.000000	0.000368	0.000538	0.000000	0.000000	877.359576	4.000000	0.000005
435	1.922399	6.373588e+04	1382.41	1392.98	1.586654e-01	719.10	0.203107	0.785529	0.005013	0.000006	0.000000	0.000000	0.005429	0.000000	0.000000	0.000369	0.000547	0.000000	0.000000	877.359576	4.000000	0.000005
436	1.922399	6.373584e+04	1382.41	1392.98	1.586654e-01	719.10	0.203107	0.785529	0.005013	0.000006	0.000000	0.000000	0.005429	0.000000	0.000000	0.000369	0.000547	0.000000	0.000000	877.359576	4.000000	0.000005
437	1.920955	6.381817e+04	1382.03	1394.50	1.587084e-01	719.45	0.203027	0.785529	0.005002	0.000006	0.000000	0.000000	0.005538	0.000000	0.000000	0.000367	0.000532	0.000000	0.000000	877.359576	4.000000	0.000005
438	1.919497	6.390152e+04	1381.65	1396.04	1.587522e-01	719.80	0.202947	0.785529	0.004990	0.000006	0.000000	0.000000	0.005648	0.000000	0.000000	0.000363	0.000516	0.000000	0.000000	877.359576	4.000000	0.000005
439	1.918026	6.398561e+04	1381.27	1397.60	1.587961e-01	720.15	0.202867	0.785529	0.004979	0.000006	0.000000	0.000000	0.005760	0.000000	0.000000	0.000359	0.000500	0.000000	0.000000	877.359576	4.000000	0.000005
440	1.916546	6.407048e+04	1380.88	1399.16	1.588407e-01	720.50	0.202787	0.785529	0.004968	0.000006	0.000000	0.000000	0.005872	0.000000	0.000000	0.000355	0.000483	0.000000	0.000000	877.359576	4.000000	0.000005
441	1.915059	6.415598e+04	1380.49	1400.73	1.588856e-01	720.86	0.202707	0.785529	0.004956	0.000006	0.000000	0.000000	0.005985	0.000000	0.000000	0.000351	0.000466	0.000000	0.000000	877.359576	4.000000	0.000005
442	1.915059	6.415588e+04	1380.49	1400.73	1.588855e-01	720.86	0.202707	0.785529	0.004956	0.000006	0.000000	0.000000	0.005985	0.000000	0.000000	0.000351	0.000466	0.000000	0.000000	877.359576	4.000000	0.000005
443	1.915059	6.415591e+04	1380.49	1400.73	1.588855e-01	720.86	0.202707	0.785529	0.004956	0.000006	0.000000	0.000000	0.005985	0.000000	0.000000	0.000351	0.000466	0.000000	0.000000	877.359576	4.000000	0.000005
444	1.915059	6.415598e+04	1380.49	1400.73	1.588856e-01	720.86	0.202707	0.785529	0.004956	0.000006	0.000000	0.000000	0.005985	0.000000	0.000000	0.000351	0.000466	0.000000	0.000000	877.359576	4.000000	0.000005
445	1.915059	6.415598e+04	1380.49	1400.73	1.588856e-01	720.86	0.202707	0.785529	0.004956	0.000006	0.000000	0.000000	0.005985	0.000000	0.000000	0.000351	0.000466	0.000000	0.000000	877.359576	4.000000	0.000005
446	1.915059	6.415598e+04	1380.49	1400.73	1.588856e-01	720.86	0.202707	0.785529	0.004956	0.000006	0.000000	0.000000	0.005985	0.000000	0.000000	0.000351	0.000466	0.000000	0.000000	877.359576	4.000000	0.000005
447	1.915059	6.415598e+04	1380.49	1400.73	1.588856e-01	720.86	0.202707	0.785529	0.004956	0.000006	0.000000	0.000000	0.005985	0.000000	0.000000	0.000351	0.000466	0.000000	0.000000	877.359576	4.000000	0.000005
448	1.915059	6.415598e+04	1380.49	1400.73	1.588856e-01	720.86	0.202707	0.785529	0.004956	0.000006	0.000000	0.000000	0.005985	0.000000	0.000000	0.000351	0.000466	0.000000	0.000000	877.359576	4.000000	0.000005
449	1.915059	6.415598e+04	1380.49	1400.73	1.588856e-01	720.86	0.202707	0.785529	0.004956	0.000006	0.000000	0.000000	0.005985	0.000000	0.000000	0.000351	0.000466	0.000000	0.000000	877.359576	4.000000	0.000005
450	1.915059	6.415598e+04	1380.49	1400.73	1.588856e-01	720.86	0.202707	0.785529	0.004956	0.000006	0.000000	0.000000	0.005985	0.000000	0.000000	0.000351	0.000466	0.000000	0.000000	877.359576	4.000000	0.000005
451	1.915059	6.415598e+04	1380.49	1400.73	1.588856e-01	720.86	0.202707	0.785529	0.004956	0.000006	0.000000	0.000000	0.005985	0.000000	0.000000	0.000351	0.000466	0.000000	0.000000	877.359576	4.000000	0.000005
452	1.915059	6.415598e+04	1380.49	1400.73	1.588856e-01	720.86	0.202707	0.785529	0.004956	0.000006	0.000000	0.000000	0.005985	0.000000	0.000000	0.000351	0.000466	0.000000	0.000000	877.359576	4.000000	0.000005
453	1.915059	6.415598e+04	1380.49	1400.73	1.588856e-01	720.86	0.202707	0.785529	0.004956	0.000006	0.000000	0.000000	0.005985	0.000000	0.000000	0.000351	0.000466	0.000000	0.000000	877.359576	4.000000	0.000005
454	1.915059	6.415598e+04	1380.49	1400.73	1.588856e-01	720.86	0.202707	0.785529	0.004956	0.000006	0.000000	0.000000	0.005985	0.000000	0.000000	0.000351	0.000466	0.000000	0.000000	877.359576	4.000000	0.000005
455	1.915059	6.415598e+04	1380.49	1400.73	1.588856e-01	720.86	0.202707	0.785529	0.004956	0.000006	0.000000	0.000000	0.005985	0.000000	0.000000	0.000351	0.000466	0.000000	0.000000	877.359576	4.000000	0.000005
456	1.915059	6.415598e+04	1380.49	1400.73	1.588856e-01	720.86	0.202707	0.785529	0.004956	0.000006	0.000000	0.000000	0.005985	0.000000	0.000000	0.000351	0.000466	0.000000	0.000000	877.359576	4.000000	0.000005
457	1.915059	6.415598e+04	1380.49	1400.73	1.588856e-01	720.86	0.202707	0.785529	0.004956	0.000006	0.000000	0.000000	0.005985	0.000000	0.000000	0.000351	0.000466	0.000000	0.000000	877.359576	4.000000	0.000005
458	1.915059	6.415598e+04	1380.49	1400.73	1.588856e-01	720.86	0.202707	0.785529	0.004956	0.000006	0.000000	0.000000	0.005985	0.000000	0.000000	0.000351	0.000466	0.000000	0.000000	877.359576	4.000000	0.000005
459	1.915059	6.415598e+04	1380.49	1400.73	1.588856e-01	720.86	0.202707	0.785529	0.004956	0.000006	0.000000	0.000000	0.005985	0.000000	0.000000	0.000351	0.000466	0.000000	0.000000	877.359576	4.000000	0.000005
460	1.915059	6.415598e+04	1380.49	1400.73	1.588856e-01	720.86	0.202707	0.785529	0.004956	0.000006	0.000000	0.000000	0.005985	0.000000	0.000000	0.000351	0.000466	0.000000	0.000000	877.359576	4.000000	0.000005
461	1.915059	6.415598e+04	1380.49	1400.73	1.588856e-01	720.86	0.202707	0.785529	0.004956	0.000006	0.000000	0.000000	0.005985	0.000000	0.000000	0.000351	0.000466	0.000000	0.000000	877.359576	4.000000	0.000005
462	1.915059	6.415598e+04	1380.49	1400.73	1.588856e-01	720.86	0.202707	0.785529	0.004956	0.000006	0.000000	0.000000	0.005985	0.000000	0.000000	0.000351	0.000466	0.000000	0.000000	877.359576	4.000000	0.000005
463	1.915059	6.415598e+04	1380.49	1400.73	1.588856e-01	720.86	0.202707	0.785529	0.004956	0.000006	0.000000	0.000000	0.005985	0.000000	0.000000	0.000351	0.000466	0.000000	0.000000	877.359576	4.000000	0.000005
464	1.915059	6.415598e+04	1380.49	1400.73	1.588856e-01	720.86	0.202707	0.785529	0.004956	0.000006	0.000000	0.000000	0.005985	0.000000	0.000000	0.000351	0.000466	0.000000	0.000000	877.359589	4.000000	0.000005
465	1.915059	6.415592e+04	1380.49	1400.73	1.588855e-01	720.86	0.202707	0.785529	0.004956	0.000006	0.000000	0.000000	0.005985	0.000000	0.000000	0.000351	0.000466	0.000000	0.000000	877.359576	4.000000	0.000005
466	1.913566	6.424175e+04	1380.10	1402.31	1.589306e-01	721.22	0.202627	0.785529	0.004945	0.000006	0.000000	0.000000	0.006098	0.000000	0.000000	0.000346	0.000448	0.000000	0.000000	877.359576	4.000000	0.000005
467	1.912071	6.432793e+04	1379.71	1403.90	1.589759e-01	721.58	0.202548	0.785529	0.004933	0.000006	0.000000	0.000000	0.006212	0.000000	0.000000	0.000341	0.000430	0.000000	0.000000	877.359576	4.000000	0.000005
468	1.910577	6.441419e+04	1379.31	1405.48	1.590212e-01	721.94	0.202469	0.785529	0.004922	0.000006	0.000000	0.000000	0.006326	0.000000	0.000000	0.000336	0.000412	0.000000	0.000000	877.359576	4.000000	0.000005
469	1.909085	6.450046e+04	1378.92	1407.07	1.590665e-01	722.29	0.202391	0.785529	0.004911	0.000006	0.000000	0.000000	0.006440	0.000000	0.000000	0.000330	0.000393	0.000000	0.000000	877.359576	4.000000	0.000005
470	1.907599	6.458651e+04	1378.53	1408.65	1.591118e-01	722.65	0.202313	0.785529	0.004899	0.000006	0.000000	0.000000	0.006554	0.000000	0.000000	0.000324	0.000375	0.000000	0.000000	877.359576	4.000000	0.000005
471	1.906122	6.467225e+04	1378.14	1410.22	1.591569e-01	723.01	0.202236	0.785529	0.004888	0.000006	0.000001	0.000000	0.006667	0.000000	0.000000	0.000317	0.000357	0.000000	0.000000	877.359576	4.000000	0.000005
472	1.904656	6.475747e+04	1377.75	1411.78	1.592018e-01	723.36	0.202159	0.785529	0.004877	0.000006	0.000001	0.000000	0.006779	0.000000	0.000000	0.000311	0.000338	0.000000	0.000000	877.359576	4.000000	0.000005
473	1.902463	6.488520e+04	1377.17	1414.12	1.592691e-01	723.89	0.202045	0.785529	0.004860	0.000006	0.000001	0.000000	0.006948	0.000000	0.000000	0.000301	0.000311	0.000000	0.000000	877.359576	4.000000	0.000005
474	1.902463	6.488521e+04	1377.17	1414.12	1.592691e-01	723.89	0.202045	0.785529	0.004860	0.000006	0.000001	0.000000	0.006948	0.000000	0.000000	0.000301	0.000311	0.000000	0.000000	877.359576	4.000000	0.000005
475	1.900311	6.501094e+04	1376.59	1416.42	1.593355e-01	724.40	0.201934	0.785529	0.004843	0.000005	0.000001	0.000000	0.007113	0.000000	0.000000	0.000290	0.000285	0.000000	0.000000	877.359576	4.000000	0.000005
476	1.900310	6.501096e+04	1376.59	1416.42	1.593354e-01	724.40	0.201934	0.785529	0.004843	0.000005	0.000001	0.000000	0.007113	0.000000	0.000000	0.000290	0.000285	0.000000	0.000000	877.359576	4.000000	0.000005
477	1.898205	6.513425e+04	1376.03	1418.67	1.594006e-01	724.91	0.201824	0.785529	0.004827	0.000005	0.000001	0.000000	0.007275	0.000000	0.000000	0.000280	0.000259	0.000000	0.000000	877.359576	4.000000	0.000005
478	1.896152	6.525465e+04	1375.48	1420.88	1.594640e-01	725.41	0.201717	0.785529	0.004812	0.000005	0.000001	0.000000	0.007433	0.000000	0.000000	0.000269	0.000235	0.000000	0.000000	877.359576	4.000000	0.000006
479	1.894159	6.537200e+04	1374.95	1423.02	1.595261e-01	725.89	0.201613	0.785529	0.004796	0.000005	0.000001	0.000000	0.007586	0.000000	0.000000	0.000258	0.000212	0.000000	0.000000	877.359576	4.000000	0.000006
480	1.894895	6.532864e+04	1375.14	1422.23	1.595032e-01	725.71	0.201652	0.785529	0.004802	0.000005	0.000001	0.000000	0.007530	0.000000	0.000000	0.000262	0.000220	0.000000	0.000000	877.359576	4.000000	0.000006
481	1.894895	6.532867e+04	1375.14	1422.23	1.595032e-01	725.71	0.201652	0.785529	0.004802	0.000005	0.000001	0.000000	0.007530	0.000000	0.000000	0.000262	0.000220	0.000000	0.000000	877.359576	4.000000	0.000006
482	1.893663	6.540131e+04	1374.81	1423.55	1.595416e-01	726.01	0.201587	0.785529	0.004792	0.000005	0.000001	0.000000	0.007625	0.000000	0.000000	0.000255	0.000206	0.000000	0.000000	877.359576	4.000000	0.000006
483	1.892455	6.547252e+04	1374.49	1424.85	1.595792e-01	726.30	0.201524	0.785529	0.004783	0.000005	0.000001	0.000000	0.007718	0.000000	0.000000	0.000249	0.000193	0.000000	0.000000	877.359576	4.000000	0.000006
484	1.891273	6.554249e+04	1374.17	1426.13	1.596164e-01	726.58	0.201461	0.785529	0.004774	0.000005	0.000001	0.000000	0.007809	0.000000	0.000000	0.000242	0.000180	0.000000	0.000000	877.359576	4.000000	0.000006
485	1.890116	6.561080e+04	1373.86	1427.38	1.596524e-01	726.86	0.201400	0.785529	0.004765	0.000005	0.000001	0.000000	0.007898	0.000000	0.000000	0.000235	0.000168	0.000000	0.000000	877.359576	4.000000	0.000006
486	1.888986	6.567807e+04	1373.55	1428.60	1.596884e-01	727.14	0.201339	0.785529	0.004756	0.000005	0.000001	0.000000	0.007985	0.000000	0.000000	0.000229	0.000157	0.000000	0.000000	877.359576	4.000000	0.000006
487	1.888985	6.567788e+04	1373.55	1428.60	1.596880e-01	727.14	0.201339	0.785529	0.004756	0.000005	0.000001	0.000000	0.007985	0.000000	0.000000	0.000229	0.000157	0.000000	0.000000	877.359576	4.000000	0.000006
488	1.887881	6.574358e+04	1373.25	1429.79	1.597230e-01	727.40	0.201280	0.785529	0.004747	0.000004	0.000001	0.000000	0.008070	0.000000	0.000000	0.000223	0.000146	0.000000	0.000000	877.359576	4.000000	0.000006
489	1.886803	6.580789e+04	1372.96	1430.96	1.597574e-01	727.66	0.201221	0.785529	0.004739	0.000004	0.000001	0.000000	0.008153	0.000000	0.000000	0.000217	0.000136	0.000000	0.000000	877.359576	4.000000	0.000006
490	1.885749	6.587027e+04	1372.67	1432.11	1.597900e-01	727.92	0.201164	0.785529	0.004731	0.000004	0.000001	0.000000	0.008234	0.000000	0.000000	0.000211	0.000127	0.000000	0.000000	877.359576	4.000000	0.000006
491	1.885749	6.587058e+04	1372.67	1432.10	1.597906e-01	727.92	0.201164	0.785529	0.004731	0.000004	0.000001	0.000000	0.008234	0.000000	0.000000	0.000211	0.000127	0.000000	0.000000	877.359576	4.000000	0.000006
492	1.885749	6.587043e+04	1372.67	1432.11	1.597903e-01	727.92	0.201164	0.785529	0.004731	0.000004	0.000001	0.000000	0.008234	0.000000	0.000000	0.000211	0.000127	0.000000	0.000000	877.359576	4.000000	0.000006
493	1.884721	6.593187e+04	1372.39	1433.22	1.598231e-01	728.17	0.201107	0.785529	0.004723	0.000004	0.000001	0.000000	0.008313	0.000000	0.000000	0.000205	0.000118	0.000000	0.000000	877.359576	4.000000	0.000006
494	1.884720	6.593162e+04	1372.39	1433.23	1.598226e-01	728.17	0.201107	0.785529	0.004723	0.000004	0.000001	0.000000	0.008313	0.000000	0.000000	0.000205	0.000118	0.000000	0.000000	877.359576	4.000000	0.000006
495	1.884721	6.593184e+04	1372.39	1433.22	1.598230e-01	728.17	0.201107	0.785529	0.004723	0.000004	0.000001	0.000000	0.008313	0.000000	0.000000	0.000205	0.000118	0.000000	0.000000	877.359576	4.000000	0.000006
496	1.883716	6.599165e+04	1372.12	1434.32	1.598546e-01	728.41	0.201052	0.785529	0.004715	0.000004	0.000001	0.000000	0.008391	0.000000	0.000000	0.000200	0.000110	0.000000	0.000000	877.359576	4.000000	0.000006
497	1.882738	6.605092e+04	1371.85	1435.38	1.598870e-01	728.65	0.200997	0.785529	0.004707	0.000004	0.000001	0.000000	0.008466	0.000000	0.000000	0.000194	0.000102	0.000000	0.000000	877.359576	4.000000	0.000006
498	1.882736	6.605031e+04	1371.85	1435.39	1.598858e-01	728.65	0.200997	0.785529	0.004707	0.000004	0.000001	0.000000	0.008466	0.000000	0.000000	0.000194	0.000102	0.000000	0.000000	877.359576	4.000000	0.000006
499	1.882737	6.605064e+04	1371.85	1435.38	1.598864e-01	728.65	0.200997	0.785529	0.004707	0.000004	0.000001	0.000000	0.008466	0.000000	0.000000	0.000194	0.000102	0.000000	0.000000	877.359576	4.000000	0.000006
500	1.881778	6.610759e+04	1371.59	1436.43	1.599162e-01	728.88	0.200943	0.785529	0.004699	0.000004	0.000001	0.000000	0.008540	0.000000	0.000000	0.000189	0.000095	0.000000	0.000000	877.359576	4.000000	0.000006
501	1.881780	6.610819e+04	1371.59	1436.43	1.599173e-01	728.88	0.200943	0.785529	0.004699	0.000004	0.000001	0.000000	0.008540	0.000000	0.000000	0.000189	0.000095	0.000000	0.000000	877.359576	4.000000	0.000006
502	1.881778	6.610776e+04	1371.59	1436.43	1.599165e-01	728.88	0.200943	0.785529	0.004699	0.000004	0.000001	0.000000	0.008540	0.000000	0.000000	0.000189	0.000095	0.000000	0.000000	877.359576	4.000000	0.000006
503	1.880843	6.616413e+04	1371.33	1437.45	1.599469e-01	729.11	0.200890	0.785529	0.004692	0.000004	0.000001	0.000000	0.008612	0.000000	0.000000	0.000184	0.000089	0.000000	0.000000	877.359576	4.000000	0.000006
504	1.880842	6.616370e+04	1371.34	1437.46	1.599460e-01	729.11	0.200890	0.785529	0.004692	0.000004	0.000001	0.000000	0.008612	0.000000	0.000000	0.000184	0.000089	0.000000	0.000000	877.359576	4.000000	0.000006
505	1.880843	6.616412e+04	1371.33	1437.45	1.599468e-01	729.11	0.200890	0.785529	0.004692	0.000004	0.000001	0.000000	0.008612	0.000000	0.000000	0.000184	0.000089	0.000000	0.000000	877.359576	4.000000	0.000006
506	1.879927	6.621871e+04	1371.09	1438.46	1.599754e-01	729.33	0.200837	0.785529	0.004684	0.000004	0.000001	0.000000	0.008682	0.000000	0.000000	0.000180	0.000083	0.000000	0.000000	877.359576	4.000000	0.000006
507	1.879929	6.621915e+04	1371.08	1438.45	1.599763e-01	729.33	0.200837	0.785529	0.004684	0.000004	0.000001	0.000000	0.008682	0.000000	0.000000	0.000180	0.000083	0.000000	0.000000	877.359576	4.000000	0.000006
508	1.879927	6.621877e+04	1371.09	1438.46	1.599756e-01	729.33	0.200837	0.785529	0.004684	0.000004	0.000001	0.000000	0.008682	0.000000	0.000000	0.000180	0.000083	0.000000	0.000000	877.359576	4.000000	0.000006
509	1.879033	6.627285e+04	1370.84	1439.43	1.600047e-01	729.54	0.200786	0.785529	0.004677	0.000004	0.000001	0.000000	0.008751	0.000000	0.000000	0.000175	0.000077	0.000000	0.000000	877.359576	4.000000	0.000006
510	1.879032	6.627242e+04	1370.84	1439.44	1.600039e-01	729.55	0.200786	0.785529	0.004677	0.000004	0.000001	0.000000	0.008751	0.000000	0.000000	0.000175	0.000077	0.000000	0.000000	877.359576	4.000000	0.000006
511	1.879033	6.627279e+04	1370.84	1439.43	1.600046e-01	729.55	0.200786	0.785529	0.004677	0.000004	0.000001	0.000000	0.008751	0.000000	0.000000	0.000175	0.000077	0.000000	0.000000	877.359576	4.000000	0.000006
512	1.878156	6.632520e+04	1370.60	1440.40	1.600321e-01	729.76	0.200735	0.785529	0.004670	0.000004	0.000001	0.000000	0.008819	0.000000	0.000000	0.000171	0.000072	-0.000000	0.000000	877.359576	4.000000	0.000006
513	1.878157	6.632562e+04	1370.60	1440.39	1.600329e-01	729.76	0.200735	0.785529	0.004670	0.000004	0.000001	0.000000	0.008819	0.000000	0.000000	0.000171	0.000072	0.000000	0.000000	877.359576	4.000000	0.000006
514	1.878156	6.632525e+04	1370.60	1440.40	1.600322e-01	729.76	0.200735	0.785529	0.004670	0.000004	0.000001	0.000000	0.008819	0.000000	0.000000	0.000171	0.000072	0.000000	0.000000	877.359576	4.000000	0.000006
515	1.877298	6.637726e+04	1370.36	1441.34	1.600603e-01	729.97	0.200684	0.785529	0.004663	0.000004	0.000001	0.000000	0.008885	0.000000	0.000000	0.000167	0.000068	0.000000	0.000000	877.359576	4.000000	0.000006
516	1.877297	6.637682e+04	1370.37	1441.34	1.600595e-01	729.97	0.200684	0.785529	0.004663	0.000004	0.000001	0.000000	0.008885	0.000000	0.000000	0.000167	0.000068	-0.000000	0.000000	877.359576	4.000000	0.000006
517	1.877298	6.637720e+04	1370.36	1441.34	1.600602e-01	729.97	0.200684	0.785529	0.004663	0.000004	0.000001	0.000000	0.008885	0.000000	0.000000	0.000167	0.000068	0.000000	0.000000	877.359576	4.000000	0.000006
518	1.876455	6.642762e+04	1370.13	1442.27	1.600866e-01	730.17	0.200635	0.785529	0.004656	0.000003	0.000001	0.000000	0.008950	0.000000	0.000000	0.000163	0.000064	-0.000000	0.000000	877.359576	4.000000	0.000006
519	1.876457	6.642809e+04	1370.13	1442.26	1.600875e-01	730.17	0.200635	0.785529	0.004656	0.000003	0.000001	0.000000	0.008950	0.000000	0.000000	0.000163	0.000064	0.000000	0.000000	877.359576	4.000000	0.000006
520	1.876456	6.642767e+04	1370.13	1442.27	1.600867e-01	730.17	0.200635	0.785529	0.004656	0.000003	0.000001	0.000000	0.008950	0.000000	0.000000	0.000163	0.000064	-0.000000	0.000000	877.359576	4.000000	0.000006
521	1.875631	6.647791e+04	1369.90	1443.17	1.601140e-01	730.37	0.200585	0.785529	0.004650	0.000003	0.000001	0.000000	0.009013	0.000000	0.000000	0.000159	0.000060	0.000000	0.000000	877.359576	4.000000	0.000006
522	1.875629	6.647738e+04	1369.91	1443.18	1.601130e-01	730.37	0.200585	0.785529	0.004650	0.000003	0.000001	0.000000	0.009013	0.000000	0.000000	0.000159	0.000060	-0.000000	0.000000	877.359576	4.000000	0.000006
523	1.875630	6.647785e+04	1369.90	1443.17	1.601139e-01	730.37	0.200585	0.785529	0.004650	0.000003	0.000001	0.000000	0.009013	0.000000	0.000000	0.000159	0.000060	0.000000	0.000000	877.359576	4.000000	0.000006
524	1.874818	6.652644e+04	1369.68	1444.07	1.601392e-01	730.57	0.200536	0.785529	0.004643	0.000003	0.000001	0.000000	0.009076	0.000000	0.000000	0.000156	0.000056	-0.000000	0.000000	877.359576	4.000000	0.000006
525	1.874819	6.652706e+04	1369.68	1444.07	1.601403e-01	730.57	0.200536	0.785529	0.004643	0.000003	0.000001	0.000000	0.009076	0.000000	0.000000	0.000156	0.000056	0.000000	0.000000	877.359576	4.000000	0.000006
526	1.874818	6.652651e+04	1369.68	1444.07	1.601393e-01	730.57	0.200536	0.785529	0.004643	0.000003	0.000001	0.000000	0.009076	0.000000	0.000000	0.000156	0.000056	-0.000000	0.000000	877.359576	4.000000	0.000006
527	1.874818	6.652644e+04	1369.68	1444.07	1.601392e-01	730.57	0.200536	0.785529	0.004643	0.000003	0.000001	0.000000	0.009076	0.000000	0.000000	0.000156	0.000056	-0.000000	0.000000	877.359576	4.000000	0.000006
528	1.874818	6.652644e+04	1369.68	1444.07	1.601392e-01	730.57	0.200536	0.785529	0.004643	0.000003	0.000001	0.000000	0.009076	0.000000	0.000000	0.000156	0.000056	-0.000000	0.000000	877.359576	4.000000	0.000006
529	1.874818	6.652644e+04	1369.68	1444.07	1.601392e-01	730.57	0.200536	0.785529	0.004643	0.000003	0.000001	0.000000	0.009076	0.000000	0.000000	0.000156	0.000056	-0.000000	0.000000	877.359576	4.000000	0.000006
530	1.874818	6.652645e+04	1369.68	1444.07	1.601392e-01	730.57	0.200536	0.785529	0.004643	0.000003	0.000001	0.000000	0.009076	0.000000	0.000000	0.000156	0.000056	-0.000000	0.000000	877.359576	4.000000	0.000006
531	1.874818	6.652644e+04	1369.68	1444.07	1.601392e-01	730.57	0.200536	0.785529	0.004643	0.000003	0.000001	0.000000	0.009076	0.000000	0.000000	0.000156	0.000056	-0.000000	0.000000	877.359576	4.000000	0.000006
532	1.874818	6.652644e+04	1369.68	1444.07	1.601392e-01	730.57	0.200536	0.785529	0.004643	0.000003	0.000001	0.000000	0.009076	0.000000	0.000000	0.000156	0.000056	-0.000000	0.000000	877.359576	4.000000	0.000006
533	1.874818	6.652644e+04	1369.68	1444.07	1.601392e-01	730.57	0.200536	0.785529	0.004643	0.000003	0.000001	0.000000	0.009076	0.000000	0.000000	0.000156	0.000056	-0.000000	0.000000	877.359576	4.000000	0.000006
534	1.874818	6.652644e+04	1369.68	1444.07	1.601392e-01	730.57	0.200536	0.785529	0.004643	0.000003	0.000001	0.000000	0.009076	0.000000	0.000000	0.000156	0.000056	-0.000000	0.000000	877.359576	4.000000	0.000006
535	1.874818	6.652644e+04	1369.68	1444.07	1.601392e-01	730.57	0.200536	0.785529	0.004643	0.000003	0.000001	0.000000	0.009076	0.000000	0.000000	0.000156	0.000056	-0.000000	0.000000	877.359576	4.000000	0.000006
536	1.874818	6.652644e+04	1369.68	1444.07	1.601392e-01	730.57	0.200536	0.785529	0.004643	0.000003	0.000001	0.000000	0.009076	0.000000	0.000000	0.000156	0.000056	-0.000000	0.000000	877.359576	4.000000	0.000006
537	1.874818	6.652644e+04	1369.68	1444.07	1.601392e-01	730.57	0.200536	0.785529	0.004643	0.000003	0.000001	0.000000	0.009076	0.000000	0.000000	0.000156	0.000056	-0.000000	0.000000	877.359576	4.000000	0.000006
538	1.874818	6.652644e+04	1369.68	1444.07	1.601392e-01	730.57	0.200536	0.785529	0.004643	0.000003	0.000001	0.000000	0.009076	0.000000	0.000000	0.000156	0.000056	-0.000000	0.000000	877.359576	4.000000	0.000006
539	1.874818	6.652644e+04	1369.68	1444.07	1.601392e-01	730.57	0.200536	0.785529	0.004643	0.000003	0.000001	0.000000	0.009076	0.000000	0.000000	0.000156	0.000056	-0.000000	0.000000	877.359576	4.000000	0.000006
540	1.874818	6.652644e+04	1369.68	1444.07	1.601392e-01	730.57	0.200536	0.785529	0.004643	0.000003	0.000001	0.000000	0.009076	0.000000	0.000000	0.000156	0.000056	-0.000000	0.000000	877.359576	4.000000	0.000006
541	1.874818	6.652644e+04	1369.68	1444.07	1.601392e-01	730.57	0.200536	0.785529	0.004643	0.000003	0.000001	0.000000	0.009076	0.000000	0.000000	0.000156	0.000056	-0.000000	0.000000	877.359576	4.000000	0.000006
542	1.874818	6.652644e+04	1369.68	1444.07	1.601392e-01	730.57	0.200536	0.785529	0.004643	0.000003	0.000001	0.000000	0.009076	0.000000	0.000000	0.000156	0.000056	-0.000000	0.000000	877.359576	4.000000	0.000006
543	1.874818	6.652644e+04	1369.68	1444.07	1.601392e-01	730.57	0.200536	0.785529	0.004643	0.000003	0.000001	0.000000	0.009076	0.000000	0.000000	0.000156	0.000056	-0.000000	0.000000	877.359576	4.000000	0.000006
544	1.874818	6.652644e+04	1369.68	1444.07	1.601392e-01	730.57	0.200536	0.785529	0.004643	0.000003	0.000001	0.000000	0.009076	0.000000	0.000000	0.000156	0.000056	-0.000000	0.000000	877.359576	4.000000	0.000006
545	1.874818	6.652644e+04	1369.68	1444.07	1.601392e-01	730.57	0.200536	0.785529	0.004643	0.000003	0.000001	0.000000	0.009076	0.000000	0.000000	0.000156	0.000056	-0.000000	0.000000	877.359576	4.000000	0.000006
546	1.874818	6.652644e+04	1369.68	1444.07	1.601392e-01	730.57	0.200536	0.785529	0.004643	0.000003	0.000001	0.000000	0.009076	0.000000	0.000000	0.000156	0.000056	-0.000000	0.000000	877.359576	4.000000	0.000006
547	1.874818	6.652644e+04	1369.68	1444.07	1.601392e-01	730.57	0.200536	0.785529	0.004643	0.000003	0.000001	0.000000	0.009076	0.000000	0.000000	0.000156	0.000056	-0.000000	0.000000	877.359589	4.000000	0.000006
548	1.874818	6.652666e+04	1369.68	1444.07	1.601396e-01	730.57	0.200536	0.785529	0.004643	0.000003	0.000001	0.000000	0.009076	0.000000	0.000000	0.000156	0.000056	0.000000	0.000000	877.359576	4.000000	0.000006
549	1.874020	6.657498e+04	1369.46	1444.95	1.601654e-01	730.76	0.200488	0.785529	0.004637	0.000003	0.000001	0.000000	0.009137	0.000000	0.000000	0.000152	0.000053	0.000000	0.000000	877.359576	4.000000	0.000006
550	1.873235	6.662245e+04	1369.25	1445.82	1.601906e-01	730.95	0.200440	0.785529	0.004630	0.000003	0.000001	0.000000	0.009198	0.000000	0.000000	0.000149	0.000050	-0.000000	0.000000	877.359576	4.000000	0.000006
551	1.872461	6.666938e+04	1369.03	1446.68	1.602157e-01	731.14	0.200393	0.785529	0.004624	0.000003	0.000001	0.000000	0.009258	0.000000	0.000000	0.000146	0.000047	0.000000	0.000000	877.359576	4.000000	0.000006
552	1.871698	6.671564e+04	1368.82	1447.52	1.602403e-01	731.33	0.200345	0.785529	0.004617	0.000003	0.000001	0.000000	0.009316	0.000000	0.000000	0.000143	0.000045	-0.000000	0.000000	877.359576	4.000000	0.000006
553	1.870945	6.676141e+04	1368.61	1448.36	1.602648e-01	731.51	0.200298	0.785529	0.004611	0.000003	0.000001	0.000000	0.009374	0.000000	0.000000	0.000141	0.000043	0.000000	0.000000	877.359576	4.000000	0.000006
554	1.870201	6.680666e+04	1368.41	1449.18	1.602889e-01	731.69	0.200252	0.785529	0.004605	0.000003	0.000001	0.000000	0.009432	0.000000	0.000000	0.000138	0.000041	-0.000000	0.000000	877.359576	4.000000	0.000006
555	1.869464	6.685147e+04	1368.20	1450.00	1.603129e-01	731.87	0.200205	0.785529	0.004599	0.000003	0.000001	0.000000	0.009489	0.000000	0.000000	0.000136	0.000039	0.000000	0.000000	877.359576	4.000000	0.000006
556	1.868736	6.689586e+04	1368.00	1450.81	1.603366e-01	732.05	0.200159	0.785529	0.004593	0.000003	0.000001	0.000000	0.009545	0.000000	0.000000	0.000134	0.000037	-0.000000	0.000000	877.359576	4.000000	0.000006
557	1.867580	6.696633e+04	1367.68	1452.10	1.603743e-01	732.33	0.200085	0.785529	0.004583	0.000003	0.000001	0.000000	0.009634	0.000000	0.000000	0.000130	0.000034	0.000000	0.000000	877.359576	4.000000	0.000006
558	1.866439	6.703600e+04	1367.36	1453.37	1.604115e-01	732.60	0.200012	0.785529	0.004574	0.000003	0.000001	0.000000	0.009722	0.000000	0.000000	0.000127	0.000032	-0.000000	0.000000	877.359576	4.000000	0.000006
559	1.866440	6.703600e+04	1367.36	1453.37	1.604115e-01	732.60	0.200012	0.785529	0.004574	0.000003	0.000001	0.000000	0.009722	0.000000	0.000000	0.000127	0.000032	0.000000	0.000000	877.359576	4.000000	0.000006
560	1.865311	6.710506e+04	1367.05	1454.63	1.604485e-01	732.88	0.199939	0.785529	0.004564	0.000003	0.000001	0.000000	0.009810	0.000000	0.000000	0.000125	0.000030	0.000000	0.000000	877.359576	4.000000	0.000006
561	1.864192	6.717360e+04	1366.73	1455.88	1.604851e-01	733.15	0.199866	0.785529	0.004555	0.000003	0.000001	0.000000	0.009897	0.000000	0.000000	0.000122	0.000029	-0.000000	0.000000	877.359576	4.000000	0.000006
562	1.863080	6.724178e+04	1366.42	1457.12	1.605217e-01	733.42	0.199793	0.785529	0.004545	0.000003	0.000001	0.000000	0.009983	0.000000	0.000000	0.000120	0.000027	0.000000	0.000000	877.359576	4.000000	0.000006
563	1.861975	6.730964e+04	1366.11	1458.36	1.605580e-01	733.69	0.199720	0.785529	0.004536	0.000003	0.000001	0.000000	0.010068	0.000000	0.000000	0.000118	0.000026	-0.000000	0.000000	877.359576	4.000000	0.000006
564	1.860875	6.737738e+04	1365.80	1459.59	1.605943e-01	733.96	0.199647	0.785529	0.004526	0.000003	0.000001	0.000000	0.010154	0.000000	0.000000	0.000116	0.000025	0.000000	0.000000	877.359576	4.000000	0.000006
565	1.859778	6.744484e+04	1365.50	1460.83	1.606304e-01	734.23	0.199574	0.785529	0.004517	0.000003	0.000001	0.000000	0.010239	0.000000	0.000000	0.000114	0.000024	-0.000000	0.000000	877.359576	4.000000	0.000006
566	1.858684	6.751254e+04	1365.19	1462.05	1.606670e-01	734.49	0.199501	0.785529	0.004508	0.000003	0.000001	0.000000	0.010324	0.000000	0.000000	0.000112	0.000023	0.000000	0.000000	877.359576	4.000000	0.000006
567	1.857590	6.757964e+04	1364.88	1463.29	1.607024e-01	734.76	0.199428	0.785529	0.004498	0.000003	0.000001	0.000000	0.010409	0.000000	0.000000	0.000110	0.000022	-0.000000	0.000000	877.359576	4.000000	0.000006
568	1.857591	6.757997e+04	1364.88	1463.28	1.607031e-01	734.76	0.199428	0.785529	0.004498	0.000003	0.000001	0.000000	0.010409	0.000000	0.000000	0.000110	0.000022	0.000000	0.000000	877.359576	4.000000	0.000006
569	1.856499	6.764739e+04	1364.57	1464.52	1.607391e-01	735.02	0.199355	0.785529	0.004489	0.000003	0.000001	0.000000	0.010494	-0.000000	0.000000	0.000108	0.000021	0.000000	0.000000	877.359576	4.000000	0.000006
570	1.855405	6.771440e+04	1364.27	1465.75	1.607742e-01	735.29	0.199282	0.785529	0.004480	0.000003	0.000001	0.000000	0.010579	0.000000	0.000000	0.000107	0.000020	-0.000000	0.000000	877.359576	4.000000	0.000006
571	1.855407	6.771489e+04	1364.26	1465.75	1.607752e-01	735.29	0.199282	0.785529	0.004480	0.000003	0.000001	0.000000	0.010579	-0.000000	0.000000	0.000107	0.000020	0.000000	0.000000	877.359576	4.000000	0.000006
572	1.855406	6.771468e+04	1364.27	1465.75	1.607747e-01	735.29	0.199282	0.785529	0.004480	0.000003	0.000001	0.000000	0.010579	0.000000	0.000000	0.000107	0.000020	-0.000000	0.000000	877.359576	4.000000	0.000006
573	1.854315	6.778285e+04	1363.95	1466.98	1.608119e-01	735.56	0.199208	0.785529	0.004470	0.000003	0.000001	0.000000	0.010665	-0.000000	0.000000	0.000105	0.000019	0.000000	0.000000	877.359576	4.000000	0.000006
574	1.854313	6.778223e+04	1363.96	1466.99	1.608108e-01	735.56	0.199208	0.785529	0.004470	0.000003	0.000001	0.000000	0.010665	0.000000	0.000000	0.000105	0.000019	-0.000000	0.000000	877.359576	4.000000	0.000006
575	1.854314	6.778254e+04	1363.96	1466.98	1.608114e-01	735.56	0.199208	0.785529	0.004470	0.000003	0.000001	0.000000	0.010665	0.000000	0.000000	0.000105	0.000019	0.000000	0.000000	877.359576	4.000000	0.000006
576	1.853220	6.785024e+04	1363.65	1468.22	1.608474e-01	735.83	0.199134	0.785529	0.004461	0.000003	0.000001	0.000000	0.010750	0.000000	0.000000	0.000104	0.000019	-0.000000	0.000000	877.359576	4.000000	0.000006
577	1.853221	6.785069e+04	1363.65	1468.22	1.608483e-01	735.82	0.199134	0.785529	0.004461	0.000003	0.000001	0.000000	0.010750	-0.000000	0.000000	0.000104	0.000019	0.000000	0.000000	877.359576	4.000000	0.000006
578	1.853220	6.785030e+04	1363.65	1468.22	1.608476e-01	735.83	0.199134	0.785529	0.004461	0.000003	0.000001	0.000000	0.010750	0.000000	0.000000	0.000104	0.000019	-0.000000	0.000000	877.359576	4.000000	0.000006
579	1.852126	6.791864e+04	1363.34	1469.46	1.608846e-01	736.09	0.199060	0.785529	0.004451	0.000003	0.000001	0.000000	0.010836	-0.000000	0.000000	0.000102	0.000018	0.000000	0.000000	877.359576	4.000000	0.000006
580	1.852124	6.791821e+04	1363.34	1469.46	1.608838e-01	736.09	0.199060	0.785529	0.004451	0.000003	0.000001	0.000000	0.010836	0.000000	0.000000	0.000102	0.000018	-0.000000	0.000000	877.359576	4.000000	0.000006
581	1.852125	6.791862e+04	1363.34	1469.46	1.608846e-01	736.09	0.199060	0.785529	0.004451	0.000003	0.000001	0.000000	0.010836	0.000000	0.000000	0.000102	0.000018	0.000000	0.000000	877.359576	4.000000	0.000006
582	1.851027	6.798661e+04	1363.03	1470.70	1.609207e-01	736.36	0.198985	0.785529	0.004442	0.000003	0.000001	0.000000	0.010922	0.000000	0.000000	0.000101	0.000017	-0.000000	0.000000	877.359576	4.000000	0.000006
583	1.851029	6.798719e+04	1363.02	1470.70	1.609218e-01	736.36	0.198985	0.785529	0.004442	0.000003	0.000001	0.000000	0.010922	-0.000000	0.000000	0.000101	0.000017	0.000000	0.000000	877.359576	4.000000	0.000006
584	1.851028	6.798674e+04	1363.03	1470.70	1.609210e-01	736.36	0.198985	0.785529	0.004442	0.000003	0.000001	0.000000	0.010922	0.000000	0.000000	0.000101	0.000017	-0.000000	0.000000	877.359576	4.000000	0.000006
585	1.849929	6.805565e+04	1362.71	1471.94	1.609585e-01	736.63	0.198911	0.785529	0.004433	0.000003	0.000001	0.000000	0.011008	-0.000000	0.000000	0.000100	0.000017	0.000000	0.000000	877.359576	4.000000	0.000006
586	1.849928	6.805503e+04	1362.71	1471.95	1.609574e-01	736.63	0.198911	0.785529	0.004433	0.000003	0.000001	0.000000	0.011008	0.000000	0.000000	0.000100	0.000017	-0.000000	0.000000	877.359576	4.000000	0.000006
587	1.849929	6.805556e+04	1362.71	1471.95	1.609584e-01	736.63	0.198911	0.785529	0.004433	0.000003	0.000001	0.000000	0.011008	-0.000000	0.000000	0.000100	0.000017	0.000000	0.000000	877.359576	4.000000	0.000006
588	1.848826	6.812397e+04	1362.40	1473.20	1.609946e-01	736.90	0.198836	0.785529	0.004423	0.000003	0.000001	0.000000	0.011094	0.000000	0.000000	0.000098	0.000016	-0.000000	0.000000	877.359576	4.000000	0.000006
589	1.848828	6.812468e+04	1362.40	1473.19	1.609960e-01	736.90	0.198836	0.785529	0.004423	0.000003	0.000001	0.000000	0.011094	-0.000000	0.000000	0.000098	0.000016	0.000000	0.000000	877.359576	4.000000	0.000006
590	1.848826	6.812406e+04	1362.40	1473.20	1.609948e-01	736.90	0.198836	0.785529	0.004423	0.000003	0.000001	0.000000	0.011094	0.000000	0.000000	0.000098	0.000016	-0.000000	0.000000	877.359576	4.000000	0.000006
591	1.847723	6.819368e+04	1362.08	1474.45	1.610331e-01	737.17	0.198760	0.785529	0.004413	0.000003	0.000001	0.000000	0.011181	-0.000000	0.000000	0.000097	0.000016	0.000000	0.000000	877.359576	4.000000	0.000006
592	1.847720	6.819277e+04	1362.09	1474.46	1.610313e-01	737.17	0.198760	0.785529	0.004413	0.000003	0.000001	0.000000	0.011181	0.000000	0.000000	0.000097	0.000016	-0.000000	0.000000	877.359576	4.000000	0.000006
593	1.847723	6.819354e+04	1362.08	1474.45	1.610328e-01	737.17	0.198760	0.785529	0.004413	0.000003	0.000001	0.000000	0.011181	-0.000000	0.000000	0.000097	0.000016	0.000000	0.000000	877.359576	4.000000	0.000006
594	1.846612	6.826224e+04	1361.77	1475.72	1.610689e-01	737.44	0.198685	0.785529	0.004404	0.000003	0.000001	0.000000	0.011268	0.000000	0.000000	0.000096	0.000015	-0.000000	0.000000	877.359576	4.000000	0.000006
595	1.846616	6.826342e+04	1361.76	1475.70	1.610711e-01	737.44	0.198685	0.785529	0.004404	0.000003	0.000001	0.000000	0.011268	-0.000000	0.000000	0.000096	0.000015	0.000000	-0.000000	877.359576	4.000000	0.000006
596	1.846613	6.826240e+04	1361.77	1475.71	1.610692e-01	737.44	0.198685	0.785529	0.004404	0.000003	0.000001	0.000000	0.011268	0.000000	0.000000	0.000096	0.000015	-0.000000	0.000000	877.359576	4.000000	0.000006
597	1.846612	6.826224e+04	1361.77	1475.72	1.610689e-01	737.44	0.198685	0.785529	0.004404	0.000003	0.000001	0.000000	0.011268	0.000000	0.000000	0.000096	0.000015	-0.000000	0.000000	877.359576	4.000000	0.000006
598	1.846612	6.826224e+04	1361.77	1475.72	1.610689e-01	737.44	0.198685	0.785529	0.004404	0.000003	0.000001	0.000000	0.011268	0.000000	0.000000	0.000096	0.000015	-0.000000	0.000000	877.359576	4.000000	0.000006
599	1.846612	6.826224e+04	1361.77	1475.72	1.610689e-01	737.44	0.198685	0.785529	0.004404	0.000003	0.000001	0.000000	0.011268	0.000000	0.000000	0.000096	0.000015	-0.000000	0.000000	877.359576	4.000000	0.000006
600	1.846612	6.826224e+04	1361.77	1475.72	1.610689e-01	737.44	0.198685	0.785529	0.004404	0.000003	0.000001	0.000000	0.011268	0.000000	0.000000	0.000096	0.000015	-0.000000	0.000000	877.359576	4.000000	0.000006
601	1.846612	6.826224e+04	1361.77	1475.72	1.610689e-01	737.44	0.198685	0.785529	0.004404	0.000003	0.000001	0.000000	0.011268	0.000000	0.000000	0.000096	0.000015	-0.000000	0.000000	877.359576	4.000000	0.000006
602	1.846612	6.826224e+04	1361.77	1475.72	1.610689e-01	737.44	0.198685	0.785529	0.004404	0.000003	0.000001	0.000000	0.011268	0.000000	0.000000	0.000096	0.000015	-0.000000	0.000000	877.359576	4.000000	0.000006
603	1.846612	6.826224e+04	1361.77	1475.72	1.610689e-01	737.44	0.198685	0.785529	0.004404	0.000003	0.000001	0.000000	0.011268	0.000000	0.000000	0.000096	0.000015	-0.000000	0.000000	877.359576	4.000000	0.000006
604	1.846612	6.826224e+04	1361.77	1475.72	1.610689e-01	737.44	0.198685	0.785529	0.004404	0.000003	0.000001	0.000000	0.011268	0.000000	0.000000	0.000096	0.000015	-0.000000	0.000000	877.359576	4.000000	0.000006
605	1.846612	6.826224e+04	1361.77	1475.72	1.610689e-01	737.44	0.198685	0.785529	0.004404	0.000003	0.000001	0.000000	0.011268	0.000000	0.000000	0.000096	0.000015	-0.000000	0.000000	877.359576	4.000000	0.000006
606	1.846612	6.826224e+04	1361.77	1475.72	1.610689e-01	737.44	0.198685	0.785529	0.004404	0.000003	0.000001	0.000000	0.011268	0.000000	0.000000	0.000096	0.000015	-0.000000	0.000000	877.359576	4.000000	0.000006
607	1.846612	6.826224e+04	1361.77	1475.72	1.610689e-01	737.44	0.198685	0.785529	0.004404	0.000003	0.000001	0.000000	0.011268	0.000000	0.000000	0.000096	0.000015	-0.000000	0.000000	877.359576	4.000000	0.000006
608	1.846612	6.826224e+04	1361.77	1475.72	1.610689e-01	737.44	0.198685	0.785529	0.004404	0.000003	0.000001	0.000000	0.011268	0.000000	0.000000	0.000096	0.000015	-0.000000	0.000000	877.359576	4.000000	0.000006
609	1.846612	6.826224e+04	1361.77	1475.72	1.610689e-01	737.44	0.198685	0.785529	0.004404	0.000003	0.000001	0.000000	0.011268	0.000000	0.000000	0.000096	0.000015	-0.000000	0.000000	877.359576	4.000000	0.000006
610	1.846612	6.826224e+04	1361.77	1475.72	1.610689e-01	737.44	0.198685	0.785529	0.004404	0.000003	0.000001	0.000000	0.011268	0.000000	0.000000	0.000096	0.000015	-0.000000	0.000000	877.359576	4.000000	0.000006
611	1.846612	6.826224e+04	1361.77	1475.72	1.610689e-01	737.44	0.198685	0.785529	0.004404	0.000003	0.000001	0.000000	0.011268	0.000000	0.000000	0.000096	0.000015	-0.000000	0.000000	877.359576	4.000000	0.000006
612	1.846612	6.826224e+04	1361.77	1475.72	1.610689e-01	737.44	0.198685	0.785529	0.004404	0.000003	0.000001	0.000000	0.011268	0.000000	0.000000	0.000096	0.000015	-0.000000	0.000000	877.359576	4.000000	0.000006
613	1.846612	6.826224e+04	1361.77	1475.72	1.610689e-01	737.44	0.198685	0.785529	0.004404	0.000003	0.000001	0.000000	0.011268	0.000000	0.000000	0.000096	0.000015	-0.000000	0.000000	877.359576	4.000000	0.000006
614	1.846612	6.826224e+04	1361.77	1475.72	1.610689e-01	737.44	0.198685	0.785529	0.004404	0.000003	0.000001	0.000000	0.011268	0.000000	0.000000	0.000096	0.000015	-0.000000	0.000000	877.359576	4.000000	0.000006
615	1.846612	6.826224e+04	1361.77	1475.72	1.610689e-01	737.44	0.198685	0.785529	0.004404	0.000003	0.000001	0.000000	0.011268	0.000000	0.000000	0.000096	0.000015	-0.000000	0.000000	877.359576	4.000000	0.000006
616	1.846612	6.826224e+04	1361.77	1475.72	1.610689e-01	737.44	0.198685	0.785529	0.004404	0.000003	0.000001	0.000000	0.011268	0.000000	0.000000	0.000096	0.000015	-0.000000	0.000000	877.359576	4.000000	0.000006
617	1.846612	6.826224e+04	1361.77	1475.72	1.610689e-01	737.44	0.198685	0.785529	0.004404	0.000003	0.000001	0.000000	0.011268	0.000000	0.000000	0.000096	0.000015	-0.000000	0.000000	877.359589	4.000000	0.000006
618	1.846614	6.826263e+04	1361.77	1475.71	1.610696e-01	737.44	0.198685	0.785529	0.004404	0.000003	0.000001	0.000000	0.011268	0.000000	0.000000	0.000096	0.000015	-0.000000	0.000000	877.359576	4.000000	0.000006
619	1.845503	6.833249e+04	1361.45	1476.97	1.611075e-01	737.71	0.198608	0.785529	0.004394	0.000003	0.000001	0.000000	0.011356	-0.000000	0.000000	0.000094	0.000015	0.000000	0.000000	877.359576	4.000000	0.000006
620	1.845502	6.833227e+04	1361.45	1476.98	1.611071e-01	737.71	0.198608	0.785529	0.004394	0.000003	0.000001	0.000000	0.011356	0.000000	0.000000	0.000094	0.000015	-0.000000	0.000000	877.359576	4.000000	0.000006
621	1.844387	6.840237e+04	1361.13	1478.25	1.611450e-01	737.99	0.198532	0.785529	0.004384	0.000003	0.000001	0.000000	0.011444	0.000000	0.000000	0.000093	0.000014	-0.000000	0.000000	877.359576	4.000000	0.000007
622	1.843268	6.847292e+04	1360.81	1479.52	1.611833e-01	738.26	0.198455	0.785529	0.004375	0.000003	0.000001	0.000000	0.011532	-0.000000	0.000000	0.000092	0.000014	0.000000	0.000000	877.359576	4.000000	0.000007
623	1.842144	6.854326e+04	1360.49	1480.81	1.612208e-01	738.54	0.198378	0.785529	0.004365	0.000003	0.000001	0.000000	0.011620	0.000000	0.000000	0.000091	0.000013	-0.000000	0.000000	877.359576	4.000000	0.000007
624	1.841017	6.861478e+04	1360.16	1482.09	1.612600e-01	738.81	0.198300	0.785529	0.004355	0.000003	0.000001	0.000000	0.011709	-0.000000	0.000000	0.000090	0.000013	0.000000	0.000000	877.359576	4.000000	0.000007
625	1.839884	6.868598e+04	1359.84	1483.39	1.612981e-01	739.09	0.198222	0.785529	0.004345	0.000003	0.000001	0.000000	0.011799	0.000000	0.000000	0.000088	0.000012	-0.000000	0.000000	877.359576	4.000000	0.000007
626	1.838748	6.875829e+04	1359.51	1484.68	1.613378e-01	739.37	0.198144	0.785529	0.004335	0.000003	0.000001	0.000000	0.011889	-0.000000	0.000000	0.000087	0.000012	0.000000	0.000000	877.359576	4.000000	0.000007
627	1.837604	6.882993e+04	1359.18	1486.00	1.613756e-01	739.65	0.198065	0.785529	0.004325	0.000003	0.000001	0.000000	0.011979	0.000000	0.000000	0.000086	0.000012	-0.000000	0.000000	877.359576	4.000000	0.000007
628	1.837965	6.880732e+04	1359.28	1485.58	1.613636e-01	739.56	0.198089	0.785529	0.004328	0.000003	0.000001	0.000000	0.011951	0.000000	0.000000	0.000087	0.000012	-0.000000	0.000000	877.359576	4.000000	0.000007
629	1.837965	6.880753e+04	1359.28	1485.58	1.613640e-01	739.56	0.198089	0.785529	0.004328	0.000003	0.000001	0.000000	0.011951	-0.000000	0.000000	0.000087	0.000012	0.000000	0.000000	877.359576	4.000000	0.000007
630	1.837181	6.885731e+04	1359.06	1486.48	1.613910e-01	739.75	0.198035	0.785529	0.004322	0.000003	0.000001	0.000000	0.012013	-0.000000	0.000000	0.000086	0.000012	0.000000	0.000000	877.359576	4.000000	0.000007
631	1.837180	6.885708e+04	1359.06	1486.48	1.613906e-01	739.75	0.198035	0.785529	0.004322	0.000003	0.000001	0.000000	0.012013	0.000000	0.000000	0.000086	0.000012	-0.000000	0.000000	877.359576	4.000000	0.000007
632	1.836393	6.890722e+04	1358.83	1487.39	1.614180e-01	739.94	0.197981	0.785529	0.004315	0.000003	0.000001	0.000000	0.012076	0.000000	0.000000	0.000085	0.000011	-0.000000	0.000000	877.359576	4.000000	0.000007
633	1.835603	6.895760e+04	1358.60	1488.29	1.614456e-01	740.14	0.197926	0.785529	0.004308	0.000003	0.000001	0.000000	0.012138	-0.000000	0.000000	0.000084	0.000011	0.000000	0.000000	877.359576	4.000000	0.000007
634	1.835603	6.895745e+04	1358.60	1488.29	1.614453e-01	740.14	0.197926	0.785529	0.004308	0.000003	0.000001	0.000000	0.012138	0.000000	0.000000	0.000084	0.000011	-0.000000	0.000000	877.359576	4.000000	0.000007
635	1.834810	6.900769e+04	1358.37	1489.20	1.614723e-01	740.33	0.197871	0.785529	0.004301	0.000003	0.000001	0.000000	0.012201	0.000000	0.000000	0.000084	0.000011	-0.000000	0.000000	877.359576	4.000000	0.000007
636	1.834810	6.900784e+04	1358.37	1489.20	1.614726e-01	740.33	0.197871	0.785529	0.004301	0.000003	0.000001	0.000000	0.012201	-0.000000	0.000000	0.000084	0.000011	0.000000	0.000000	877.359576	4.000000	0.000007
637	1.834015	6.905841e+04	1358.14	1490.12	1.615000e-01	740.53	0.197815	0.785529	0.004294	0.000003	0.000001	0.000000	0.012264	-0.000000	0.000000	0.000083	0.000011	0.000000	0.000000	877.359576	4.000000	0.000007
638	1.833217	6.910956e+04	1357.91	1491.03	1.615281e-01	740.72	0.197760	0.785529	0.004287	0.000003	0.000001	0.000000	0.012328	0.000000	0.000000	0.000082	0.000010	-0.000000	0.000000	877.359576	4.000000	0.000007
639	1.833217	6.910926e+04	1357.91	1491.03	1.615276e-01	740.72	0.197760	0.785529	0.004287	0.000003	0.000001	0.000000	0.012328	-0.000000	0.000000	0.000082	0.000010	0.000000	0.000000	877.359576	4.000000	0.000007
640	1.833217	6.910936e+04	1357.91	1491.03	1.615277e-01	740.72	0.197760	0.785529	0.004287	0.000003	0.000001	0.000000	0.012328	0.000000	0.000000	0.000082	0.000010	-0.000000	0.000000	877.359576	4.000000	0.000007
641	1.832416	6.916034e+04	1357.67	1491.95	1.615553e-01	740.92	0.197704	0.785529	0.004280	0.000003	0.000001	0.000000	0.012392	-0.000000	0.000000	0.000082	0.000010	0.000000	0.000000	877.359576	4.000000	0.000007
642	1.832416	6.916054e+04	1357.67	1491.95	1.615557e-01	740.92	0.197704	0.785529	0.004280	0.000003	0.000001	0.000000	0.012392	0.000000	0.000000	0.000081	0.000010	-0.000000	0.000000	877.359576	4.000000	0.000007
643	1.832416	6.916045e+04	1357.67	1491.95	1.615555e-01	740.92	0.197704	0.785529	0.004280	0.000003	0.000001	0.000000	0.012392	0.000000	0.000000	0.000082	0.000010	0.000000	0.000000	877.359576	4.000000	0.000007
644	1.831612	6.921167e+04	1357.44	1492.88	1.615832e-01	741.12	0.197648	0.785529	0.004273	0.000003	0.000001	0.000000	0.012456	0.000000	0.000000	0.000081	0.000010	-0.000000	0.000000	877.359576	4.000000	0.000007
645	1.831612	6.921167e+04	1357.44	1492.88	1.615832e-01	741.12	0.197648	0.785529	0.004273	0.000003	0.000001	0.000000	0.012456	-0.000000	0.000000	0.000081	0.000010	0.000000	0.000000	877.359576	4.000000	0.000007
646	1.831612	6.921171e+04	1357.44	1492.88	1.615833e-01	741.12	0.197648	0.785529	0.004273	0.000003	0.000001	0.000000	0.012456	0.000000	0.000000	0.000081	0.000010	-0.000000	0.000000	877.359576	4.000000	0.000007
647	1.830806	6.926336e+04	1357.21	1493.81	1.616114e-01	741.32	0.197592	0.785529	0.004265	0.000003	0.000001	0.000000	0.012520	-0.000000	0.000000	0.000080	0.000010	0.000000	0.000000	877.359576	4.000000	0.000007
648	1.829995	6.931485e+04	1356.97	1494.74	1.616390e-01	741.52	0.197535	0.785529	0.004258	0.000003	0.000001	0.000000	0.012585	0.000000	0.000000	0.000079	0.000009	-0.000000	0.000000	877.359576	4.000000	0.000007
649	1.829995	6.931511e+04	1356.97	1494.74	1.616395e-01	741.51	0.197535	0.785529	0.004258	0.000003	0.000001	0.000000	0.012585	-0.000000	0.000000	0.000079	0.000009	0.000000	0.000000	877.359576	4.000000	0.000007
650	1.829995	6.931493e+04	1356.97	1494.74	1.616391e-01	741.52	0.197535	0.785529	0.004258	0.000003	0.000001	0.000000	0.012585	0.000000	0.000000	0.000079	0.000009	-0.000000	0.000000	877.359576	4.000000	0.000007
651	1.830242	6.929909e+04	1357.04	1494.46	1.616305e-01	741.45	0.197552	0.785529	0.004261	0.000003	0.000001	0.000000	0.012565	0.000000	0.000000	0.000080	0.000010	-0.000000	0.000000	877.359576	4.000000	0.000007
652	1.830243	6.929921e+04	1357.04	1494.46	1.616308e-01	741.45	0.197552	0.785529	0.004261	0.000003	0.000001	0.000000	0.012565	-0.000000	0.000000	0.000080	0.000010	0.000000	0.000000	877.359576	4.000000	0.000007
653	1.830243	6.929914e+04	1357.04	1494.46	1.616306e-01	741.45	0.197552	0.785529	0.004261	0.000003	0.000001	0.000000	0.012565	0.000000	0.000000	0.000080	0.000010	-0.000000	0.000000	877.359576	4.000000	0.000007
654	1.829679	6.933533e+04	1356.88	1495.11	1.616505e-01	741.59	0.197513	0.785529	0.004256	0.000003	0.000001	0.000000	0.012610	-0.000000	0.000000	0.000079	0.000009	0.000000	0.000000	877.359576	4.000000	0.000007
655	1.829679	6.933515e+04	1356.88	1495.11	1.616501e-01	741.59	0.197513	0.785529	0.004256	0.000003	0.000001	0.000000	0.012610	0.000000	0.000000	0.000079	0.000009	-0.000000	0.000000	877.359576	4.000000	0.000007
656	1.829679	6.933528e+04	1356.88	1495.11	1.616503e-01	741.59	0.197513	0.785529	0.004256	0.000003	0.000001	0.000000	0.012610	-0.000000	0.000000	0.000079	0.000009	0.000000	0.000000	877.359576	4.000000	0.000007
657	1.829113	6.937136e+04	1356.71	1495.76	1.616697e-01	741.73	0.197473	0.785529	0.004251	0.000003	0.000001	0.000000	0.012655	0.000000	0.000000	0.000079	0.000009	-0.000000	0.000000	877.359576	4.000000	0.000007
658	1.829114	6.937154e+04	1356.71	1495.76	1.616701e-01	741.73	0.197473	0.785529	0.004251	0.000003	0.000001	0.000000	0.012655	-0.000000	0.000000	0.000079	0.000009	0.000000	0.000000	877.359576	4.000000	0.000007
659	1.829113	6.937139e+04	1356.71	1495.76	1.616698e-01	741.73	0.197473	0.785529	0.004251	0.000003	0.000001	0.000000	0.012655	0.000000	0.000000	0.000079	0.000009	-0.000000	0.000000	877.359576	4.000000	0.000007
660	1.828547	6.940786e+04	1356.55	1496.41	1.616899e-01	741.87	0.197434	0.785529	0.004246	0.000003	0.000001	0.000000	0.012700	-0.000000	0.000000	0.000078	0.000009	0.000000	0.000000	877.359576	4.000000	0.000007
661	1.828546	6.940761e+04	1356.55	1496.42	1.616894e-01	741.87	0.197434	0.785529	0.004246	0.000003	0.000001	0.000000	0.012700	0.000000	0.000000	0.000078	0.000009	-0.000000	0.000000	877.359576	4.000000	0.000007
662	1.828546	6.940781e+04	1356.55	1496.42	1.616897e-01	741.87	0.197434	0.785529	0.004246	0.000003	0.000001	0.000000	0.012700	-0.000000	0.000000	0.000078	0.000009	0.000000	0.000000	877.359576	4.000000	0.000007
663	1.827977	6.944411e+04	1356.38	1497.07	1.617092e-01	742.01	0.197394	0.785529	0.004241	0.000003	0.000001	0.000000	0.012746	0.000000	0.000000	0.000078	0.000009	-0.000000	0.000000	877.359576	4.000000	0.000007
664	1.827978	6.944443e+04	1356.38	1497.07	1.617099e-01	742.01	0.197394	0.785529	0.004241	0.000003	0.000001	0.000000	0.012746	-0.000000	0.000000	0.000078	0.000009	0.000000	0.000000	877.359576	4.000000	0.000007
665	1.827977	6.944417e+04	1356.38	1497.07	1.617094e-01	742.01	0.197394	0.785529	0.004241	0.000003	0.000001	0.000000	0.012746	0.000000	0.000000	0.000078	0.000009	-0.000000	0.000000	877.359576	4.000000	0.000007
666	1.827408	6.948092e+04	1356.21	1497.73	1.617296e-01	742.15	0.197354	0.785529	0.004235	0.000003	0.000001	0.000000	0.012791	-0.000000	0.000000	0.000077	0.000009	0.000000	0.000000	877.359576	4.000000	0.000007
667	1.827407	6.948059e+04	1356.21	1497.73	1.617289e-01	742.15	0.197354	0.785529	0.004235	0.000003	0.000001	0.000000	0.012791	0.000000	0.000000	0.000077	0.000009	-0.000000	0.000000	877.359576	4.000000	0.000007
668	1.827407	6.948088e+04	1356.21	1497.73	1.617295e-01	742.15	0.197354	0.785529	0.004235	0.000003	0.000001	0.000000	0.012791	-0.000000	0.000000	0.000077	0.000009	0.000000	0.000000	877.359576	4.000000	0.000007
669	1.826835	6.951744e+04	1356.05	1498.39	1.617491e-01	742.29	0.197314	0.785529	0.004230	0.000003	0.000001	0.000000	0.012837	0.000000	0.000000	0.000077	0.000009	-0.000000	0.000000	877.359576	4.000000	0.000007
670	1.826836	6.951777e+04	1356.05	1498.39	1.617498e-01	742.29	0.197314	0.785529	0.004230	0.000003	0.000001	0.000000	0.012837	-0.000000	0.000000	0.000077	0.000009	0.000000	0.000000	877.359576	4.000000	0.000007
671	1.826835	6.951749e+04	1356.05	1498.39	1.617492e-01	742.29	0.197314	0.785529	0.004230	0.000003	0.000001	0.000000	0.012837	0.000000	0.000000	0.000077	0.000009	-0.000000	0.000000	877.359576	4.000000	0.000007
672	1.826262	6.955450e+04	1355.88	1499.06	1.617696e-01	742.43	0.197274	0.785529	0.004225	0.000003	0.000001	0.000000	0.012883	-0.000000	0.000000	0.000076	0.000009	0.000000	0.000000	877.359576	4.000000	0.000007
673	1.826261	6.955418e+04	1355.88	1499.06	1.617690e-01	742.43	0.197274	0.785529	0.004225	0.000003	0.000001	0.000000	0.012883	0.000000	0.000000	0.000076	0.000009	-0.000000	0.000000	877.359576	4.000000	0.000007
674	1.826262	6.955446e+04	1355.88	1499.06	1.617695e-01	742.43	0.197274	0.785529	0.004225	0.000003	0.000001	0.000000	0.012883	-0.000000	0.000000	0.000076	0.000009	0.000000	0.000000	877.359576	4.000000	0.000007
675	1.825686	6.959128e+04	1355.71	1499.72	1.617893e-01	742.58	0.197233	0.785529	0.004220	0.000003	0.000001	0.000000	0.012929	0.000000	0.000000	0.000076	0.000008	-0.000000	0.000000	877.359576	4.000000	0.000007
676	1.825687	6.959161e+04	1355.71	1499.72	1.617899e-01	742.57	0.197233	0.785529	0.004220	0.000003	0.000001	0.000000	0.012929	-0.000000	0.000000	0.000076	0.000008	0.000000	0.000000	877.359576	4.000000	0.000007
677	1.825686	6.959132e+04	1355.71	1499.72	1.617894e-01	742.58	0.197233	0.785529	0.004220	0.000003	0.000001	0.000000	0.012929	0.000000	0.000000	0.000076	0.000008	-0.000000	0.000000	877.359576	4.000000	0.000007
678	1.825109	6.962864e+04	1355.54	1500.39	1.618099e-01	742.72	0.197193	0.785529	0.004215	0.000003	0.000001	0.000000	0.012975	-0.000000	0.000000	0.000075	0.000008	0.000000	0.000000	877.359576	4.000000	0.000007
679	1.825109	6.962828e+04	1355.54	1500.39	1.618093e-01	742.72	0.197193	0.785529	0.004215	0.000003	0.000001	0.000000	0.012975	0.000000	0.000000	0.000075	0.000008	-0.000000	0.000000	877.359576	4.000000	0.000007
680	1.825109	6.962859e+04	1355.54	1500.39	1.618098e-01	742.72	0.197193	0.785529	0.004215	0.000003	0.000001	0.000000	0.012975	-0.000000	0.000000	0.000075	0.000008	0.000000	0.000000	877.359576	4.000000	0.000007
681	1.824530	6.966564e+04	1355.37	1501.06	1.618297e-01	742.86	0.197152	0.785529	0.004210	0.000003	0.000001	0.000000	0.013022	0.000000	0.000000	0.000075	0.000008	-0.000000	0.000000	877.359576	4.000000	0.000007
682	1.824531	6.966606e+04	1355.37	1501.06	1.618305e-01	742.86	0.197152	0.785529	0.004210	0.000003	0.000001	0.000000	0.013022	-0.000000	0.000000	0.000075	0.000008	0.000000	0.000000	877.359576	4.000000	0.000007
683	1.824530	6.966570e+04	1355.37	1501.06	1.618298e-01	742.86	0.197152	0.785529	0.004210	0.000003	0.000001	0.000000	0.013022	0.000000	0.000000	0.000075	0.000008	-0.000000	0.000000	877.359576	4.000000	0.000007
684	1.823950	6.970337e+04	1355.20	1501.73	1.618507e-01	743.00	0.197111	0.785529	0.004205	0.000003	0.000001	0.000000	0.013068	-0.000000	0.000000	0.000075	0.000008	0.000000	0.000000	877.359576	4.000000	0.000007
685	1.823949	6.970289e+04	1355.20	1501.74	1.618498e-01	743.00	0.197111	0.785529	0.004205	0.000003	0.000001	0.000000	0.013068	0.000000	0.000000	0.000075	0.000008	-0.000000	0.000000	877.359576	4.000000	0.000007
686	1.823950	6.970330e+04	1355.20	1501.73	1.618506e-01	743.00	0.197111	0.785529	0.004205	0.000003	0.000001	0.000000	0.013068	-0.000000	0.000000	0.000075	0.000008	0.000000	0.000000	877.359576	4.000000	0.000007
687	1.823950	6.970337e+04	1355.20	1501.73	1.618507e-01	743.00	0.197111	0.785529	0.004205	0.000003	0.000001	0.000000	0.013068	-0.000000	0.000000	0.000075	0.000008	0.000000	0.000000	877.359576	4.000000	0.000007
688	1.823950	6.970337e+04	1355.20	1501.73	1.618507e-01	743.00	0.197111	0.785529	0.004205	0.000003	0.000001	0.000000	0.013068	-0.000000	0.000000	0.000075	0.000008	0.000000	0.000000	877.359576	4.000000	0.000007
689	1.823950	6.970337e+04	1355.20	1501.73	1.618507e-01	743.00	0.197111	0.785529	0.004205	0.000003	0.000001	0.000000	0.013068	-0.000000	0.000000	0.000075	0.000008	0.000000	0.000000	877.359576	4.000000	0.000007
690	1.823950	6.970337e+04	1355.20	1501.73	1.618507e-01	743.00	0.197111	0.785529	0.004205	0.000003	0.000001	0.000000	0.013068	-0.000000	0.000000	0.000075	0.000008	0.000000	0.000000	877.359576	4.000000	0.000007
691	1.823950	6.970337e+04	1355.20	1501.73	1.618507e-01	743.00	0.197111	0.785529	0.004205	0.000003	0.000001	0.000000	0.013068	-0.000000	0.000000	0.000075	0.000008	0.000000	0.000000	877.359576	4.000000	0.000007
692	1.823950	6.970337e+04	1355.20	1501.73	1.618507e-01	743.00	0.197111	0.785529	0.004205	0.000003	0.000001	0.000000	0.013068	-0.000000	0.000000	0.000075	0.000008	0.000000	0.000000	877.359576	4.000000	0.000007
693	1.823950	6.970337e+04	1355.20	1501.73	1.618507e-01	743.00	0.197111	0.785529	0.004205	0.000003	0.000001	0.000000	0.013068	-0.000000	0.000000	0.000075	0.000008	0.000000	0.000000	877.359576	4.000000	0.000007
694	1.823950	6.970337e+04	1355.20	1501.73	1.618507e-01	743.00	0.197111	0.785529	0.004205	0.000003	0.000001	0.000000	0.013068	-0.000000	0.000000	0.000075	0.000008	0.000000	0.000000	877.359576	4.000000	0.000007
695	1.823950	6.970337e+04	1355.20	1501.73	1.618507e-01	743.00	0.197111	0.785529	0.004205	0.000003	0.000001	0.000000	0.013068	-0.000000	0.000000	0.000075	0.000008	0.000000	0.000000	877.359576	4.000000	0.000007
696	1.823950	6.970337e+04	1355.20	1501.73	1.618507e-01	743.00	0.197111	0.785529	0.004205	0.000003	0.000001	0.000000	0.013068	-0.000000	0.000000	0.000075	0.000008	0.000000	0.000000	877.359576	4.000000	0.000007
697	1.823950	6.970337e+04	1355.20	1501.73	1.618507e-01	743.00	0.197111	0.785529	0.004205	0.000003	0.000001	0.000000	0.013068	-0.000000	0.000000	0.000075	0.000008	0.000000	0.000000	877.359576	4.000000	0.000007
698	1.823950	6.970337e+04	1355.20	1501.73	1.618507e-01	743.00	0.197111	0.785529	0.004205	0.000003	0.000001	0.000000	0.013068	-0.000000	0.000000	0.000075	0.000008	0.000000	0.000000	877.359576	4.000000	0.000007
699	1.823950	6.970337e+04	1355.20	1501.73	1.618507e-01	743.00	0.197111	0.785529	0.004205	0.000003	0.000001	0.000000	0.013068	-0.000000	0.000000	0.000075	0.000008	0.000000	0.000000	877.359576	4.000000	0.000007
700	1.823950	6.970337e+04	1355.20	1501.73	1.618507e-01	743.00	0.197111	0.785529	0.004205	0.000003	0.000001	0.000000	0.013068	-0.000000	0.000000	0.000075	0.000008	0.000000	0.000000	877.359576	4.000000	0.000007
701	1.823950	6.970337e+04	1355.20	1501.73	1.618507e-01	743.00	0.197111	0.785529	0.004205	0.000003	0.000001	0.000000	0.013068	-0.000000	0.000000	0.000075	0.000008	0.000000	0.000000	877.359576	4.000000	0.000007
702	1.823950	6.970337e+04	1355.20	1501.73	1.618507e-01	743.00	0.197111	0.785529	0.004205	0.000003	0.000001	0.000000	0.013068	-0.000000	0.000000	0.000075	0.000008	0.000000	0.000000	877.359576	4.000000	0.000007
703	1.823950	6.970337e+04	1355.20	1501.73	1.618507e-01	743.00	0.197111	0.785529	0.004205	0.000003	0.000001	0.000000	0.013068	-0.000000	0.000000	0.000075	0.000008	0.000000	0.000000	877.359576	4.000000	0.000007
704	1.823950	6.970337e+04	1355.20	1501.73	1.618507e-01	743.00	0.197111	0.785529	0.004205	0.000003	0.000001	0.000000	0.013068	-0.000000	0.000000	0.000075	0.000008	0.000000	0.000000	877.359576	4.000000	0.000007
705	1.823950	6.970337e+04	1355.20	1501.73	1.618507e-01	743.00	0.197111	0.785529	0.004205	0.000003	0.000001	0.000000	0.013068	-0.000000	0.000000	0.000075	0.000008	0.000000	0.000000	877.359576	4.000000	0.000007
706	1.823950	6.970337e+04	1355.20	1501.73	1.618507e-01	743.00	0.197111	0.785529	0.004205	0.000003	0.000001	0.000000	0.013068	-0.000000	0.000000	0.000075	0.000008	0.000000	0.000000	877.359576	4.000000	0.000007
707	1.823950	6.970337e+04	1355.20	1501.73	1.618507e-01	743.00	0.197111	0.785529	0.004205	0.000003	0.000001	0.000000	0.013068	-0.000000	0.000000	0.000075	0.000008	0.000000	0.000000	877.359589	4.000000	0.000007
708	1.823950	6.970323e+04	1355.20	1501.73	1.618504e-01	743.00	0.197111	0.785529	0.004205	0.000003	0.000001	0.000000	0.013068	0.000000	0.000000	0.000075	0.000008	0.000000	0.000000	877.359576	4.000000	0.000007
709	1.823367	6.974073e+04	1355.03	1502.41	1.618708e-01	743.15	0.197070	0.785529	0.004200	0.000003	0.000001	0.000000	0.013115	0.000000	0.000000	0.000074	0.000008	-0.000000	0.000000	877.359576	4.000000	0.000007
710	1.823367	6.974080e+04	1355.03	1502.41	1.618709e-01	743.15	0.197070	0.785529	0.004200	0.000003	0.000001	0.000000	0.013115	0.000000	0.000000	0.000074	0.000008	0.000000	0.000000	877.359576	4.000000	0.000007
711	1.822783	6.977848e+04	1354.86	1503.09	1.618914e-01	743.29	0.197029	0.785529	0.004194	0.000003	0.000001	0.000000	0.013162	-0.000000	0.000000	0.000074	0.000008	0.000000	0.000000	877.359576	4.000000	0.000007
712	1.822197	6.981630e+04	1354.68	1503.77	1.619120e-01	743.43	0.196988	0.785529	0.004189	0.000003	0.000001	0.000000	0.013209	0.000000	0.000000	0.000073	0.000008	-0.000000	0.000000	877.359576	4.000000	0.000007
713	1.821609	6.985439e+04	1354.51	1504.45	1.619328e-01	743.58	0.196946	0.785529	0.004184	0.000003	0.000001	0.000000	0.013256	-0.000000	0.000000	0.000073	0.000008	0.000000	0.000000	877.359576	4.000000	0.000007
714	1.821019	6.989245e+04	1354.34	1505.14	1.619535e-01	743.72	0.196904	0.785529	0.004179	0.000003	0.000001	0.000000	0.013303	0.000000	0.000000	0.000072	0.000008	-0.000000	0.000000	877.359576	4.000000	0.000007
715	1.820005	6.995811e+04	1354.04	1506.31	1.619893e-01	743.97	0.196833	0.785529	0.004170	0.000003	0.000001	0.000000	0.013385	-0.000000	0.000000	0.000072	0.000007	0.000000	0.000000	877.359576	4.000000	0.000007
716	1.820005	6.995808e+04	1354.04	1506.31	1.619893e-01	743.97	0.196833	0.785529	0.004170	0.000003	0.000001	0.000000	0.013385	0.000000	0.000000	0.000072	0.000007	-0.000000	0.000000	877.359576	4.000000	0.000007
717	1.818985	7.002417e+04	1353.74	1507.50	1.620253e-01	744.23	0.196761	0.785529	0.004161	0.000003	0.000001	0.000000	0.013467	-0.000000	0.000000	0.000071	0.000007	0.000000	0.000000	877.359576	4.000000	0.000007
718	1.817960	7.009067e+04	1353.43	1508.69	1.620616e-01	744.48	0.196688	0.785529	0.004152	0.000003	0.000001	0.000000	0.013550	0.000000	0.000000	0.000070	0.000007	0.000000	0.000000	877.359576	4.000000	0.000007
719	1.816928	7.015773e+04	1353.13	1509.90	1.620982e-01	744.73	0.196615	0.785529	0.004142	0.000003	0.000001	0.000000	0.013633	0.000000	0.000000	0.000069	0.000007	0.000000	0.000000	877.359576	4.000000	0.000007
720	1.815890	7.022525e+04	1352.82	1511.11	1.621351e-01	744.99	0.196541	0.785529	0.004133	0.000003	0.000001	0.000000	0.013717	0.000000	0.000000	0.000069	0.000007	-0.000000	0.000000	877.359576	4.000000	0.000007
721	1.814846	7.029332e+04	1352.51	1512.33	1.621723e-01	745.25	0.196467	0.785529	0.004124	0.000003	0.000001	0.000000	0.013801	0.000000	0.000000	0.000068	0.000006	0.000000	0.000000	877.359576	4.000000	0.000007
722	1.813795	7.036181e+04	1352.20	1513.56	1.622097e-01	745.51	0.196392	0.785529	0.004114	0.000003	0.000001	0.000000	0.013886	0.000000	0.000000	0.000067	0.000006	-0.000000	0.000000	877.359576	4.000000	0.000007
723	1.812737	7.043100e+04	1351.88	1514.79	1.622477e-01	745.77	0.196317	0.785529	0.004105	0.000003	0.000001	0.000000	0.013972	-0.000000	0.000000	0.000067	0.000006	0.000000	0.000000	877.359576	4.000000	0.000007
724	1.811672	7.050047e+04	1351.56	1516.04	1.622855e-01	746.03	0.196241	0.785529	0.004095	0.000003	0.000001	0.000000	0.014058	0.000000	0.000000	0.000066	0.000006	-0.000000	0.000000	877.359576	4.000000	0.000007
725	1.810601	7.057097e+04	1351.24	1517.29	1.623245e-01	746.30	0.196165	0.785529	0.004086	0.000004	0.000001	0.000000	0.014145	-0.000000	0.000000	0.000065	0.000006	0.000000	0.000000	877.359576	4.000000	0.000007
726	1.810600	7.057073e+04	1351.24	1517.29	1.623240e-01	746.30	0.196165	0.785529	0.004086	0.000004	0.000001	0.000000	0.014145	0.000000	0.000000	0.000065	0.000006	-0.000000	0.000000	877.359576	4.000000	0.000007
727	1.809521	7.064163e+04	1350.92	1518.56	1.623631e-01	746.56	0.196088	0.785529	0.004076	0.000004	0.000001	0.000000	0.014232	0.000000	0.000000	0.000065	0.000006	-0.000000	0.000000	877.359576	4.000000	0.000007
728	1.808435	7.071325e+04	1350.59	1519.83	1.624026e-01	746.83	0.196010	0.785529	0.004066	0.000004	0.000002	0.000000	0.014321	-0.000000	0.000000	0.000064	0.000006	0.000000	0.000000	877.359576	4.000000	0.000007
729	1.808435	7.071307e+04	1350.60	1519.83	1.624023e-01	746.83	0.196010	0.785529	0.004066	0.000004	0.000002	0.000000	0.014321	0.000000	0.000000	0.000064	0.000006	-0.000000	0.000000	877.359576	4.000000	0.000007
730	1.807340	7.078507e+04	1350.27	1521.12	1.624418e-01	747.10	0.195931	0.785529	0.004056	0.000004	0.000002	0.000000	0.014410	0.000000	0.000000	0.000063	0.000005	-0.000000	0.000000	877.359576	4.000000	0.000007
731	1.807341	7.078515e+04	1350.27	1521.12	1.624420e-01	747.10	0.195931	0.785529	0.004056	0.000004	0.000002	0.000000	0.014410	0.000000	0.000000	0.000063	0.000005	0.000000	0.000000	877.359576	4.000000	0.000007
732	1.807341	7.078512e+04	1350.27	1521.12	1.624419e-01	747.10	0.195931	0.785529	0.004056	0.000004	0.000002	0.000000	0.014410	0.000000	0.000000	0.000063	0.000005	-0.000000	0.000000	877.359576	4.000000	0.000007
733	1.806238	7.085770e+04	1349.94	1522.41	1.624818e-01	747.37	0.195852	0.785529	0.004046	0.000004	0.000002	0.000000	0.014499	-0.000000	0.000000	0.000063	0.000005	0.000000	0.000000	877.359576	4.000000	0.000007
734	1.805128	7.093091e+04	1349.60	1523.72	1.625220e-01	747.65	0.195773	0.785529	0.004036	0.000004	0.000002	0.000000	0.014590	0.000000	0.000000	0.000062	0.000005	-0.000000	0.000000	877.359576	4.000000	0.000007
735	1.804010	7.100472e+04	1349.27	1525.04	1.625625e-01	747.93	0.195692	0.785529	0.004026	0.000004	0.000002	0.000000	0.014681	-0.000000	0.000000	0.000061	0.000005	0.000000	0.000000	877.359576	4.000000	0.000007
736	1.804010	7.100470e+04	1349.27	1525.04	1.625624e-01	747.93	0.195692	0.785529	0.004026	0.000004	0.000002	0.000000	0.014681	0.000000	0.000000	0.000061	0.000005	-0.000000	0.000000	877.359576	4.000000	0.000007
737	1.804010	7.100480e+04	1349.27	1525.04	1.625626e-01	747.93	0.195692	0.785529	0.004026	0.000004	0.000002	0.000000	0.014681	0.000000	0.000000	0.000061	0.000005	0.000000	0.000000	877.359576	4.000000	0.000007
738	1.802883	7.107916e+04	1348.93	1526.37	1.626032e-01	748.21	0.195611	0.785529	0.004016	0.000004	0.000002	0.000000	0.014773	0.000000	0.000000	0.000061	0.000005	-0.000000	0.000000	877.359576	4.000000	0.000007
739	1.802883	7.107933e+04	1348.93	1526.37	1.626036e-01	748.20	0.195611	0.785529	0.004016	0.000004	0.000002	0.000000	0.014773	-0.000000	0.000000	0.000061	0.000005	0.000000	0.000000	877.359576	4.000000	0.000007
740	1.802883	7.107914e+04	1348.93	1526.37	1.626032e-01	748.21	0.195611	0.785529	0.004016	0.000004	0.000002	0.000000	0.014773	0.000000	0.000000	0.000061	0.000005	-0.000000	0.000000	877.359576	4.000000	0.000007
741	1.801747	7.115459e+04	1348.58	1527.70	1.626450e-01	748.49	0.195529	0.785529	0.004006	0.000004	0.000002	0.000000	0.014866	-0.000000	0.000000	0.000060	0.000005	0.000000	0.000000	877.359576	4.000000	0.000007
742	1.801747	7.115423e+04	1348.58	1527.71	1.626444e-01	748.49	0.195529	0.785529	0.004006	0.000004	0.000002	0.000000	0.014866	0.000000	0.000000	0.000060	0.000005	-0.000000	0.000000	877.359576	4.000000	0.000007
743	1.801747	7.115451e+04	1348.58	1527.71	1.626449e-01	748.49	0.195529	0.785529	0.004006	0.000004	0.000002	0.000000	0.014866	0.000000	0.000000	0.000060	0.000005	0.000000	0.000000	877.359576	4.000000	0.000007
744	1.800603	7.123016e+04	1348.24	1529.06	1.626862e-01	748.77	0.195447	0.785529	0.003995	0.000004	0.000002	0.000000	0.014959	0.000000	0.000000	0.000059	0.000005	-0.000000	0.000000	877.359576	4.000000	0.000007
745	1.800603	7.123056e+04	1348.24	1529.06	1.626869e-01	748.77	0.195447	0.785529	0.003995	0.000004	0.000002	0.000000	0.014959	0.000000	0.000000	0.000059	0.000005	0.000000	0.000000	877.359576	4.000000	0.000007
746	1.800603	7.123021e+04	1348.24	1529.06	1.626863e-01	748.77	0.195447	0.785529	0.003995	0.000004	0.000002	0.000000	0.014959	0.000000	0.000000	0.000059	0.000005	-0.000000	0.000000	877.359576	4.000000	0.000007
747	1.799449	7.130705e+04	1347.89	1530.42	1.627289e-01	749.06	0.195364	0.785529	0.003985	0.000004	0.000002	0.000000	0.015054	-0.000000	0.000000	0.000059	0.000004	0.000000	0.000000	877.359576	4.000000	0.000007
748	1.799449	7.130663e+04	1347.89	1530.42	1.627281e-01	749.06	0.195364	0.785529	0.003985	0.000004	0.000002	0.000000	0.015054	0.000000	0.000000	0.000059	0.000004	-0.000000	0.000000	877.359576	4.000000	0.000007
749	1.799449	7.130702e+04	1347.89	1530.42	1.627288e-01	749.06	0.195364	0.785529	0.003985	0.000004	0.000002	0.000000	0.015054	0.000000	0.000000	0.000059	0.000004	0.000000	0.000000	877.359576	4.000000	0.000007
750	1.798286	7.138406e+04	1347.54	1531.80	1.627709e-01	749.34	0.195280	0.785529	0.003974	0.000004	0.000002	0.000000	0.015149	0.000000	0.000000	0.000058	0.000004	-0.000000	0.000000	877.359576	4.000000	0.000007
751	1.798287	7.138452e+04	1347.53	1531.80	1.627717e-01	749.34	0.195280	0.785529	0.003974	0.000004	0.000002	0.000000	0.015149	0.000000	0.000000	0.000058	0.000004	0.000000	0.000000	877.359576	4.000000	0.000007
752	1.798286	7.138410e+04	1347.54	1531.80	1.627709e-01	749.34	0.195280	0.785529	0.003974	0.000004	0.000002	0.000000	0.015149	0.000000	0.000000	0.000058	0.000004	-0.000000	0.000000	877.359576	4.000000	0.000007
753	1.797114	7.146252e+04	1347.18	1533.18	1.628146e-01	749.63	0.195195	0.785529	0.003964	0.000004	0.000002	0.000000	0.015245	0.000000	0.000000	0.000058	0.000004	0.000000	0.000000	877.359576	4.000000	0.000007
754	1.797114	7.146197e+04	1347.18	1533.19	1.628136e-01	749.64	0.195195	0.785529	0.003964	0.000004	0.000002	0.000000	0.015245	0.000000	0.000000	0.000058	0.000004	-0.000000	0.000000	877.359576	4.000000	0.000007
755	1.797114	7.146248e+04	1347.18	1533.18	1.628145e-01	749.63	0.195195	0.785529	0.003964	0.000004	0.000002	0.000000	0.015245	0.000000	0.000000	0.000058	0.000004	0.000000	0.000000	877.359576	4.000000	0.000007
756	1.797114	7.146252e+04	1347.18	1533.18	1.628146e-01	749.63	0.195195	0.785529	0.003964	0.000004	0.000002	0.000000	0.015245	0.000000	0.000000	0.000058	0.000004	0.000000	0.000000	877.359576	4.000000	0.000007
757	1.797114	7.146252e+04	1347.18	1533.18	1.628146e-01	749.63	0.195195	0.785529	0.003964	0.000004	0.000002	0.000000	0.015245	0.000000	0.000000	0.000058	0.000004	0.000000	0.000000	877.359576	4.000000	0.000007
758	1.797114	7.146252e+04	1347.18	1533.18	1.628146e-01	749.63	0.195195	0.785529	0.003964	0.000004	0.000002	0.000000	0.015245	0.000000	0.000000	0.000058	0.000004	0.000000	0.000000	877.359576	4.000000	0.000007
759	1.797114	7.146252e+04	1347.18	1533.18	1.628146e-01	749.63	0.195195	0.785529	0.003964	0.000004	0.000002	0.000000	0.015245	0.000000	0.000000	0.000058	0.000004	0.000000	0.000000	877.359576	4.000000	0.000007
760	1.797114	7.146252e+04	1347.18	1533.18	1.628146e-01	749.63	0.195195	0.785529	0.003964	0.000004	0.000002	0.000000	0.015245	0.000000	0.000000	0.000058	0.000004	0.000000	0.000000	877.359576	4.000000	0.000007
761	1.797114	7.146252e+04	1347.18	1533.18	1.628146e-01	749.63	0.195195	0.785529	0.003964	0.000004	0.000002	0.000000	0.015245	0.000000	0.000000	0.000058	0.000004	0.000000	0.000000	877.359576	4.000000	0.000007
762	1.797114	7.146252e+04	1347.18	1533.18	1.628146e-01	749.63	0.195195	0.785529	0.003964	0.000004	0.000002	0.000000	0.015245	0.000000	0.000000	0.000058	0.000004	0.000000	0.000000	877.359576	4.000000	0.000007
763	1.797114	7.146252e+04	1347.18	1533.18	1.628146e-01	749.63	0.195195	0.785529	0.003964	0.000004	0.000002	0.000000	0.015245	0.000000	0.000000	0.000058	0.000004	0.000000	0.000000	877.359576	4.000000	0.000007
764	1.797114	7.146252e+04	1347.18	1533.18	1.628146e-01	749.63	0.195195	0.785529	0.003964	0.000004	0.000002	0.000000	0.015245	0.000000	0.000000	0.000058	0.000004	0.000000	0.000000	877.359576	4.000000	0.000007
765	1.797114	7.146252e+04	1347.18	1533.18	1.628146e-01	749.63	0.195195	0.785529	0.003964	0.000004	0.000002	0.000000	0.015245	0.000000	0.000000	0.000058	0.000004	0.000000	0.000000	877.359576	4.000000	0.000007
766	1.797114	7.146252e+04	1347.18	1533.18	1.628146e-01	749.63	0.195195	0.785529	0.003964	0.000004	0.000002	0.000000	0.015245	0.000000	0.000000	0.000058	0.000004	0.000000	0.000000	877.359576	4.000000	0.000007
767	1.797114	7.146252e+04	1347.18	1533.18	1.628146e-01	749.63	0.195195	0.785529	0.003964	0.000004	0.000002	0.000000	0.015245	0.000000	0.000000	0.000058	0.000004	0.000000	0.000000	877.359576	4.000000	0.000007
768	1.797114	7.146252e+04	1347.18	1533.18	1.628146e-01	749.63	0.195195	0.785529	0.003964	0.000004	0.000002	0.000000	0.015245	0.000000	0.000000	0.000058	0.000004	0.000000	0.000000	877.359576	4.000000	0.000007
769	1.797114	7.146252e+04	1347.18	1533.18	1.628146e-01	749.63	0.195195	0.785529	0.003964	0.000004	0.000002	0.000000	0.015245	0.000000	0.000000	0.000058	0.000004	0.000000	0.000000	877.359576	4.000000	0.000007
770	1.797114	7.146252e+04	1347.18	1533.18	1.628146e-01	749.63	0.195195	0.785529	0.003964	0.000004	0.000002	0.000000	0.015245	0.000000	0.000000	0.000058	0.000004	0.000000	0.000000	877.359576	4.000000	0.000007
771	1.797114	7.146252e+04	1347.18	1533.18	1.628146e-01	749.63	0.195195	0.785529	0.003964	0.000004	0.000002	0.000000	0.015245	0.000000	0.000000	0.000058	0.000004	0.000000	0.000000	877.359576	4.000000	0.000007
772	1.797114	7.146252e+04	1347.18	1533.18	1.628146e-01	749.63	0.195195	0.785529	0.003964	0.000004	0.000002	0.000000	0.015245	0.000000	0.000000	0.000058	0.000004	0.000000	0.000000	877.359576	4.000000	0.000007
773	1.797114	7.146252e+04	1347.18	1533.18	1.628146e-01	749.63	0.195195	0.785529	0.003964	0.000004	0.000002	0.000000	0.015245	0.000000	0.000000	0.000058	0.000004	0.000000	0.000000	877.359576	4.000000	0.000007
774	1.797114	7.146252e+04	1347.18	1533.18	1.628146e-01	749.63	0.195195	0.785529	0.003964	0.000004	0.000002	0.000000	0.015245	0.000000	0.000000	0.000058	0.000004	0.000000	0.000000	877.359576	4.000000	0.000007
775	1.797114	7.146252e+04	1347.18	1533.18	1.628146e-01	749.63	0.195195	0.785529	0.003964	0.000004	0.000002	0.000000	0.015245	0.000000	0.000000	0.000058	0.000004	0.000000	0.000000	877.359576	4.000000	0.000007
776	1.797114	7.146252e+04	1347.18	1533.18	1.628146e-01	749.63	0.195195	0.785529	0.003964	0.000004	0.000002	0.000000	0.015245	0.000000	0.000000	0.000058	0.000004	0.000000	0.000000	877.359589	4.000000	0.000007
777	1.797114	7.146235e+04	1347.18	1533.19	1.628143e-01	749.63	0.195195	0.785529	0.003964	0.000004	0.000002	0.000000	0.015245	0.000000	0.000000	0.000058	0.000004	0.000000	0.000000	877.359576	4.000000	0.000007
778	1.795932	7.154115e+04	1346.82	1534.59	1.628576e-01	749.93	0.195109	0.785529	0.003953	0.000004	0.000002	0.000000	0.015342	0.000000	0.000000	0.000057	0.000004	-0.000000	0.000000	877.359576	4.000000	0.000007
779	1.794740	7.162088e+04	1346.46	1536.00	1.629017e-01	750.22	0.195023	0.785529	0.003942	0.000004	0.000002	0.000000	0.015440	0.000000	0.000000	0.000056	0.000004	0.000000	0.000000	877.359576	4.000000	0.000007
780	1.793537	7.170123e+04	1346.09	1537.43	1.629459e-01	750.52	0.194935	0.785529	0.003931	0.000004	0.000002	0.000000	0.015539	0.000000	0.000000	0.000056	0.000004	-0.000000	0.000000	877.359576	4.000000	0.000008
781	1.792324	7.178260e+04	1345.72	1538.87	1.629910e-01	750.82	0.194847	0.785529	0.003920	0.000004	0.000002	0.000000	0.015639	0.000000	0.000000	0.000055	0.000004	0.000000	0.000000	877.359576	4.000000	0.000008
782	1.791100	7.186466e+04	1345.35	1540.33	1.630362e-01	751.13	0.194758	0.785529	0.003909	0.000004	0.000002	0.000000	0.015740	0.000000	0.000000	0.000055	0.000004	-0.000000	0.000000	877.359576	4.000000	0.000008
783	1.789865	7.194770e+04	1344.97	1541.80	1.630822e-01	751.43	0.194668	0.785529	0.003897	0.000004	0.000002	0.000000	0.015842	0.000000	0.000000	0.000054	0.000004	0.000000	0.000000	877.359576	4.000000	0.000008
784	1.788618	7.203154e+04	1344.58	1543.29	1.631285e-01	751.74	0.194577	0.785529	0.003886	0.000004	0.000002	0.000000	0.015945	0.000000	0.000000	0.000053	0.000004	-0.000000	0.000000	877.359576	4.000000	0.000008
785	1.787360	7.211642e+04	1344.20	1544.79	1.631755e-01	752.06	0.194485	0.785529	0.003874	0.000004	0.000002	0.000000	0.016049	0.000000	0.000000	0.000053	0.000003	0.000000	0.000000	877.359576	4.000000	0.000008
786	1.786090	7.220207e+04	1343.81	1546.31	1.632228e-01	752.37	0.194392	0.785529	0.003863	0.000004	0.000002	0.000000	0.016154	0.000000	0.000000	0.000052	0.000003	-0.000000	0.000000	877.359576	4.000000	0.000008
787	1.784807	7.228901e+04	1343.41	1547.84	1.632712e-01	752.69	0.194299	0.785529	0.003851	0.000004	0.000002	0.000000	0.016260	0.000000	0.000000	0.000052	0.000003	0.000000	0.000000	877.359576	4.000000	0.000008
788	1.783512	7.237634e+04	1343.01	1549.39	1.633191e-01	753.02	0.194204	0.785529	0.003839	0.000004	0.000002	0.000000	0.016368	0.000000	0.000000	0.000051	0.000003	-0.000000	0.000000	877.359576	4.000000	0.000008
789	1.783512	7.237667e+04	1343.01	1549.39	1.633197e-01	753.01	0.194204	0.785529	0.003839	0.000004	0.000002	0.000000	0.016368	0.000000	0.000000	0.000051	0.000003	0.000000	0.000000	877.359576	4.000000	0.000008
790	1.782204	7.246521e+04	1342.61	1550.96	1.633686e-01	753.34	0.194108	0.785529	0.003827	0.000004	0.000002	0.000000	0.016476	0.000000	0.000000	0.000050	0.000003	0.000000	0.000000	877.359576	4.000000	0.000008
791	1.780882	7.255465e+04	1342.20	1552.55	1.634178e-01	753.67	0.194011	0.785529	0.003815	0.000004	0.000002	0.000000	0.016586	0.000000	0.000000	0.000050	0.000003	-0.000000	0.000000	877.359576	4.000000	0.000008
792	1.780882	7.255494e+04	1342.20	1552.55	1.634183e-01	753.67	0.194011	0.785529	0.003815	0.000004	0.000002	0.000000	0.016586	0.000000	0.000000	0.000050	0.000003	0.000000	0.000000	877.359576	4.000000	0.000008
793	1.779546	7.264574e+04	1341.78	1554.15	1.634686e-01	754.00	0.193912	0.785529	0.003803	0.000004	0.000002	0.000000	0.016697	0.000000	0.000000	0.000049	0.000003	0.000000	0.000000	877.359576	4.000000	0.000008
794	1.778197	7.273759e+04	1341.37	1555.78	1.635194e-01	754.34	0.193813	0.785529	0.003790	0.000004	0.000002	0.000000	0.016810	0.000000	0.000000	0.000049	0.000003	-0.000000	0.000000	877.359576	4.000000	0.000008
795	1.778197	7.273765e+04	1341.37	1555.78	1.635195e-01	754.34	0.193813	0.785529	0.003790	0.000004	0.000002	0.000000	0.016810	0.000000	0.000000	0.000049	0.000003	0.000000	0.000000	877.359576	4.000000	0.000008
796	1.778197	7.273756e+04	1341.37	1555.78	1.635194e-01	754.34	0.193813	0.785529	0.003790	0.000004	0.000002	0.000000	0.016810	0.000000	0.000000	0.000049	0.000003	-0.000000	0.000000	877.359576	4.000000	0.000008
797	1.776833	7.283094e+04	1340.94	1557.42	1.635715e-01	754.68	0.193712	0.785529	0.003777	0.000004	0.000002	0.000000	0.016924	0.000000	0.000000	0.000048	0.000003	0.000000	0.000000	877.359576	4.000000	0.000008
798	1.776833	7.283069e+04	1340.94	1557.42	1.635711e-01	754.68	0.193712	0.785529	0.003777	0.000004	0.000002	0.000000	0.016924	0.000000	0.000000	0.000048	0.000003	-0.000000	0.000000	877.359576	4.000000	0.000008
799	1.776833	7.283091e+04	1340.94	1557.42	1.635715e-01	754.68	0.193712	0.785529	0.003777	0.000004	0.000002	0.000000	0.016924	0.000000	0.000000	0.000048	0.000003	0.000000	0.000000	877.359576	4.000000	0.000008
800	1.775453	7.292491e+04	1340.51	1559.08	1.636233e-01	755.02	0.193610	0.785529	0.003765	0.000005	0.000002	0.000000	0.017039	0.000000	0.000000	0.000048	0.000003	-0.000000	0.000000	877.359576	4.000000	0.000008
801	1.775454	7.292538e+04	1340.51	1559.08	1.636242e-01	755.02	0.193610	0.785529	0.003765	0.000005	0.000002	0.000000	0.017039	0.000000	0.000000	0.000048	0.000003	0.000000	0.000000	877.359576	4.000000	0.000008
802	1.775454	7.292497e+04	1340.51	1559.08	1.636235e-01	755.02	0.193610	0.785529	0.003765	0.000005	0.000002	0.000000	0.017039	0.000000	0.000000	0.000048	0.000003	-0.000000	0.000000	877.359576	4.000000	0.000008
803	1.774059	7.302096e+04	1340.07	1560.76	1.636774e-01	755.37	0.193507	0.785529	0.003752	0.000005	0.000002	0.000000	0.017155	0.000000	0.000000	0.000047	0.000003	0.000000	0.000000	877.359576	4.000000	0.000008
804	1.774059	7.302030e+04	1340.08	1560.76	1.636763e-01	755.37	0.193507	0.785529	0.003752	0.000005	0.000002	0.000000	0.017155	0.000000	0.000000	0.000047	0.000003	-0.000000	0.000000	877.359576	4.000000	0.000008
805	1.774059	7.302089e+04	1340.07	1560.76	1.636773e-01	755.37	0.193507	0.785529	0.003752	0.000005	0.000002	0.000000	0.017155	0.000000	0.000000	0.000047	0.000003	0.000000	0.000000	877.359576	4.000000	0.000008
806	1.772649	7.311723e+04	1339.63	1562.47	1.637304e-01	755.72	0.193403	0.785529	0.003739	0.000005	0.000003	0.000000	0.017273	0.000000	0.000000	0.000047	0.000003	-0.000000	0.000000	877.359576	4.000000	0.000008
807	1.772649	7.311803e+04	1339.63	1562.46	1.637318e-01	755.72	0.193403	0.785529	0.003739	0.000005	0.000003	0.000000	0.017273	0.000000	0.000000	0.000047	0.000003	0.000000	0.000000	877.359576	4.000000	0.000008
808	1.772649	7.311728e+04	1339.63	1562.47	1.637305e-01	755.72	0.193403	0.785529	0.003739	0.000005	0.000003	0.000000	0.017273	0.000000	0.000000	0.000047	0.000003	-0.000000	0.000000	877.359576	4.000000	0.000008
809	1.772649	7.311723e+04	1339.63	1562.47	1.637304e-01	755.72	0.193403	0.785529	0.003739	0.000005	0.000003	0.000000	0.017273	0.000000	0.000000	0.000047	0.000003	-0.000000	0.000000	877.359576	4.000000	0.000008
810	1.772649	7.311723e+04	1339.63	1562.47	1.637304e-01	755.72	0.193403	0.785529	0.003739	0.000005	0.000003	0.000000	0.017273	0.000000	0.000000	0.000047	0.000003	-0.000000	0.000000	877.359576	4.000000	0.000008
811	1.772649	7.311723e+04	1339.63	1562.47	1.637304e-01	755.72	0.193403	0.785529	0.003739	0.000005	0.000003	0.000000	0.017273	0.000000	0.000000	0.000047	0.000003	-0.000000	0.000000	877.359576	4.000000	0.000008
812	1.772649	7.311723e+04	1339.63	1562.47	1.637304e-01	755.72	0.193403	0.785529	0.003739	0.000005	0.000003	0.000000	0.017273	0.000000	0.000000	0.000047	0.000003	-0.000000	0.000000	877.359576	4.000000	0.000008
813	1.772649	7.311723e+04	1339.63	1562.47	1.637304e-01	755.72	0.193403	0.785529	0.003739	0.000005	0.000003	0.000000	0.017273	0.000000	0.000000	0.000047	0.000003	-0.000000	0.000000	877.359576	4.000000	0.000008
814	1.772649	7.311723e+04	1339.63	1562.47	1.637304e-01	755.72	0.193403	0.785529	0.003739	0.000005	0.000003	0.000000	0.017273	0.000000	0.000000	0.000047	0.000003	-0.000000	0.000000	877.359576	4.000000	0.000008
815	1.772649	7.311723e+04	1339.63	1562.47	1.637304e-01	755.72	0.193403	0.785529	0.003739	0.000005	0.000003	0.000000	0.017273	0.000000	0.000000	0.000047	0.000003	-0.000000	0.000000	877.359576	4.000000	0.000008
816	1.772649	7.311723e+04	1339.63	1562.47	1.637304e-01	755.72	0.193403	0.785529	0.003739	0.000005	0.000003	0.000000	0.017273	0.000000	0.000000	0.000047	0.000003	-0.000000	0.000000	877.359576	4.000000	0.000008
817	1.772649	7.311723e+04	1339.63	1562.47	1.637304e-01	755.72	0.193403	0.785529	0.003739	0.000005	0.000003	0.000000	0.017273	0.000000	0.000000	0.000047	0.000003	-0.000000	0.000000	877.359576	4.000000	0.000008
818	1.772649	7.311723e+04	1339.63	1562.47	1.637304e-01	755.72	0.193403	0.785529	0.003739	0.000005	0.000003	0.000000	0.017273	0.000000	0.000000	0.000047	0.000003	-0.000000	0.000000	877.359576	4.000000	0.000008
819	1.772649	7.311723e+04	1339.63	1562.47	1.637304e-01	755.72	0.193403	0.785529	0.003739	0.000005	0.000003	0.000000	0.017273	0.000000	0.000000	0.000047	0.000003	-0.000000	0.000000	877.359576	4.000000	0.000008
820	1.772649	7.311723e+04	1339.63	1562.47	1.637304e-01	755.72	0.193403	0.785529	0.003739	0.000005	0.000003	0.000000	0.017273	0.000000	0.000000	0.000047	0.000003	-0.000000	0.000000	877.359576	4.000000	0.000008
821	1.772649	7.311723e+04	1339.63	1562.47	1.637304e-01	755.72	0.193403	0.785529	0.003739	0.000005	0.000003	0.000000	0.017273	0.000000	0.000000	0.000047	0.000003	-0.000000	0.000000	877.359576	4.000000	0.000008
822	1.772649	7.311723e+04	1339.63	1562.47	1.637304e-01	755.72	0.193403	0.785529	0.003739	0.000005	0.000003	0.000000	0.017273	0.000000	0.000000	0.000047	0.000003	-0.000000	0.000000	877.359576	4.000000	0.000008
823	1.772649	7.311723e+04	1339.63	1562.47	1.637304e-01	755.72	0.193403	0.785529	0.003739	0.000005	0.000003	0.000000	0.017273	0.000000	0.000000	0.000047	0.000003	-0.000000	0.000000	877.359576	4.000000	0.000008
824	1.772649	7.311723e+04	1339.63	1562.47	1.637304e-01	755.72	0.193403	0.785529	0.003739	0.000005	0.000003	0.000000	0.017273	0.000000	0.000000	0.000047	0.000003	-0.000000	0.000000	877.359576	4.000000	0.000008
825	1.772649	7.311723e+04	1339.63	1562.47	1.637304e-01	755.72	0.193403	0.785529	0.003739	0.000005	0.000003	0.000000	0.017273	0.000000	0.000000	0.000047	0.000003	-0.000000	0.000000	877.359576	4.000000	0.000008
826	1.772649	7.311723e+04	1339.63	1562.47	1.637304e-01	755.72	0.193403	0.785529	0.003739	0.000005	0.000003	0.000000	0.017273	0.000000	0.000000	0.000047	0.000003	-0.000000	0.000000	877.359576	4.000000	0.000008
827	1.772649	7.311723e+04	1339.63	1562.47	1.637304e-01	755.72	0.193403	0.785529	0.003739	0.000005	0.000003	0.000000	0.017273	0.000000	0.000000	0.000047	0.000003	-0.000000	0.000000	877.359576	4.000000	0.000008
828	1.772649	7.311723e+04	1339.63	1562.47	1.637304e-01	755.72	0.193403	0.785529	0.003739	0.000005	0.000003	0.000000	0.017273	0.000000	0.000000	0.000047	0.000003	-0.000000	0.000000	877.359576	4.000000	0.000008
829	1.772649	7.311723e+04	1339.63	1562.47	1.637304e-01	755.72	0.193403	0.785529	0.003739	0.000005	0.000003	0.000000	0.017273	0.000000	0.000000	0.000047	0.000003	-0.000000	0.000000	877.359589	4.000000	0.000008
830	1.772649	7.311747e+04	1339.63	1562.46	1.637308e-01	755.72	0.193403	0.785529	0.003739	0.000005	0.000003	0.000000	0.017273	0.000000	0.000000	0.000047	0.000003	0.000000	0.000000	877.359576	4.000000	0.000008
831	1.771222	7.321563e+04	1339.19	1564.19	1.637856e-01	756.08	0.193297	0.785529	0.003725	0.000005	0.000003	0.000000	0.017393	0.000000	0.000000	0.000046	0.000002	0.000000	0.000000	877.359576	4.000000	0.000008
832	1.769779	7.331491e+04	1338.73	1565.94	1.638408e-01	756.44	0.193190	0.785529	0.003712	0.000005	0.000003	0.000000	0.017514	0.000000	0.000000	0.000045	0.000002	-0.000000	0.000000	877.359576	4.000000	0.000008
833	1.768318	7.341592e+04	1338.27	1567.71	1.638974e-01	756.81	0.193081	0.785529	0.003698	0.000005	0.000003	0.000000	0.017637	0.000000	0.000000	0.000045	0.000002	0.000000	0.000000	877.359576	4.000000	0.000008
834	1.766840	7.351795e+04	1337.81	1569.50	1.639541e-01	757.18	0.192971	0.785529	0.003685	0.000005	0.000003	0.000000	0.017761	0.000000	0.000000	0.000044	0.000002	-0.000000	0.000000	877.359576	4.000000	0.000008
835	1.765343	7.362178e+04	1337.33	1571.32	1.640123e-01	757.55	0.192860	0.785529	0.003671	0.000005	0.000003	0.000000	0.017887	0.000000	0.000000	0.000044	0.000002	0.000000	0.000000	877.359576	4.000000	0.000008
836	1.763827	7.372686e+04	1336.86	1573.16	1.640710e-01	757.93	0.192747	0.785529	0.003656	0.000005	0.000003	0.000000	0.018015	0.000000	0.000000	0.000043	0.000002	-0.000000	0.000000	877.359576	4.000000	0.000008
837	1.762292	7.383379e+04	1336.37	1575.03	1.641310e-01	758.31	0.192632	0.785529	0.003642	0.000005	0.000003	0.000000	0.018144	0.000000	0.000000	0.000043	0.000002	0.000000	0.000000	877.359576	4.000000	0.000008
838	1.760737	7.394188e+04	1335.87	1576.93	1.641912e-01	758.70	0.192516	0.785529	0.003627	0.000005	0.000003	0.000000	0.018276	0.000000	0.000000	0.000042	0.000002	-0.000000	0.000000	877.359576	4.000000	0.000008
839	1.759160	7.405245e+04	1335.37	1578.85	1.642538e-01	759.10	0.192397	0.785529	0.003613	0.000005	0.000003	0.000000	0.018409	0.000000	0.000000	0.000042	0.000002	0.000000	0.000000	877.359576	4.000000	0.000008
840	1.759161	7.405199e+04	1335.37	1578.85	1.642530e-01	759.10	0.192397	0.785529	0.003613	0.000005	0.000003	0.000000	0.018409	0.000000	0.000000	0.000042	0.000002	-0.000000	0.000000	877.359576	4.000000	0.000008
841	1.757563	7.416408e+04	1334.86	1580.80	1.643163e-01	759.50	0.192278	0.785529	0.003598	0.000005	0.000003	0.000000	0.018545	0.000000	0.000000	0.000041	0.000002	-0.000000	0.000000	877.359576	4.000000	0.000008
842	1.755943	7.427813e+04	1334.34	1582.78	1.643809e-01	759.90	0.192156	0.785529	0.003582	0.000005	0.000003	0.000000	0.018682	0.000000	0.000000	0.000041	0.000002	0.000000	0.000000	877.359576	4.000000	0.000008
843	1.755943	7.427770e+04	1334.34	1582.78	1.643802e-01	759.90	0.192156	0.785529	0.003582	0.000005	0.000003	0.000000	0.018682	0.000000	0.000000	0.000041	0.000002	-0.000000	0.000000	877.359576	4.000000	0.000008
844	1.754300	7.439326e+04	1333.82	1584.79	1.644453e-01	760.31	0.192032	0.785529	0.003567	0.000005	0.000003	0.000000	0.018821	0.000000	0.000000	0.000040	0.000002	-0.000000	0.000000	877.359576	4.000000	0.000008
845	1.752633	7.451089e+04	1333.28	1586.83	1.645119e-01	760.73	0.191907	0.785529	0.003551	0.000005	0.000003	0.000000	0.018963	0.000000	0.000000	0.000040	0.000002	0.000000	0.000000	877.359576	4.000000	0.000008
846	1.752633	7.451070e+04	1333.28	1586.83	1.645115e-01	760.73	0.191907	0.785529	0.003551	0.000005	0.000003	0.000000	0.018963	0.000000	0.000000	0.000040	0.000002	-0.000000	0.000000	877.359576	4.000000	0.000008
847	1.752633	7.451088e+04	1333.28	1586.83	1.645118e-01	760.73	0.191907	0.785529	0.003551	0.000005	0.000003	0.000000	0.018963	0.000000	0.000000	0.000040	0.000002	0.000000	0.000000	877.359576	4.000000	0.000008
848	1.750943	7.462974e+04	1332.74	1588.91	1.645783e-01	761.16	0.191779	0.785529	0.003535	0.000006	0.000003	0.000000	0.019107	0.000000	0.000000	0.000039	0.000002	-0.000000	0.000000	877.359576	4.000000	0.000008
849	1.750942	7.463025e+04	1332.74	1588.91	1.645791e-01	761.15	0.191779	0.785529	0.003535	0.000006	0.000003	0.000000	0.019107	0.000000	0.000000	0.000039	0.000002	0.000000	0.000000	877.359576	4.000000	0.000008
850	1.750943	7.462981e+04	1332.74	1588.91	1.645784e-01	761.15	0.191779	0.785529	0.003535	0.000006	0.000003	0.000000	0.019107	0.000000	0.000000	0.000039	0.000002	-0.000000	0.000000	877.359576	4.000000	0.000008
851	1.750943	7.462974e+04	1332.74	1588.91	1.645783e-01	761.16	0.191779	0.785529	0.003535	0.000006	0.000003	0.000000	0.019107	0.000000	0.000000	0.000039	0.000002	-0.000000	0.000000	877.359576	4.000000	0.000008
852	1.750943	7.462974e+04	1332.74	1588.91	1.645783e-01	761.16	0.191779	0.785529	0.003535	0.000006	0.000003	0.000000	0.019107	0.000000	0.000000	0.000039	0.000002	-0.000000	0.000000	877.359576	4.000000	0.000008
853	1.750943	7.462974e+04	1332.74	1588.91	1.645783e-01	761.16	0.191779	0.785529	0.003535	0.000006	0.000003	0.000000	0.019107	0.000000	0.000000	0.000039	0.000002	-0.000000	0.000000	877.359576	4.000000	0.000008
854	1.750943	7.462974e+04	1332.74	1588.91	1.645783e-01	761.16	0.191779	0.785529	0.003535	0.000006	0.000003	0.000000	0.019107	0.000000	0.000000	0.000039	0.000002	-0.000000	0.000000	877.359576	4.000000	0.000008
855	1.750943	7.462974e+04	1332.74	1588.91	1.645783e-01	761.16	0.191779	0.785529	0.003535	0.000006	0.000003	0.000000	0.019107	0.000000	0.000000	0.000039	0.000002	-0.000000	0.000000	877.359576	4.000000	0.000008
856	1.750943	7.462974e+04	1332.74	1588.91	1.645783e-01	761.16	0.191779	0.785529	0.003535	0.000006	0.000003	0.000000	0.019107	0.000000	0.000000	0.000039	0.000002	-0.000000	0.000000	877.359576	4.000000	0.000008
857	1.750943	7.462974e+04	1332.74	1588.91	1.645783e-01	761.16	0.191779	0.785529	0.003535	0.000006	0.000003	0.000000	0.019107	0.000000	0.000000	0.000039	0.000002	-0.000000	0.000000	877.359576	4.000000	0.000008
858	1.750943	7.462974e+04	1332.74	1588.91	1.645783e-01	761.16	0.191779	0.785529	0.003535	0.000006	0.000003	0.000000	0.019107	0.000000	0.000000	0.000039	0.000002	-0.000000	0.000000	877.359576	4.000000	0.000008
859	1.750943	7.462974e+04	1332.74	1588.91	1.645783e-01	761.16	0.191779	0.785529	0.003535	0.000006	0.000003	0.000000	0.019107	0.000000	0.000000	0.000039	0.000002	-0.000000	0.000000	877.359576	4.000000	0.000008
860	1.750943	7.462974e+04	1332.74	1588.91	1.645783e-01	761.16	0.191779	0.785529	0.003535	0.000006	0.000003	0.000000	0.019107	0.000000	0.000000	0.000039	0.000002	-0.000000	0.000000	877.359576	4.000000	0.000008
861	1.750943	7.462974e+04	1332.74	1588.91	1.645783e-01	761.16	0.191779	0.785529	0.003535	0.000006	0.000003	0.000000	0.019107	0.000000	0.000000	0.000039	0.000002	-0.000000	0.000000	877.359576	4.000000	0.000008
862	1.750943	7.462974e+04	1332.74	1588.91	1.645783e-01	761.16	0.191779	0.785529	0.003535	0.000006	0.000003	0.000000	0.019107	0.000000	0.000000	0.000039	0.000002	-0.000000	0.000000	877.359576	4.000000	0.000008
863	1.750943	7.462974e+04	1332.74	1588.91	1.645783e-01	761.16	0.191779	0.785529	0.003535	0.000006	0.000003	0.000000	0.019107	0.000000	0.000000	0.000039	0.000002	-0.000000	0.000000	877.359576	4.000000	0.000008
864	1.750943	7.462974e+04	1332.74	1588.91	1.645783e-01	761.16	0.191779	0.785529	0.003535	0.000006	0.000003	0.000000	0.019107	0.000000	0.000000	0.000039	0.000002	-0.000000	0.000000	877.359576	4.000000	0.000008
865	1.750943	7.462974e+04	1332.74	1588.91	1.645783e-01	761.16	0.191779	0.785529	0.003535	0.000006	0.000003	0.000000	0.019107	0.000000	0.000000	0.000039	0.000002	-0.000000	0.000000	877.359576	4.000000	0.000008
866	1.750943	7.462974e+04	1332.74	1588.91	1.645783e-01	761.16	0.191779	0.785529	0.003535	0.000006	0.000003	0.000000	0.019107	0.000000	0.000000	0.000039	0.000002	-0.000000	0.000000	877.359576	4.000000	0.000008
867	1.750943	7.462974e+04	1332.74	1588.91	1.645783e-01	761.16	0.191779	0.785529	0.003535	0.000006	0.000003	0.000000	0.019107	0.000000	0.000000	0.000039	0.000002	-0.000000	0.000000	877.359576	4.000000	0.000008
868	1.750943	7.462974e+04	1332.74	1588.91	1.645783e-01	761.16	0.191779	0.785529	0.003535	0.000006	0.000003	0.000000	0.019107	0.000000	0.000000	0.000039	0.000002	-0.000000	0.000000	877.359576	4.000000	0.000008
869	1.750943	7.462974e+04	1332.74	1588.91	1.645783e-01	761.16	0.191779	0.785529	0.003535	0.000006	0.000003	0.000000	0.019107	0.000000	0.000000	0.000039	0.000002	-0.000000	0.000000	877.359576	4.000000	0.000008
870	1.750943	7.462974e+04	1332.74	1588.91	1.645783e-01	761.16	0.191779	0.785529	0.003535	0.000006	0.000003	0.000000	0.019107	0.000000	0.000000	0.000039	0.000002	-0.000000	0.000000	877.359576	4.000000	0.000008
871	1.750943	7.462974e+04	1332.74	1588.91	1.645783e-01	761.16	0.191779	0.785529	0.003535	0.000006	0.000003	0.000000	0.019107	0.000000	0.000000	0.000039	0.000002	-0.000000	0.000000	877.359589	4.000000	0.000008
872	1.750942	7.462998e+04	1332.74	1588.91	1.645787e-01	761.15	0.191779	0.785529	0.003535	0.000006	0.000003	0.000000	0.019107	0.000000	0.000000	0.000039	0.000002	0.000000	0.000000	877.359576	4.000000	0.000008
873	1.749226	7.475135e+04	1332.18	1591.02	1.646471e-01	761.59	0.191649	0.785529	0.003519	0.000006	0.000004	0.000000	0.019254	0.000000	0.000000	0.000039	0.000002	0.000000	0.000000	877.359576	4.000000	0.000008
874	1.747484	7.487464e+04	1331.62	1593.17	1.647164e-01	762.02	0.191517	0.785529	0.003502	0.000006	0.000004	0.000000	0.019402	0.000000	0.000000	0.000038	0.000002	-0.000000	0.000000	877.359576	4.000000	0.000008
875	1.745713	7.500051e+04	1331.05	1595.35	1.647877e-01	762.47	0.191383	0.785529	0.003485	0.000006	0.000004	0.000000	0.019554	0.000000	0.000000	0.000038	0.000001	0.000000	0.000000	877.359576	4.000000	0.000008
876	1.743915	7.512819e+04	1330.47	1597.57	1.648595e-01	762.92	0.191247	0.785529	0.003468	0.000006	0.000004	0.000000	0.019708	0.000000	0.000000	0.000037	0.000001	-0.000000	0.000000	877.359576	4.000000	0.000008
877	1.742087	7.525878e+04	1329.87	1599.83	1.649336e-01	763.38	0.191108	0.785529	0.003451	0.000006	0.000004	0.000000	0.019865	0.000000	0.000000	0.000037	0.000001	0.000000	0.000000	877.359576	4.000000	0.000008
878	1.740230	7.539128e+04	1329.27	1602.13	1.650081e-01	763.85	0.190966	0.785529	0.003433	0.000006	0.000004	0.000000	0.020024	0.000000	0.000000	0.000036	0.000001	-0.000000	0.000000	877.359576	4.000000	0.000008
879	1.738339	7.552724e+04	1328.65	1604.47	1.650857e-01	764.32	0.190822	0.785529	0.003415	0.000006	0.000004	0.000000	0.020187	0.000000	0.000000	0.000036	0.000001	0.000000	0.000000	877.359576	4.000000	0.000008
880	1.738340	7.552678e+04	1328.65	1604.47	1.650850e-01	764.32	0.190822	0.785529	0.003415	0.000006	0.000004	0.000000	0.020187	0.000000	0.000000	0.000036	0.000001	-0.000000	0.000000	877.359576	4.000000	0.000008
881	1.736416	7.566520e+04	1328.02	1606.85	1.651638e-01	764.80	0.190675	0.785529	0.003397	0.000006	0.000004	0.000000	0.020352	0.000000	0.000000	0.000035	0.000001	-0.000000	0.000000	877.359576	4.000000	0.000008
882	1.734459	7.580665e+04	1327.37	1609.28	1.652446e-01	765.30	0.190525	0.785529	0.003378	0.000006	0.000004	0.000000	0.020521	0.000000	0.000000	0.000035	0.000001	0.000000	0.000000	877.359576	4.000000	0.000008
883	1.734459	7.580617e+04	1327.38	1609.29	1.652438e-01	765.30	0.190525	0.785529	0.003378	0.000006	0.000004	0.000000	0.020521	0.000000	0.000000	0.000035	0.000001	-0.000000	0.000000	877.359576	4.000000	0.000008
884	1.732466	7.595027e+04	1326.72	1611.77	1.653259e-01	765.80	0.190373	0.785529	0.003359	0.000007	0.000004	0.000000	0.020693	0.000000	0.000000	0.000034	0.000001	-0.000000	0.000000	877.359576	4.000000	0.000008
885	1.730435	7.609762e+04	1326.05	1614.30	1.654102e-01	766.31	0.190217	0.785529	0.003339	0.000007	0.000005	0.000000	0.020869	0.000000	0.000000	0.000034	0.000001	0.000000	0.000000	877.359576	4.000000	0.000008
886	1.730436	7.609728e+04	1326.05	1614.30	1.654096e-01	766.31	0.190217	0.785529	0.003339	0.000007	0.000005	0.000000	0.020869	0.000000	0.000000	0.000034	0.000001	-0.000000	0.000000	877.359576	4.000000	0.000008
887	1.730435	7.609757e+04	1326.05	1614.30	1.654101e-01	766.31	0.190217	0.785529	0.003339	0.000007	0.000005	0.000000	0.020869	0.000000	0.000000	0.000034	0.000001	0.000000	0.000000	877.359576	4.000000	0.000008
888	1.728367	7.624711e+04	1325.37	1616.88	1.654946e-01	766.83	0.190058	0.785529	0.003319	0.000007	0.000005	0.000000	0.021048	0.000000	0.000000	0.000033	0.000001	-0.000000	0.000000	877.359576	4.000000	0.000008
889	1.728366	7.624786e+04	1325.36	1616.88	1.654958e-01	766.83	0.190058	0.785529	0.003319	0.000007	0.000005	0.000000	0.021048	0.000000	0.000000	0.000033	0.000001	0.000000	0.000000	877.359576	4.000000	0.000008
890	1.728367	7.624719e+04	1325.36	1616.88	1.654947e-01	766.83	0.190058	0.785529	0.003319	0.000007	0.000005	0.000000	0.021048	0.000000	0.000000	0.000033	0.000001	-0.000000	0.000000	877.359576	4.000000	0.000008
891	1.728367	7.624711e+04	1325.37	1616.88	1.654946e-01	766.83	0.190058	0.785529	0.003319	0.000007	0.000005	0.000000	0.021048	0.000000	0.000000	0.000033	0.000001	-0.000000	0.000000	877.359576	4.000000	0.000008
892	1.728367	7.624711e+04	1325.37	1616.88	1.654946e-01	766.83	0.190058	0.785529	0.003319	0.000007	0.000005	0.000000	0.021048	0.000000	0.000000	0.000033	0.000001	-0.000000	0.000000	877.359576	4.000000	0.000008
893	1.728367	7.624711e+04	1325.37	1616.88	1.654946e-01	766.83	0.190058	0.785529	0.003319	0.000007	0.000005	0.000000	0.021048	0.000000	0.000000	0.000033	0.000001	-0.000000	0.000000	877.359576	4.000000	0.000008
894	1.728367	7.624711e+04	1325.37	1616.88	1.654946e-01	766.83	0.190058	0.785529	0.003319	0.000007	0.000005	0.000000	0.021048	0.000000	0.000000	0.000033	0.000001	-0.000000	0.000000	877.359576	4.000000	0.000008
895	1.728367	7.624711e+04	1325.37	1616.88	1.654946e-01	766.83	0.190058	0.785529	0.003319	0.000007	0.000005	0.000000	0.021048	0.000000	0.000000	0.000033	0.000001	-0.000000	0.000000	877.359576	4.000000	0.000008
896	1.728367	7.624711e+04	1325.37	1616.88	1.654946e-01	766.83	0.190058	0.785529	0.003319	0.000007	0.000005	0.000000	0.021048	0.000000	0.000000	0.000033	0.000001	-0.000000	0.000000	877.359576	4.000000	0.000008
897	1.728367	7.624711e+04	1325.37	1616.88	1.654946e-01	766.83	0.190058	0.785529	0.003319	0.000007	0.000005	0.000000	0.021048	0.000000	0.000000	0.000033	0.000001	-0.000000	0.000000	877.359576	4.000000	0.000008
898	1.728367	7.624711e+04	1325.37	1616.88	1.654946e-01	766.83	0.190058	0.785529	0.003319	0.000007	0.000005	0.000000	0.021048	0.000000	0.000000	0.000033	0.000001	-0.000000	0.000000	877.359576	4.000000	0.000008
899	1.728367	7.624711e+04	1325.37	1616.88	1.654946e-01	766.83	0.190058	0.785529	0.003319	0.000007	0.000005	0.000000	0.021048	0.000000	0.000000	0.000033	0.000001	-0.000000	0.000000	877.359576	4.000000	0.000008
900	1.728367	7.624711e+04	1325.37	1616.88	1.654946e-01	766.83	0.190058	0.785529	0.003319	0.000007	0.000005	0.000000	0.021048	0.000000	0.000000	0.000033	0.000001	-0.000000	0.000000	877.359576	4.000000	0.000008
901	1.728367	7.624711e+04	1325.37	1616.88	1.654946e-01	766.83	0.190058	0.785529	0.003319	0.000007	0.000005	0.000000	0.021048	0.000000	0.000000	0.000033	0.000001	-0.000000	0.000000	877.359576	4.000000	0.000008
902	1.728367	7.624711e+04	1325.37	1616.88	1.654946e-01	766.83	0.190058	0.785529	0.003319	0.000007	0.000005	0.000000	0.021048	0.000000	0.000000	0.000033	0.000001	-0.000000	0.000000	877.359576	4.000000	0.000008
903	1.728367	7.624711e+04	1325.37	1616.88	1.654946e-01	766.83	0.190058	0.785529	0.003319	0.000007	0.000005	0.000000	0.021048	0.000000	0.000000	0.000033	0.000001	-0.000000	0.000000	877.359576	4.000000	0.000008
904	1.728367	7.624711e+04	1325.37	1616.88	1.654946e-01	766.83	0.190058	0.785529	0.003319	0.000007	0.000005	0.000000	0.021048	0.000000	0.000000	0.000033	0.000001	-0.000000	0.000000	877.359576	4.000000	0.000008
905	1.728367	7.624711e+04	1325.37	1616.88	1.654946e-01	766.83	0.190058	0.785529	0.003319	0.000007	0.000005	0.000000	0.021048	0.000000	0.000000	0.000033	0.000001	-0.000000	0.000000	877.359576	4.000000	0.000008
906	1.728367	7.624711e+04	1325.37	1616.88	1.654946e-01	766.83	0.190058	0.785529	0.003319	0.000007	0.000005	0.000000	0.021048	0.000000	0.000000	0.000033	0.000001	-0.000000	0.000000	877.359576	4.000000	0.000008
907	1.728367	7.624711e+04	1325.37	1616.88	1.654946e-01	766.83	0.190058	0.785529	0.003319	0.000007	0.000005	0.000000	0.021048	0.000000	0.000000	0.000033	0.000001	-0.000000	0.000000	877.359576	4.000000	0.000008
908	1.728367	7.624711e+04	1325.37	1616.88	1.654946e-01	766.83	0.190058	0.785529	0.003319	0.000007	0.000005	0.000000	0.021048	0.000000	0.000000	0.000033	0.000001	-0.000000	0.000000	877.359576	4.000000	0.000008
909	1.728367	7.624711e+04	1325.37	1616.88	1.654946e-01	766.83	0.190058	0.785529	0.003319	0.000007	0.000005	0.000000	0.021048	0.000000	0.000000	0.000033	0.000001	-0.000000	0.000000	877.359576	4.000000	0.000008
910	1.728367	7.624711e+04	1325.37	1616.88	1.654946e-01	766.83	0.190058	0.785529	0.003319	0.000007	0.000005	0.000000	0.021048	0.000000	0.000000	0.000033	0.000001	-0.000000	0.000000	877.359576	4.000000	0.000008
911	1.728367	7.624711e+04	1325.37	1616.88	1.654946e-01	766.83	0.190058	0.785529	0.003319	0.000007	0.000005	0.000000	0.021048	0.000000	0.000000	0.000033	0.000001	-0.000000	0.000000	877.359589	4.000000	0.000008
912	1.728367	7.624745e+04	1325.36	1616.88	1.654951e-01	766.83	0.190058	0.785529	0.003319	0.000007	0.000005	0.000000	0.021048	0.000000	0.000000	0.000033	0.000001	0.000000	0.000000	877.359576	4.000000	0.000008
913	1.726258	7.640094e+04	1324.66	1619.52	1.655826e-01	767.36	0.189895	0.785529	0.003299	0.000007	0.000005	0.000000	0.021231	0.000000	0.000000	0.000033	0.000001	0.000000	0.000000	877.359576	4.000000	0.000008
914	1.724106	7.655764e+04	1323.95	1622.22	1.656717e-01	767.90	0.189729	0.785529	0.003278	0.000007	0.000005	0.000000	0.021419	0.000000	0.000000	0.000032	0.000001	-0.000000	0.000000	877.359576	4.000000	0.000008
915	1.721909	7.671863e+04	1323.22	1624.97	1.657640e-01	768.46	0.189559	0.785529	0.003257	0.000007	0.000005	0.000000	0.021610	0.000000	0.000000	0.000032	0.000001	0.000000	0.000000	877.359576	4.000000	0.000008
916	1.719668	7.688256e+04	1322.47	1627.79	1.658572e-01	769.03	0.189385	0.785529	0.003235	0.000007	0.000005	0.000000	0.021806	0.000000	0.000000	0.000031	0.000001	-0.000000	0.000000	877.359576	4.000000	0.000008
917	1.717375	7.705172e+04	1321.70	1630.67	1.659546e-01	769.60	0.189208	0.785529	0.003213	0.000008	0.000005	0.000000	0.022006	0.000000	0.000000	0.000031	0.000001	0.000000	0.000000	877.359576	4.000000	0.000008
918	1.715035	7.722347e+04	1320.91	1633.63	1.660519e-01	770.20	0.189025	0.785529	0.003190	0.000008	0.000006	0.000000	0.022211	0.000000	0.000000	0.000030	0.000001	-0.000000	0.000000	877.359576	4.000000	0.000008
919	1.715033	7.722432e+04	1320.91	1633.63	1.660533e-01	770.20	0.189025	0.785529	0.003190	0.000008	0.000006	0.000000	0.022211	0.000000	0.000000	0.000030	0.000001	0.000000	0.000000	877.359576	4.000000	0.000008
920	1.712639	7.740103e+04	1320.10	1636.65	1.661541e-01	770.80	0.188839	0.785529	0.003167	0.000008	0.000006	0.000000	0.022421	0.000000	0.000000	0.000030	0.000001	0.000000	0.000000	877.359576	4.000000	0.000008
921	1.712639	7.740079e+04	1320.11	1636.66	1.661536e-01	770.80	0.188839	0.785529	0.003167	0.000008	0.000006	0.000000	0.022421	0.000000	0.000000	0.000030	0.000001	-0.000000	0.000000	877.359576	4.000000	0.000008
922	1.712638	7.740114e+04	1320.10	1636.65	1.661542e-01	770.80	0.188839	0.785529	0.003167	0.000008	0.000006	0.000000	0.022421	0.000000	0.000000	0.000030	0.000001	0.000000	0.000000	877.359576	4.000000	0.000008
923	1.710186	7.758307e+04	1319.27	1639.76	1.662586e-01	771.42	0.188647	0.785529	0.003143	0.000008	0.000006	0.000000	0.022637	0.000000	0.000000	0.000029	0.000001	-0.000000	0.000000	877.359576	4.000000	0.000009
924	1.707674	7.777029e+04	1318.42	1642.94	1.663665e-01	772.06	0.188451	0.785529	0.003118	0.000008	0.000006	0.000000	0.022858	0.000000	0.000000	0.000029	0.000001	0.000000	0.000000	877.359576	4.000000	0.000009
925	1.705099	7.796243e+04	1317.54	1646.21	1.664769e-01	772.71	0.188249	0.785529	0.003093	0.000009	0.000006	0.000000	0.023085	0.000000	0.000000	0.000028	0.000001	-0.000000	0.000000	877.359576	4.000000	0.000009
926	1.702461	7.815982e+04	1316.64	1649.57	1.665904e-01	773.38	0.188042	0.785529	0.003067	0.000009	0.000007	0.000000	0.023318	0.000000	0.000000	0.000028	0.000001	0.000000	0.000000	877.359576	4.000000	0.000009
927	1.702459	7.816013e+04	1316.64	1649.57	1.665907e-01	773.38	0.188042	0.785529	0.003067	0.000009	0.000007	0.000000	0.023318	0.000000	0.000000	0.000028	0.000001	-0.000000	0.000000	877.359576	4.000000	0.000009
928	1.702458	7.816062e+04	1316.64	1649.57	1.665916e-01	773.38	0.188042	0.785529	0.003067	0.000009	0.000007	0.000000	0.023318	0.000000	0.000000	0.000028	0.000001	0.000000	0.000000	877.359576	4.000000	0.000009
929	1.702461	7.815982e+04	1316.64	1649.57	1.665904e-01	773.38	0.188042	0.785529	0.003067	0.000009	0.000007	0.000000	0.023318	0.000000	0.000000	0.000028	0.000001	0.000000	0.000000	877.359576	4.000000	0.000009
930	1.702461	7.815982e+04	1316.64	1649.57	1.665904e-01	773.38	0.188042	0.785529	0.003067	0.000009	0.000007	0.000000	0.023318	0.000000	0.000000	0.000028	0.000001	0.000000	0.000000	877.359576	4.000000	0.000009
931	1.702461	7.815982e+04	1316.64	1649.57	1.665904e-01	773.38	0.188042	0.785529	0.003067	0.000009	0.000007	0.000000	0.023318	0.000000	0.000000	0.000028	0.000001	0.000000	0.000000	877.359576	4.000000	0.000009
932	1.702461	7.815983e+04	1316.64	1649.57	1.665904e-01	773.38	0.188042	0.785529	0.003067	0.000009	0.000007	0.000000	0.023318	0.000000	0.000000	0.000028	0.000001	0.000000	0.000000	877.359576	4.000000	0.000009
933	1.702461	7.815982e+04	1316.64	1649.57	1.665904e-01	773.38	0.188042	0.785529	0.003067	0.000009	0.000007	0.000000	0.023318	0.000000	0.000000	0.000028	0.000001	0.000000	0.000000	877.359576	4.000000	0.000009
934	1.702461	7.815982e+04	1316.64	1649.57	1.665904e-01	773.38	0.188042	0.785529	0.003067	0.000009	0.000007	0.000000	0.023318	0.000000	0.000000	0.000028	0.000001	0.000000	0.000000	877.359576	4.000000	0.000009
935	1.702461	7.815982e+04	1316.64	1649.57	1.665904e-01	773.38	0.188042	0.785529	0.003067	0.000009	0.000007	0.000000	0.023318	0.000000	0.000000	0.000028	0.000001	0.000000	0.000000	877.359576	4.000000	0.000009
936	1.702461	7.815982e+04	1316.64	1649.57	1.665904e-01	773.38	0.188042	0.785529	0.003067	0.000009	0.000007	0.000000	0.023318	0.000000	0.000000	0.000028	0.000001	0.000000	0.000000	877.359576	4.000000	0.000009
937	1.702461	7.815982e+04	1316.64	1649.57	1.665904e-01	773.38	0.188042	0.785529	0.003067	0.000009	0.000007	0.000000	0.023318	0.000000	0.000000	0.000028	0.000001	0.000000	0.000000	877.359576	4.000000	0.000009
938	1.702461	7.815982e+04	1316.64	1649.57	1.665904e-01	773.38	0.188042	0.785529	0.003067	0.000009	0.000007	0.000000	0.023318	0.000000	0.000000	0.000028	0.000001	0.000000	0.000000	877.359576	4.000000	0.000009
939	1.702461	7.815982e+04	1316.64	1649.57	1.665904e-01	773.38	0.188042	0.785529	0.003067	0.000009	0.000007	0.000000	0.023318	0.000000	0.000000	0.000028	0.000001	0.000000	0.000000	877.359576	4.000000	0.000009
940	1.702461	7.815982e+04	1316.64	1649.57	1.665904e-01	773.38	0.188042	0.785529	0.003067	0.000009	0.000007	0.000000	0.023318	0.000000	0.000000	0.000028	0.000001	0.000000	0.000000	877.359576	4.000000	0.000009
941	1.702461	7.815982e+04	1316.64	1649.57	1.665904e-01	773.38	0.188042	0.785529	0.003067	0.000009	0.000007	0.000000	0.023318	0.000000	0.000000	0.000028	0.000001	0.000000	0.000000	877.359576	4.000000	0.000009
942	1.702461	7.815982e+04	1316.64	1649.57	1.665904e-01	773.38	0.188042	0.785529	0.003067	0.000009	0.000007	0.000000	0.023318	0.000000	0.000000	0.000028	0.000001	0.000000	0.000000	877.359576	4.000000	0.000009
943	1.702461	7.815982e+04	1316.64	1649.57	1.665904e-01	773.38	0.188042	0.785529	0.003067	0.000009	0.000007	0.000000	0.023318	0.000000	0.000000	0.000028	0.000001	0.000000	0.000000	877.359576	4.000000	0.000009
944	1.702461	7.815982e+04	1316.64	1649.57	1.665904e-01	773.38	0.188042	0.785529	0.003067	0.000009	0.000007	0.000000	0.023318	0.000000	0.000000	0.000028	0.000001	0.000000	0.000000	877.359576	4.000000	0.000009
945	1.702461	7.815982e+04	1316.64	1649.57	1.665904e-01	773.38	0.188042	0.785529	0.003067	0.000009	0.000007	0.000000	0.023318	0.000000	0.000000	0.000028	0.000001	0.000000	0.000000	877.359576	4.000000	0.000009
946	1.702461	7.815982e+04	1316.64	1649.57	1.665904e-01	773.38	0.188042	0.785529	0.003067	0.000009	0.000007	0.000000	0.023318	0.000000	0.000000	0.000028	0.000001	0.000000	0.000000	877.359576	4.000000	0.000009
947	1.702461	7.815982e+04	1316.64	1649.57	1.665904e-01	773.38	0.188042	0.785529	0.003067	0.000009	0.000007	0.000000	0.023318	0.000000	0.000000	0.000028	0.000001	0.000000	0.000000	877.359576	4.000000	0.000009
948	1.702461	7.815982e+04	1316.64	1649.57	1.665904e-01	773.38	0.188042	0.785529	0.003067	0.000009	0.000007	0.000000	0.023318	0.000000	0.000000	0.000028	0.000001	0.000000	0.000000	877.359576	4.000000	0.000009
949	1.702461	7.815982e+04	1316.64	1649.57	1.665904e-01	773.38	0.188042	0.785529	0.003067	0.000009	0.000007	0.000000	0.023318	0.000000	0.000000	0.000028	0.000001	0.000000	0.000000	877.359589	4.000000	0.000009
950	1.702459	7.816018e+04	1316.64	1649.57	1.665909e-01	773.38	0.188042	0.785529	0.003067	0.000009	0.000007	0.000000	0.023318	0.000000	0.000000	0.000028	0.000001	0.000000	0.000000	877.359576	4.000000	0.000009
951	1.699748	7.836407e+04	1315.71	1653.03	1.667086e-01	774.06	0.187828	0.785529	0.003041	0.000009	0.000007	0.000000	0.023558	0.000000	0.000000	0.000027	0.000001	-0.000000	0.000000	877.359576	4.000000	0.000009
952	1.699748	7.836400e+04	1315.71	1653.03	1.667085e-01	774.06	0.187828	0.785529	0.003041	0.000009	0.000007	0.000000	0.023558	0.000000	0.000000	0.000027	0.000001	0.000000	0.000000	877.359576	4.000000	0.000009
953	1.696964	7.857406e+04	1314.76	1656.58	1.668299e-01	774.77	0.187609	0.785529	0.003013	0.000009	0.000007	0.000000	0.023805	0.000000	0.000000	0.000027	0.000001	0.000000	0.000000	877.359576	4.000000	0.000009
954	1.694100	7.879069e+04	1313.77	1660.25	1.669551e-01	775.50	0.187382	0.785529	0.002985	0.000010	0.000007	0.000000	0.024060	0.000000	0.000000	0.000026	0.000001	-0.000000	0.000000	877.359576	4.000000	0.000009
955	1.691152	7.901510e+04	1312.75	1664.03	1.670857e-01	776.24	0.187149	0.785529	0.002956	0.000010	0.000008	0.000000	0.024322	0.000000	0.000000	0.000026	0.000001	0.000000	0.000000	877.359576	4.000000	0.000009
956	1.688118	7.924576e+04	1311.69	1667.93	1.672186e-01	777.02	0.186908	0.785529	0.002926	0.000010	0.000008	0.000000	0.024594	0.000000	0.000000	0.000025	0.000001	-0.000000	0.000000	877.359576	4.000000	0.000009
957	1.684980	7.948828e+04	1310.59	1671.95	1.673624e-01	777.81	0.186658	0.785529	0.002894	0.000010	0.000008	0.000000	0.024874	0.000000	0.000000	0.000025	0.000000	0.000000	0.000000	877.359576	4.000000	0.000009
958	1.684987	7.948531e+04	1310.60	1671.97	1.673577e-01	777.81	0.186659	0.785529	0.002894	0.000010	0.000008	0.000000	0.024874	0.000000	0.000000	0.000025	0.000000	-0.000000	0.000000	877.359576	4.000000	0.000009
959	1.684981	7.948760e+04	1310.59	1671.96	1.673612e-01	777.81	0.186658	0.785529	0.002894	0.000010	0.000008	0.000000	0.024874	0.000000	0.000000	0.000025	0.000000	0.000000	0.000000	877.359576	4.000000	0.000009
960	1.684980	7.948828e+04	1310.59	1671.95	1.673624e-01	777.81	0.186658	0.785529	0.002894	0.000010	0.000008	0.000000	0.024874	0.000000	0.000000	0.000025	0.000000	0.000000	0.000000	877.359576	4.000000	0.000009
961	1.684980	7.948828e+04	1310.59	1671.95	1.673624e-01	777.81	0.186658	0.785529	0.002894	0.000010	0.000008	0.000000	0.024874	0.000000	0.000000	0.000025	0.000000	0.000000	0.000000	877.359576	4.000000	0.000009
962	1.684980	7.948828e+04	1310.59	1671.95	1.673624e-01	777.81	0.186658	0.785529	0.002894	0.000010	0.000008	0.000000	0.024874	0.000000	0.000000	0.000025	0.000000	0.000000	0.000000	877.359576	4.000000	0.000009
963	1.684980	7.948828e+04	1310.59	1671.95	1.673624e-01	777.81	0.186658	0.785529	0.002894	0.000010	0.000008	0.000000	0.024874	0.000000	0.000000	0.000025	0.000000	0.000000	0.000000	877.359576	4.000000	0.000009
964	1.684980	7.948828e+04	1310.59	1671.95	1.673624e-01	777.81	0.186658	0.785529	0.002894	0.000010	0.000008	0.000000	0.024874	0.000000	0.000000	0.000025	0.000000	0.000000	0.000000	877.359576	4.000000	0.000009
965	1.684980	7.948828e+04	1310.59	1671.95	1.673624e-01	777.81	0.186658	0.785529	0.002894	0.000010	0.000008	0.000000	0.024874	0.000000	0.000000	0.000025	0.000000	0.000000	0.000000	877.359576	4.000000	0.000009
966	1.684980	7.948828e+04	1310.59	1671.95	1.673624e-01	777.81	0.186658	0.785529	0.002894	0.000010	0.000008	0.000000	0.024874	0.000000	0.000000	0.000025	0.000000	0.000000	0.000000	877.359576	4.000000	0.000009
967	1.684980	7.948828e+04	1310.59	1671.95	1.673624e-01	777.81	0.186658	0.785529	0.002894	0.000010	0.000008	0.000000	0.024874	0.000000	0.000000	0.000025	0.000000	0.000000	0.000000	877.359576	4.000000	0.000009
968	1.684980	7.948828e+04	1310.59	1671.95	1.673624e-01	777.81	0.186658	0.785529	0.002894	0.000010	0.000008	0.000000	0.024874	0.000000	0.000000	0.000025	0.000000	0.000000	0.000000	877.359576	4.000000	0.000009
969	1.684980	7.948828e+04	1310.59	1671.95	1.673624e-01	777.81	0.186658	0.785529	0.002894	0.000010	0.000008	0.000000	0.024874	0.000000	0.000000	0.000025	0.000000	0.000000	0.000000	877.359576	4.000000	0.000009
970	1.684980	7.948828e+04	1310.59	1671.95	1.673624e-01	777.81	0.186658	0.785529	0.002894	0.000010	0.000008	0.000000	0.024874	0.000000	0.000000	0.000025	0.000000	0.000000	0.000000	877.359576	4.000000	0.000009
971	1.684980	7.948828e+04	1310.59	1671.95	1.673624e-01	777.81	0.186658	0.785529	0.002894	0.000010	0.000008	0.000000	0.024874	0.000000	0.000000	0.000025	0.000000	0.000000	0.000000	877.359576	4.000000	0.000009
972	1.684980	7.948828e+04	1310.59	1671.95	1.673624e-01	777.81	0.186658	0.785529	0.002894	0.000010	0.000008	0.000000	0.024874	0.000000	0.000000	0.000025	0.000000	0.000000	0.000000	877.359576	4.000000	0.000009
973	1.684980	7.948828e+04	1310.59	1671.95	1.673624e-01	777.81	0.186658	0.785529	0.002894	0.000010	0.000008	0.000000	0.024874	0.000000	0.000000	0.000025	0.000000	0.000000	0.000000	877.359576	4.000000	0.000009
974	1.684980	7.948828e+04	1310.59	1671.95	1.673624e-01	777.81	0.186658	0.785529	0.002894	0.000010	0.000008	0.000000	0.024874	0.000000	0.000000	0.000025	0.000000	0.000000	0.000000	877.359576	4.000000	0.000009
975	1.684980	7.948828e+04	1310.59	1671.95	1.673624e-01	777.81	0.186658	0.785529	0.002894	0.000010	0.000008	0.000000	0.024874	0.000000	0.000000	0.000025	0.000000	0.000000	0.000000	877.359576	4.000000	0.000009
976	1.684980	7.948828e+04	1310.59	1671.95	1.673624e-01	777.81	0.186658	0.785529	0.002894	0.000010	0.000008	0.000000	0.024874	0.000000	0.000000	0.000025	0.000000	0.000000	0.000000	877.359576	4.000000	0.000009
977	1.684980	7.948828e+04	1310.59	1671.95	1.673624e-01	777.81	0.186658	0.785529	0.002894	0.000010	0.000008	0.000000	0.024874	0.000000	0.000000	0.000025	0.000000	0.000000	0.000000	877.359576	4.000000	0.000009
978	1.684980	7.948828e+04	1310.59	1671.95	1.673624e-01	777.81	0.186658	0.785529	0.002894	0.000010	0.000008	0.000000	0.024874	0.000000	0.000000	0.000025	0.000000	0.000000	0.000000	877.359576	4.000000	0.000009
979	1.684980	7.948828e+04	1310.59	1671.95	1.673624e-01	777.81	0.186658	0.785529	0.002894	0.000010	0.000008	0.000000	0.024874	0.000000	0.000000	0.000025	0.000000	0.000000	0.000000	877.359576	4.000000	0.000009
980	1.684980	7.948828e+04	1310.59	1671.95	1.673624e-01	777.81	0.186658	0.785529	0.002894	0.000010	0.000008	0.000000	0.024874	0.000000	0.000000	0.000025	0.000000	0.000000	0.000000	877.359589	4.000000	0.000009
981	1.684982	7.948695e+04	1310.59	1671.96	1.673602e-01	777.81	0.186658	0.785529	0.002894	0.000010	0.000008	0.000000	0.024874	0.000000	0.000000	0.000025	0.000000	0.000000	0.000000	877.359576	4.000000	0.000009
982	1.681750	7.973505e+04	1309.46	1676.14	1.675043e-01	778.63	0.186401	0.785529	0.002862	0.000011	0.000009	0.000000	0.025164	0.000000	0.000000	0.000024	0.000000	-0.000000	0.000000	877.359576	4.000000	0.000009
983	1.681747	7.973605e+04	1309.46	1676.13	1.675058e-01	778.63	0.186400	0.785529	0.002862	0.000011	0.000009	0.000000	0.025164	0.000000	0.000000	0.000024	0.000000	0.000000	0.000000	877.359576	4.000000	0.000009
984	1.678407	7.999355e+04	1308.28	1680.46	1.676556e-01	779.48	0.186133	0.785529	0.002829	0.000011	0.000009	0.000000	0.025464	0.000000	0.000000	0.000024	0.000000	0.000000	0.000000	877.359576	4.000000	0.000009
985	1.674951	8.026037e+04	1307.07	1684.95	1.678101e-01	780.36	0.185856	0.785529	0.002794	0.000012	0.000010	0.000000	0.025776	0.000000	0.000000	0.000023	0.000000	-0.000000	0.000000	877.359576	4.000000	0.000009
986	1.674946	8.026184e+04	1307.06	1684.95	1.678123e-01	780.36	0.185856	0.785529	0.002794	0.000012	0.000010	0.000000	0.025776	0.000000	0.000000	0.000023	0.000000	0.000000	0.000000	877.359576	4.000000	0.000009
987	1.671360	8.054109e+04	1305.79	1689.61	1.679758e-01	781.27	0.185567	0.785529	0.002758	0.000012	0.000010	0.000000	0.026100	0.000000	0.000000	0.000023	0.000000	0.000000	0.000000	877.359576	4.000000	0.000009
988	1.671362	8.054012e+04	1305.79	1689.61	1.679743e-01	781.27	0.185567	0.785529	0.002758	0.000012	0.000010	0.000000	0.026100	0.000000	0.000000	0.000023	0.000000	-0.000000	0.000000	877.359576	4.000000	0.000009
989	1.671360	8.054078e+04	1305.79	1689.61	1.679753e-01	781.27	0.185567	0.785529	0.002758	0.000012	0.000010	0.000000	0.026100	0.000000	0.000000	0.000023	0.000000	0.000000	0.000000	877.359576	4.000000	0.000009
990	1.667638	8.083210e+04	1304.46	1694.46	1.681463e-01	782.22	0.185267	0.785529	0.002721	0.000013	0.000011	0.000000	0.026438	0.000000	0.000000	0.000022	0.000000	-0.000000	0.000000	877.359576	4.000000	0.000009
991	1.663761	8.113828e+04	1303.07	1699.51	1.683280e-01	783.21	0.184954	0.785529	0.002682	0.000013	0.000011	0.000000	0.026789	0.000000	0.000000	0.000022	0.000000	0.000000	0.000000	877.359576	4.000000	0.000009
992	1.663765	8.113642e+04	1303.07	1699.52	1.683251e-01	783.21	0.184954	0.785529	0.002681	0.000013	0.000011	0.000000	0.026789	0.000000	0.000000	0.000022	0.000000	-0.000000	0.000000	877.359576	4.000000	0.000009
993	1.663762	8.113763e+04	1303.07	1699.52	1.683269e-01	783.21	0.184954	0.785529	0.002681	0.000013	0.000011	0.000000	0.026789	0.000000	0.000000	0.000022	0.000000	0.000000	0.000000	877.359576	4.000000	0.000009
994	1.659734	8.145495e+04	1301.62	1704.80	1.685127e-01	784.24	0.184627	0.785529	0.002641	0.000014	0.000012	0.000000	0.027156	0.000000	0.000000	0.000021	0.000000	-0.000000	0.000000	877.359576	4.000000	0.000009
995	1.659724	8.145764e+04	1301.61	1704.80	1.685167e-01	784.23	0.184627	0.785529	0.002641	0.000014	0.000012	0.000000	0.027157	0.000000	0.000000	0.000021	0.000000	0.000000	0.000000	877.359576	4.000000	0.000009
996	1.659732	8.145512e+04	1301.62	1704.81	1.685129e-01	784.24	0.184627	0.785529	0.002641	0.000014	0.000012	0.000000	0.027157	0.000000	0.000000	0.000021	0.000000	0.000000	0.000000	877.359576	4.000000	0.000009
997	1.659734	8.145495e+04	1301.62	1704.80	1.685127e-01	784.24	0.184627	0.785529	0.002641	0.000014	0.000012	0.000000	0.027156	0.000000	0.000000	0.000021	0.000000	-0.000000	0.000000	877.359576	4.000000	0.000009
998	1.659734	8.145495e+04	1301.62	1704.80	1.685127e-01	784.24	0.184627	0.785529	0.002641	0.000014	0.000012	0.000000	0.027156	0.000000	0.000000	0.000021	0.000000	-0.000000	0.000000	877.359576	4.000000	0.000009
999	1.659734	8.145495e+04	1301.62	1704.80	1.685127e-01	784.24	0.184627	0.785529	0.002641	0.000014	0.000012	0.000000	0.027156	0.000000	0.000000	0.000021	0.000000	-0.000000	0.000000	877.359576	4.000000	0.000009
1000	1.659734	8.145495e+04	1301.62	1704.80	1.685127e-01	784.24	0.184627	0.785529	0.002641	0.000014	0.000012	0.000000	0.027156	0.000000	0.000000	0.000021	0.000000	-0.000000	0.000000	877.359576	4.000000	0.000009
1001	1.659734	8.145495e+04	1301.62	1704.80	1.685127e-01	784.24	0.184627	0.785529	0.002641	0.000014	0.000012	0.000000	0.027156	0.000000	0.000000	0.000021	0.000000	-0.000000	0.000000	877.359576	4.000000	0.000009
1002	1.659734	8.145495e+04	1301.62	1704.80	1.685127e-01	784.24	0.184627	0.785529	0.002641	0.000014	0.000012	0.000000	0.027156	0.000000	0.000000	0.000021	0.000000	-0.000000	0.000000	877.359576	4.000000	0.000009
1003	1.659734	8.145495e+04	1301.62	1704.80	1.685127e-01	784.24	0.184627	0.785529	0.002641	0.000014	0.000012	0.000000	0.027156	0.000000	0.000000	0.000021	0.000000	-0.000000	0.000000	877.359576	4.000000	0.000009
1004	1.659734	8.145495e+04	1301.62	1704.80	1.685127e-01	784.24	0.184627	0.785529	0.002641	0.000014	0.000012	0.000000	0.027156	0.000000	0.000000	0.000021	0.000000	-0.000000	0.000000	877.359576	4.000000	0.000009
1005	1.659734	8.145495e+04	1301.62	1704.80	1.685127e-01	784.24	0.184627	0.785529	0.002641	0.000014	0.000012	0.000000	0.027156	0.000000	0.000000	0.000021	0.000000	-0.000000	0.000000	877.359576	4.000000	0.000009
1006	1.659734	8.145495e+04	1301.62	1704.80	1.685127e-01	784.24	0.184627	0.785529	0.002641	0.000014	0.000012	0.000000	0.027156	0.000000	0.000000	0.000021	0.000000	-0.000000	0.000000	877.359576	4.000000	0.000009
1007	1.659734	8.145495e+04	1301.62	1704.80	1.685127e-01	784.24	0.184627	0.785529	0.002641	0.000014	0.000012	0.000000	0.027156	0.000000	0.000000	0.000021	0.000000	-0.000000	0.000000	877.359576	4.000000	0.000009
1008	1.659734	8.145495e+04	1301.62	1704.80	1.685127e-01	784.24	0.184627	0.785529	0.002641	0.000014	0.000012	0.000000	0.027156	0.000000	0.000000	0.000021	0.000000	-0.000000	0.000000	877.359576	4.000000	0.000009
1009	1.659734	8.145495e+04	1301.62	1704.80	1.685127e-01	784.24	0.184627	0.785529	0.002641	0.000014	0.000012	0.000000	0.027156	0.000000	0.000000	0.000021	0.000000	-0.000000	0.000000	877.359576	4.000000	0.000009
1010	1.659734	8.145495e+04	1301.62	1704.80	1.685127e-01	784.24	0.184627	0.785529	0.002641	0.000014	0.000012	0.000000	0.027156	0.000000	0.000000	0.000021	0.000000	-0.000000	0.000000	877.359576	4.000000	0.000009
1011	1.659734	8.145495e+04	1301.62	1704.80	1.685127e-01	784.24	0.184627	0.785529	0.002641	0.000014	0.000012	0.000000	0.027156	0.000000	0.000000	0.000021	0.000000	-0.000000	0.000000	877.359576	4.000000	0.000009
1012	1.659734	8.145495e+04	1301.62	1704.80	1.685127e-01	784.24	0.184627	0.785529	0.002641	0.000014	0.000012	0.000000	0.027156	0.000000	0.000000	0.000021	0.000000	-0.000000	0.000000	877.359576	4.000000	0.000009
1013	1.659734	8.145495e+04	1301.62	1704.80	1.685127e-01	784.24	0.184627	0.785529	0.002641	0.000014	0.000012	0.000000	0.027156	0.000000	0.000000	0.000021	0.000000	-0.000000	0.000000	877.359576	4.000000	0.000009
1014	1.659734	8.145495e+04	1301.62	1704.80	1.685127e-01	784.24	0.184627	0.785529	0.002641	0.000014	0.000012	0.000000	0.027156	0.000000	0.000000	0.000021	0.000000	-0.000000	0.000000	877.359576	4.000000	0.000009
1015	1.659734	8.145495e+04	1301.62	1704.80	1.685127e-01	784.24	0.184627	0.785529	0.002641	0.000014	0.000012	0.000000	0.027156	0.000000	0.000000	0.000021	0.000000	-0.000000	0.000000	877.359576	4.000000	0.000009
1016	1.659734	8.145495e+04	1301.62	1704.80	1.685127e-01	784.24	0.184627	0.785529	0.002641	0.000014	0.000012	0.000000	0.027156	0.000000	0.000000	0.000021	0.000000	-0.000000	0.000000	877.359576	4.000000	0.000009
1017	1.659734	8.145495e+04	1301.62	1704.80	1.685127e-01	784.24	0.184627	0.785529	0.002641	0.000014	0.000012	0.000000	0.027156	0.000000	0.000000	0.000021	0.000000	-0.000000	0.000000	877.359589	4.000000	0.000009
1018	1.659729	8.145603e+04	1301.62	1704.80	1.685143e-01	784.23	0.184627	0.785529	0.002641	0.000014	0.000012	0.000000	0.027157	0.000000	0.000000	0.000021	0.000000	0.000000	0.000000	877.359576	4.000000	0.000009
1019	1.655521	8.179036e+04	1300.09	1710.33	1.687118e-01	785.31	0.184284	0.785529	0.002598	0.000014	0.000012	0.000000	0.027541	0.000000	0.000000	0.000021	0.000000	0.000000	0.000000	877.359576	4.000000	0.000009
1020	1.655520	8.179023e+04	1300.09	1710.33	1.687115e-01	785.31	0.184284	0.785529	0.002598	0.000014	0.000012	0.000000	0.027541	0.000000	0.000000	0.000021	0.000000	0.000000	0.000000	877.359576	4.000000	0.000009
1021	1.651118	8.214222e+04	1298.49	1716.13	1.689203e-01	786.43	0.183925	0.785529	0.002553	0.000015	0.000013	0.000000	0.027944	0.000000	0.000000	0.000020	0.000000	0.000000	0.000000	877.359576	4.000000	0.000009
1022	1.651115	8.214250e+04	1298.49	1716.13	1.689206e-01	786.43	0.183925	0.785529	0.002553	0.000015	0.000013	0.000000	0.027944	0.000000	0.000000	0.000020	0.000000	0.000000	0.000000	877.359576	4.000000	0.000009
1023	1.646503	8.251289e+04	1296.80	1722.22	1.691403e-01	787.61	0.183547	0.785529	0.002506	0.000016	0.000014	0.000001	0.028368	0.000000	0.000000	0.000020	0.000000	0.000000	0.000000	877.359576	4.000000	0.000009
1024	1.641653	8.290483e+04	1295.01	1728.65	1.693736e-01	788.85	0.183148	0.785529	0.002456	0.000017	0.000015	0.000001	0.028815	0.000000	0.000000	0.000019	0.000000	0.000000	0.000000	877.359576	4.000000	0.000009
1025	1.641650	8.290490e+04	1295.01	1728.66	1.693734e-01	788.85	0.183148	0.785529	0.002456	0.000017	0.000015	0.000001	0.028815	0.000000	0.000000	0.000019	0.000000	0.000000	0.000000	877.359576	4.000000	0.000009
1026	1.636536	8.332160e+04	1293.11	1735.45	1.696230e-01	790.15	0.182727	0.785529	0.002404	0.000018	0.000016	0.000001	0.029288	0.000000	0.000000	0.000019	0.000000	0.000000	0.000000	877.359576	4.000000	0.000009
1027	1.636535	8.332140e+04	1293.11	1735.45	1.696226e-01	790.15	0.182726	0.785529	0.002404	0.000018	0.000016	0.000001	0.029288	0.000000	0.000000	0.000019	0.000000	0.000000	0.000000	877.359576	4.000000	0.000009
1028	1.631137	8.376256e+04	1291.10	1742.66	1.698856e-01	791.53	0.182279	0.785529	0.002348	0.000019	0.000017	0.000001	0.029789	0.000000	0.000000	0.000018	0.000000	0.000000	0.000000	877.359576	4.000000	0.000009
1029	1.631125	8.376496e+04	1291.09	1742.66	1.698889e-01	791.53	0.182279	0.785529	0.002348	0.000019	0.000017	0.000001	0.029789	0.000000	0.000000	0.000018	0.000000	0.000000	0.000000	877.359576	4.000000	0.000009
1030	1.631132	8.376289e+04	1291.10	1742.67	1.698858e-01	791.54	0.182279	0.785529	0.002348	0.000019	0.000017	0.000001	0.029789	0.000000	0.000000	0.000018	0.000000	0.000000	0.000000	877.359576	4.000000	0.000009
1031	1.631137	8.376256e+04	1291.10	1742.66	1.698856e-01	791.53	0.182279	0.785529	0.002348	0.000019	0.000017	0.000001	0.029789	0.000000	0.000000	0.000018	0.000000	0.000000	0.000000	877.359576	4.000000	0.000009
1032	1.631137	8.376256e+04	1291.10	1742.66	1.698856e-01	791.53	0.182279	0.785529	0.002348	0.000019	0.000017	0.000001	0.029789	0.000000	0.000000	0.000018	0.000000	0.000000	0.000000	877.359576	4.000000	0.000009
1033	1.631137	8.376256e+04	1291.10	1742.66	1.698856e-01	791.53	0.182279	0.785529	0.002348	0.000019	0.000017	0.000001	0.029789	0.000000	0.000000	0.000018	0.000000	0.000000	0.000000	877.359576	4.000000	0.000009
1034	1.631137	8.376257e+04	1291.10	1742.66	1.698856e-01	791.53	0.182279	0.785529	0.002348	0.000019	0.000017	0.000001	0.029789	0.000000	0.000000	0.000018	0.000000	0.000000	0.000000	877.359576	4.000000	0.000009
1035	1.631137	8.376256e+04	1291.10	1742.66	1.698856e-01	791.53	0.182279	0.785529	0.002348	0.000019	0.000017	0.000001	0.029789	0.000000	0.000000	0.000018	0.000000	0.000000	0.000000	877.359576	4.000000	0.000009
1036	1.631137	8.376256e+04	1291.10	1742.66	1.698856e-01	791.53	0.182279	0.785529	0.002348	0.000019	0.000017	0.000001	0.029789	0.000000	0.000000	0.000018	0.000000	0.000000	0.000000	877.359576	4.000000	0.000009
1037	1.631137	8.376256e+04	1291.10	1742.66	1.698856e-01	791.53	0.182279	0.785529	0.002348	0.000019	0.000017	0.000001	0.029789	0.000000	0.000000	0.000018	0.000000	0.000000	0.000000	877.359576	4.000000	0.000009
1038	1.631137	8.376256e+04	1291.10	1742.66	1.698856e-01	791.53	0.182279	0.785529	0.002348	0.000019	0.000017	0.000001	0.029789	0.000000	0.000000	0.000018	0.000000	0.000000	0.000000	877.359576	4.000000	0.000009
1039	1.631137	8.376256e+04	1291.10	1742.66	1.698856e-01	791.53	0.182279	0.785529	0.002348	0.000019	0.000017	0.000001	0.029789	0.000000	0.000000	0.000018	0.000000	0.000000	0.000000	877.359576	4.000000	0.000009
1040	1.631137	8.376256e+04	1291.10	1742.66	1.698856e-01	791.53	0.182279	0.785529	0.002348	0.000019	0.000017	0.000001	0.029789	0.000000	0.000000	0.000018	0.000000	0.000000	0.000000	877.359576	4.000000	0.000009
1041	1.631137	8.376256e+04	1291.10	1742.66	1.698856e-01	791.53	0.182279	0.785529	0.002348	0.000019	0.000017	0.000001	0.029789	0.000000	0.000000	0.000018	0.000000	0.000000	0.000000	877.359576	4.000000	0.000009
1042	1.631137	8.376256e+04	1291.10	1742.66	1.698856e-01	791.53	0.182279	0.785529	0.002348	0.000019	0.000017	0.000001	0.029789	0.000000	0.000000	0.000018	0.000000	0.000000	0.000000	877.359576	4.000000	0.000009
1043	1.631137	8.376256e+04	1291.10	1742.66	1.698856e-01	791.53	0.182279	0.785529	0.002348	0.000019	0.000017	0.000001	0.029789	0.000000	0.000000	0.000018	0.000000	0.000000	0.000000	877.359576	4.000000	0.000009
1044	1.631137	8.376256e+04	1291.10	1742.66	1.698856e-01	791.53	0.182279	0.785529	0.002348	0.000019	0.000017	0.000001	0.029789	0.000000	0.000000	0.000018	0.000000	0.000000	0.000000	877.359576	4.000000	0.000009
1045	1.631137	8.376256e+04	1291.10	1742.66	1.698856e-01	791.53	0.182279	0.785529	0.002348	0.000019	0.000017	0.000001	0.029789	0.000000	0.000000	0.000018	0.000000	0.000000	0.000000	877.359576	4.000000	0.000009
1046	1.631137	8.376256e+04	1291.10	1742.66	1.698856e-01	791.53	0.182279	0.785529	0.002348	0.000019	0.000017	0.000001	0.029789	0.000000	0.000000	0.000018	0.000000	0.000000	0.000000	877.359576	4.000000	0.000009
1047	1.631137	8.376256e+04	1291.10	1742.66	1.698856e-01	791.53	0.182279	0.785529	0.002348	0.000019	0.000017	0.000001	0.029789	0.000000	0.000000	0.000018	0.000000	0.000000	0.000000	877.359576	4.000000	0.000009
1048	1.631137	8.376256e+04	1291.10	1742.66	1.698856e-01	791.53	0.182279	0.785529	0.002348	0.000019	0.000017	0.000001	0.029789	0.000000	0.000000	0.000018	0.000000	0.000000	0.000000	877.359576	4.000000	0.000009
1049	1.631137	8.376256e+04	1291.10	1742.66	1.698856e-01	791.53	0.182279	0.785529	0.002348	0.000019	0.000017	0.000001	0.029789	0.000000	0.000000	0.000018	0.000000	0.000000	0.000000	877.359576	4.000000	0.000009
1050	1.631137	8.376256e+04	1291.10	1742.66	1.698856e-01	791.53	0.182279	0.785529	0.002348	0.000019	0.000017	0.000001	0.029789	0.000000	0.000000	0.000018	0.000000	0.000000	0.000000	877.359576	4.000000	0.000009
1051	1.631137	8.376256e+04	1291.10	1742.66	1.698856e-01	791.53	0.182279	0.785529	0.002348	0.000019	0.000017	0.000001	0.029789	0.000000	0.000000	0.000018	0.000000	0.000000	0.000000	877.359589	4.000000	0.000009
1052	1.631128	8.376389e+04	1291.10	1742.66	1.698872e-01	791.54	0.182279	0.785529	0.002348	0.000019	0.000017	0.000001	0.029789	0.000000	0.000000	0.000018	0.000000	0.000000	0.000000	877.359576	4.000000	0.000009
1053	1.625398	8.423676e+04	1288.94	1750.33	1.701716e-01	793.00	0.181803	0.785529	0.002288	0.000020	0.000018	0.000001	0.030323	0.000000	0.000000	0.000018	0.000000	0.000000	0.000000	877.359576	4.000000	0.000009
1054	1.625395	8.423631e+04	1288.94	1750.34	1.701705e-01	793.00	0.181802	0.785529	0.002288	0.000020	0.000018	0.000001	0.030323	0.000000	0.000000	0.000018	0.000000	0.000000	0.000000	877.359576	4.000000	0.000009
1055	1.619289	8.474444e+04	1286.63	1758.53	1.704777e-01	794.56	0.181293	0.785529	0.002225	0.000022	0.000020	0.000001	0.030893	0.000000	0.000000	0.000017	0.000000	0.000000	0.000000	877.359576	4.000000	0.000009
1056	1.619281	8.474535e+04	1286.62	1758.54	1.704785e-01	794.56	0.181293	0.785529	0.002225	0.000022	0.000020	0.000001	0.030894	0.000000	0.000000	0.000017	0.000000	0.000000	0.000000	877.359576	4.000000	0.000009
1057	1.621674	8.454565e+04	1287.53	1755.33	1.703576e-01	793.95	0.181493	0.785529	0.002250	0.000021	0.000019	0.000001	0.030670	0.000000	0.000000	0.000018	0.000000	0.000000	0.000000	877.359576	4.000000	0.000009
1058	1.621672	8.454586e+04	1287.53	1755.33	1.703578e-01	793.95	0.181492	0.785529	0.002250	0.000021	0.000019	0.000001	0.030671	0.000000	0.000000	0.000018	0.000000	0.000000	0.000000	877.359576	4.000000	0.000009
1059	1.617801	8.486843e+04	1286.06	1760.54	1.705523e-01	794.94	0.181169	0.785529	0.002209	0.000022	0.000020	0.000001	0.031033	0.000000	0.000000	0.000017	0.000000	0.000000	0.000000	877.359576	4.000000	0.000009
1060	1.613763	8.520659e+04	1284.52	1765.99	1.707567e-01	795.98	0.180830	0.785529	0.002167	0.000023	0.000021	0.000001	0.031412	0.000000	0.000000	0.000017	0.000000	0.000000	0.000000	877.359576	4.000000	0.000009
1061	1.609540	8.556275e+04	1282.89	1771.69	1.709732e-01	797.06	0.180475	0.785529	0.002123	0.000024	0.000022	0.000001	0.031809	0.000000	0.000000	0.000017	0.000000	0.000000	0.000000	877.359576	4.000000	0.000009
1062	1.605123	8.593610e+04	1281.19	1777.68	1.711993e-01	798.19	0.180102	0.785529	0.002077	0.000026	0.000024	0.000001	0.032226	0.000000	0.000000	0.000016	0.000000	0.000000	0.000000	877.359576	4.000000	0.000009
1063	1.605117	8.593728e+04	1281.19	1777.68	1.712009e-01	798.19	0.180102	0.785529	0.002077	0.000026	0.000024	0.000001	0.032226	0.000000	0.000000	0.000016	0.000000	0.000000	0.000000	877.359576	4.000000	0.000009
1064	1.600481	8.633158e+04	1279.39	1783.99	1.714404e-01	799.38	0.179710	0.785529	0.002028	0.000027	0.000025	0.000001	0.032664	0.000000	0.000000	0.000016	0.000000	0.000000	0.000000	877.359576	4.000000	0.000009
1065	1.600479	8.633204e+04	1279.39	1783.99	1.714411e-01	799.38	0.179710	0.785529	0.002028	0.000027	0.000025	0.000001	0.032665	0.000000	0.000000	0.000016	0.000000	0.000000	0.000000	877.359576	4.000000	0.000009
1066	1.600480	8.633138e+04	1279.39	1783.99	1.714400e-01	799.38	0.179710	0.785529	0.002028	0.000027	0.000025	0.000001	0.032665	0.000000	0.000000	0.000016	0.000000	0.000000	0.000000	877.359576	4.000000	0.000009
1067	1.600481	8.633158e+04	1279.39	1783.99	1.714404e-01	799.38	0.179710	0.785529	0.002028	0.000027	0.000025	0.000001	0.032664	0.000000	0.000000	0.000016	0.000000	0.000000	0.000000	877.359576	4.000000	0.000009
1068	1.600481	8.633158e+04	1279.39	1783.99	1.714404e-01	799.38	0.179710	0.785529	0.002028	0.000027	0.000025	0.000001	0.032664	0.000000	0.000000	0.000016	0.000000	0.000000	0.000000	877.359576	4.000000	0.000009
1069	1.600481	8.633158e+04	1279.39	1783.99	1.714404e-01	799.38	0.179710	0.785529	0.002028	0.000027	0.000025	0.000001	0.032664	0.000000	0.000000	0.000016	0.000000	0.000000	0.000000	877.359576	4.000000	0.000009
1070	1.600481	8.633158e+04	1279.39	1783.99	1.714404e-01	799.38	0.179710	0.785529	0.002028	0.000027	0.000025	0.000001	0.032664	0.000000	0.000000	0.000016	0.000000	0.000000	0.000000	877.359576	4.000000	0.000009
1071	1.600481	8.633158e+04	1279.39	1783.99	1.714404e-01	799.38	0.179710	0.785529	0.002028	0.000027	0.000025	0.000001	0.032664	0.000000	0.000000	0.000016	0.000000	0.000000	0.000000	877.359576	4.000000	0.000009
1072	1.600481	8.633158e+04	1279.39	1783.99	1.714404e-01	799.38	0.179710	0.785529	0.002028	0.000027	0.000025	0.000001	0.032664	0.000000	0.000000	0.000016	0.000000	0.000000	0.000000	877.359576	4.000000	0.000009
1073	1.600481	8.633158e+04	1279.39	1783.99	1.714404e-01	799.38	0.179710	0.785529	0.002028	0.000027	0.000025	0.000001	0.032664	0.000000	0.000000	0.000016	0.000000	0.000000	0.000000	877.359576	4.000000	0.000009
1074	1.600481	8.633158e+04	1279.39	1783.99	1.714404e-01	799.38	0.179710	0.785529	0.002028	0.000027	0.000025	0.000001	0.032664	0.000000	0.000000	0.000016	0.000000	0.000000	0.000000	877.359576	4.000000	0.000009
1075	1.600481	8.633158e+04	1279.39	1783.99	1.714404e-01	799.38	0.179710	0.785529	0.002028	0.000027	0.000025	0.000001	0.032664	0.000000	0.000000	0.000016	0.000000	0.000000	0.000000	877.359576	4.000000	0.000009
1076	1.600481	8.633158e+04	1279.39	1783.99	1.714404e-01	799.38	0.179710	0.785529	0.002028	0.000027	0.000025	0.000001	0.032664	0.000000	0.000000	0.000016	0.000000	0.000000	0.000000	877.359576	4.000000	0.000009
1077	1.600481	8.633158e+04	1279.39	1783.99	1.714404e-01	799.38	0.179710	0.785529	0.002028	0.000027	0.000025	0.000001	0.032664	0.000000	0.000000	0.000016	0.000000	0.000000	0.000000	877.359576	4.000000	0.000009
1078	1.600481	8.633158e+04	1279.39	1783.99	1.714404e-01	799.38	0.179710	0.785529	0.002028	0.000027	0.000025	0.000001	0.032664	0.000000	0.000000	0.000016	0.000000	0.000000	0.000000	877.359576	4.000000	0.000009
1079	1.600481	8.633158e+04	1279.39	1783.99	1.714404e-01	799.38	0.179710	0.785529	0.002028	0.000027	0.000025	0.000001	0.032664	0.000000	0.000000	0.000016	0.000000	0.000000	0.000000	877.359576	4.000000	0.000009
1080	1.600481	8.633158e+04	1279.39	1783.99	1.714404e-01	799.38	0.179710	0.785529	0.002028	0.000027	0.000025	0.000001	0.032664	0.000000	0.000000	0.000016	0.000000	0.000000	0.000000	877.359576	4.000000	0.000009
1081	1.600481	8.633158e+04	1279.39	1783.99	1.714404e-01	799.38	0.179710	0.785529	0.002028	0.000027	0.000025	0.000001	0.032664	0.000000	0.000000	0.000016	0.000000	0.000000	0.000000	877.359576	4.000000	0.000009
1082	1.600481	8.633158e+04	1279.39	1783.99	1.714404e-01	799.38	0.179710	0.785529	0.002028	0.000027	0.000025	0.000001	0.032664	0.000000	0.000000	0.000016	0.000000	0.000000	0.000000	877.359576	4.000000	0.000009
1083	1.600481	8.633158e+04	1279.39	1783.99	1.714404e-01	799.38	0.179710	0.785529	0.002028	0.000027	0.000025	0.000001	0.032664	0.000000	0.000000	0.000016	0.000000	0.000000	0.000000	877.359576	4.000000	0.000009
1084	1.600481	8.633158e+04	1279.39	1783.99	1.714404e-01	799.38	0.179710	0.785529	0.002028	0.000027	0.000025	0.000001	0.032664	0.000000	0.000000	0.000016	0.000000	0.000000	0.000000	877.359576	4.000000	0.000009
1085	1.600481	8.633158e+04	1279.39	1783.99	1.714404e-01	799.38	0.179710	0.785529	0.002028	0.000027	0.000025	0.000001	0.032664	0.000000	0.000000	0.000016	0.000000	0.000000	0.000000	877.359576	4.000000	0.000009
1086	1.600481	8.633158e+04	1279.39	1783.99	1.714404e-01	799.38	0.179710	0.785529	0.002028	0.000027	0.000025	0.000001	0.032664	0.000000	0.000000	0.000016	0.000000	0.000000	0.000000	877.359576	4.000000	0.000009
1087	1.600481	8.633158e+04	1279.39	1783.99	1.714404e-01	799.38	0.179710	0.785529	0.002028	0.000027	0.000025	0.000001	0.032664	0.000000	0.000000	0.000016	0.000000	0.000000	0.000000	877.359589	4.000000	0.000009
1088	1.600478	8.633203e+04	1279.39	1783.99	1.714410e-01	799.38	0.179710	0.785529	0.002028	0.000027	0.000025	0.000001	0.032665	0.000000	0.000000	0.000016	0.000000	0.000000	0.000000	877.359576	4.000000	0.000009
1089	1.595597	8.675076e+04	1277.48	1790.64	1.716974e-01	800.63	0.179296	0.785529	0.001976	0.000029	0.000027	0.000001	0.033127	0.000000	0.000000	0.000016	0.000000	0.000000	0.000000	877.359576	4.000000	0.000009
1090	1.595596	8.675040e+04	1277.48	1790.65	1.716967e-01	800.63	0.179295	0.785529	0.001976	0.000029	0.000027	0.000001	0.033128	0.000000	0.000000	0.000016	0.000000	0.000000	0.000000	877.359576	4.000000	0.000009
1091	1.590446	8.719507e+04	1275.45	1797.68	1.719699e-01	801.95	0.178857	0.785529	0.001922	0.000031	0.000028	0.000001	0.033617	0.000000	0.000000	0.000015	0.000000	0.000000	0.000000	877.359576	4.000000	0.000009
1092	1.590442	8.719556e+04	1275.45	1797.68	1.719704e-01	801.95	0.178857	0.785529	0.001922	0.000031	0.000028	0.000001	0.033617	0.000000	0.000000	0.000015	0.000000	0.000000	0.000000	877.359576	4.000000	0.000009
1093	1.584997	8.766812e+04	1273.30	1805.15	1.722608e-01	803.34	0.178391	0.785529	0.001864	0.000034	0.000030	0.000001	0.034137	0.000000	0.000000	0.000015	0.000000	0.000000	0.000000	877.359576	4.000000	0.000009
1094	1.584994	8.766843e+04	1273.29	1805.15	1.722610e-01	803.34	0.178391	0.785529	0.001864	0.000034	0.000030	0.000001	0.034137	0.000000	0.000000	0.000015	0.000000	0.000000	0.000000	877.359576	4.000000	0.000009
1095	1.579211	8.817469e+04	1270.99	1813.09	1.725741e-01	804.82	0.177895	0.785529	0.001802	0.000036	0.000032	0.000001	0.034690	0.000000	0.000000	0.000015	0.000000	0.000000	0.000000	877.359576	4.000000	0.000009
1096	1.579211	8.817429e+04	1270.99	1813.10	1.725734e-01	804.82	0.177895	0.785529	0.001802	0.000036	0.000032	0.000001	0.034690	0.000000	0.000000	0.000015	0.000000	0.000000	0.000000	877.359576	4.000000	0.000009
1097	1.579205	8.817526e+04	1270.98	1813.10	1.725745e-01	804.82	0.177895	0.785529	0.001802	0.000036	0.000032	0.000001	0.034690	0.000000	0.000000	0.000015	0.000000	0.000000	0.000000	877.359576	4.000000	0.000009
1098	1.581341	8.798789e+04	1271.84	1810.16	1.724585e-01	804.28	0.178078	0.785529	0.001825	0.000035	0.000032	0.000001	0.034486	0.000000	0.000000	0.000015	0.000000	0.000000	0.000000	877.359576	4.000000	0.000009
1099	1.581340	8.798783e+04	1271.84	1810.17	1.724584e-01	804.28	0.178078	0.785529	0.001825	0.000035	0.000032	0.000001	0.034486	0.000000	0.000000	0.000015	0.000000	0.000000	0.000000	877.359576	4.000000	0.000009
1100	1.577542	8.832151e+04	1270.32	1815.39	1.726650e-01	805.25	0.177752	0.785529	0.001784	0.000037	0.000033	0.000001	0.034850	0.000000	0.000000	0.000014	0.000000	0.000000	0.000000	877.359576	4.000000	0.000009
1101	1.573585	8.867065e+04	1268.72	1820.85	1.728817e-01	806.26	0.177411	0.785529	0.001742	0.000039	0.000035	0.000001	0.035230	0.000000	0.000000	0.000014	0.000000	0.000000	0.000000	877.359576	4.000000	0.000009
1102	1.569463	8.903561e+04	1267.06	1826.55	1.731079e-01	807.32	0.177054	0.785529	0.001698	0.000042	0.000036	0.000001	0.035627	0.000000	0.000000	0.000014	0.000000	0.000000	0.000000	877.359576	4.000000	0.000009
1103	1.569455	8.903731e+04	1267.05	1826.55	1.731102e-01	807.32	0.177054	0.785529	0.001698	0.000042	0.000036	0.000001	0.035627	0.000000	0.000000	0.000014	0.000000	0.000000	0.000000	877.359576	4.000000	0.000009
1104	1.569461	8.903586e+04	1267.06	1826.56	1.731081e-01	807.32	0.177054	0.785529	0.001698	0.000042	0.000036	0.000001	0.035627	0.000000	0.000000	0.000014	0.000000	0.000000	0.000000	877.359576	4.000000	0.000009
1105	1.569463	8.903561e+04	1267.06	1826.55	1.731079e-01	807.32	0.177054	0.785529	0.001698	0.000042	0.000036	0.000001	0.035627	0.000000	0.000000	0.000014	0.000000	0.000000	0.000000	877.359576	4.000000	0.000009
1106	1.569463	8.903561e+04	1267.06	1826.55	1.731079e-01	807.32	0.177054	0.785529	0.001698	0.000042	0.000036	0.000001	0.035627	0.000000	0.000000	0.000014	0.000000	0.000000	0.000000	877.359576	4.000000	0.000009
1107	1.569463	8.903561e+04	1267.06	1826.55	1.731079e-01	807.32	0.177054	0.785529	0.001698	0.000042	0.000036	0.000001	0.035627	0.000000	0.000000	0.000014	0.000000	0.000000	0.000000	877.359576	4.000000	0.000009
1108	1.569463	8.903561e+04	1267.06	1826.55	1.731079e-01	807.32	0.177054	0.785529	0.001698	0.000042	0.000036	0.000001	0.035627	0.000000	0.000000	0.000014	0.000000	0.000000	0.000000	877.359576	4.000000	0.000009
1109	1.569463	8.903561e+04	1267.06	1826.55	1.731079e-01	807.32	0.177054	0.785529	0.001698	0.000042	0.000036	0.000001	0.035627	0.000000	0.000000	0.000014	0.000000	0.000000	0.000000	877.359576	4.000000	0.000009
1110	1.569463	8.903561e+04	1267.06	1826.55	1.731079e-01	807.32	0.177054	0.785529	0.001698	0.000042	0.000036	0.000001	0.035627	0.000000	0.000000	0.000014	0.000000	0.000000	0.000000	877.359576	4.000000	0.000009
1111	1.569463	8.903561e+04	1267.06	1826.55	1.731079e-01	807.32	0.177054	0.785529	0.001698	0.000042	0.000036	0.000001	0.035627	0.000000	0.000000	0.000014	0.000000	0.000000	0.000000	877.359576	4.000000	0.000009
1112	1.569463	8.903561e+04	1267.06	1826.55	1.731079e-01	807.32	0.177054	0.785529	0.001698	0.000042	0.000036	0.000001	0.035627	0.000000	0.000000	0.000014	0.000000	0.000000	0.000000	877.359576	4.000000	0.000009
1113	1.569463	8.903561e+04	1267.06	1826.55	1.731079e-01	807.32	0.177054	0.785529	0.001698	0.000042	0.000036	0.000001	0.035627	0.000000	0.000000	0.000014	0.000000	0.000000	0.000000	877.359576	4.000000	0.000009
1114	1.569463	8.903561e+04	1267.06	1826.55	1.731079e-01	807.32	0.177054	0.785529	0.001698	0.000042	0.000036	0.000001	0.035627	0.000000	0.000000	0.000014	0.000000	0.000000	0.000000	877.359576	4.000000	0.000009
1115	1.569463	8.903561e+04	1267.06	1826.55	1.731079e-01	807.32	0.177054	0.785529	0.001698	0.000042	0.000036	0.000001	0.035627	0.000000	0.000000	0.000014	0.000000	0.000000	0.000000	877.359576	4.000000	0.000009
1116	1.569463	8.903561e+04	1267.06	1826.55	1.731079e-01	807.32	0.177054	0.785529	0.001698	0.000042	0.000036	0.000001	0.035627	0.000000	0.000000	0.000014	0.000000	0.000000	0.000000	877.359576	4.000000	0.000009
1117	1.569463	8.903561e+04	1267.06	1826.55	1.731079e-01	807.32	0.177054	0.785529	0.001698	0.000042	0.000036	0.000001	0.035627	0.000000	0.000000	0.000014	0.000000	0.000000	0.000000	877.359576	4.000000	0.000009
1118	1.569463	8.903561e+04	1267.06	1826.55	1.731079e-01	807.32	0.177054	0.785529	0.001698	0.000042	0.000036	0.000001	0.035627	0.000000	0.000000	0.000014	0.000000	0.000000	0.000000	877.359576	4.000000	0.000009
1119	1.569463	8.903561e+04	1267.06	1826.55	1.731079e-01	807.32	0.177054	0.785529	0.001698	0.000042	0.000036	0.000001	0.035627	0.000000	0.000000	0.000014	0.000000	0.000000	0.000000	877.359576	4.000000	0.000009
1120	1.569463	8.903561e+04	1267.06	1826.55	1.731079e-01	807.32	0.177054	0.785529	0.001698	0.000042	0.000036	0.000001	0.035627	0.000000	0.000000	0.000014	0.000000	0.000000	0.000000	877.359576	4.000000	0.000009
1121	1.569463	8.903561e+04	1267.06	1826.55	1.731079e-01	807.32	0.177054	0.785529	0.001698	0.000042	0.000036	0.000001	0.035627	0.000000	0.000000	0.000014	0.000000	0.000000	0.000000	877.359576	4.000000	0.000009
1122	1.569463	8.903561e+04	1267.06	1826.55	1.731079e-01	807.32	0.177054	0.785529	0.001698	0.000042	0.000036	0.000001	0.035627	0.000000	0.000000	0.000014	0.000000	0.000000	0.000000	877.359576	4.000000	0.000009
1123	1.569463	8.903561e+04	1267.06	1826.55	1.731079e-01	807.32	0.177054	0.785529	0.001698	0.000042	0.000036	0.000001	0.035627	0.000000	0.000000	0.000014	0.000000	0.000000	0.000000	877.359576	4.000000	0.000009
1124	1.569463	8.903561e+04	1267.06	1826.55	1.731079e-01	807.32	0.177054	0.785529	0.001698	0.000042	0.000036	0.000001	0.035627	0.000000	0.000000	0.000014	0.000000	0.000000	0.000000	877.359576	4.000000	0.000009
1125	1.569463	8.903561e+04	1267.06	1826.55	1.731079e-01	807.32	0.177054	0.785529	0.001698	0.000042	0.000036	0.000001	0.035627	0.000000	0.000000	0.000014	0.000000	0.000000	0.000000	877.359589	4.000000	0.000009
1126	1.569459	8.903646e+04	1267.06	1826.55	1.731089e-01	807.32	0.177054	0.785529	0.001698	0.000042	0.000036	0.000001	0.035627	0.000000	0.000000	0.000014	0.000000	0.000000	0.000000	877.359576	4.000000	0.000009
1127	1.565146	8.942128e+04	1265.30	1832.53	1.733492e-01	808.42	0.176680	0.785529	0.001651	0.000044	0.000038	0.000001	0.036043	0.000000	0.000000	0.000014	0.000000	0.000000	0.000000	877.359576	4.000000	0.000009
1128	1.565147	8.942080e+04	1265.30	1832.53	1.733485e-01	808.43	0.176680	0.785529	0.001651	0.000044	0.000038	0.000001	0.036043	0.000000	0.000000	0.000014	0.000000	0.000000	0.000000	877.359576	4.000000	0.000009
1129	1.560633	8.982591e+04	1263.46	1838.79	1.736021e-01	809.58	0.176288	0.785529	0.001603	0.000047	0.000040	0.000001	0.036479	0.000000	0.000000	0.000013	0.000000	0.000000	0.000000	877.359576	4.000000	0.000009
1130	1.560631	8.982617e+04	1263.46	1838.79	1.736024e-01	809.58	0.176288	0.785529	0.001603	0.000047	0.000040	0.000001	0.036479	0.000000	0.000000	0.000013	0.000000	0.000000	0.000000	877.359576	4.000000	0.000009
1131	1.555901	9.025275e+04	1261.51	1845.38	1.738698e-01	810.79	0.175875	0.785529	0.001552	0.000051	0.000043	0.000001	0.036937	0.000000	0.000000	0.000013	0.000000	0.000000	0.000000	877.359576	4.000000	0.000009
1132	1.550936	9.070319e+04	1259.46	1852.31	1.741529e-01	812.06	0.175440	0.785529	0.001498	0.000055	0.000045	0.000001	0.037420	0.000000	0.000000	0.000013	0.000000	0.000000	0.000000	877.359576	4.000000	0.000009
1133	1.550931	9.070387e+04	1259.46	1852.31	1.741535e-01	812.06	0.175440	0.785529	0.001498	0.000055	0.000045	0.000001	0.037420	0.000000	0.000000	0.000013	0.000000	0.000000	0.000000	877.359576	4.000000	0.000009
1134	1.545696	9.118283e+04	1257.27	1859.62	1.744565e-01	813.40	0.174981	0.785529	0.001441	0.000059	0.000048	0.000001	0.037929	0.000000	0.000000	0.000012	0.000000	0.000000	0.000000	877.359576	4.000000	0.000009
1135	1.545703	9.118148e+04	1257.28	1859.62	1.744550e-01	813.40	0.174981	0.785529	0.001441	0.000059	0.000048	0.000001	0.037929	0.000000	0.000000	0.000012	0.000000	0.000000	0.000000	877.359576	4.000000	0.000009
1136	1.545696	9.118239e+04	1257.27	1859.63	1.744558e-01	813.40	0.174981	0.785529	0.001441	0.000059	0.000048	0.000001	0.037929	0.000000	0.000000	0.000012	0.000000	0.000000	0.000000	877.359576	4.000000	0.000009
1137	1.540180	9.169066e+04	1254.96	1867.35	1.747787e-01	814.81	0.174495	0.785529	0.001381	0.000065	0.000051	0.000001	0.038467	0.000000	0.000000	0.000012	0.000000	0.000000	0.000000	877.359576	4.000000	0.000009
1138	1.540185	9.168940e+04	1254.96	1867.35	1.747769e-01	814.81	0.174494	0.785529	0.001381	0.000065	0.000051	0.000001	0.038467	0.000000	0.000000	0.000012	0.000000	0.000000	0.000000	877.359576	4.000000	0.000009
1139	1.540174	9.169154e+04	1254.95	1867.35	1.747797e-01	814.81	0.174494	0.785529	0.001381	0.000065	0.000051	0.000001	0.038467	0.000000	0.000000	0.000012	0.000000	0.000000	0.000000	877.359576	4.000000	0.000009
1140	1.540180	9.169066e+04	1254.96	1867.35	1.747787e-01	814.81	0.174495	0.785529	0.001381	0.000065	0.000051	0.000001	0.038467	0.000000	0.000000	0.000012	0.000000	0.000000	0.000000	877.359576	4.000000	0.000009
1141	1.540180	9.169066e+04	1254.96	1867.35	1.747788e-01	814.81	0.174495	0.785529	0.001381	0.000065	0.000051	0.000001	0.038467	0.000000	0.000000	0.000012	0.000000	0.000000	0.000000	877.359576	4.000000	0.000009
1142	1.540180	9.169066e+04	1254.96	1867.35	1.747787e-01	814.81	0.174495	0.785529	0.001381	0.000065	0.000051	0.000001	0.038467	0.000000	0.000000	0.000012	0.000000	0.000000	0.000000	877.359576	4.000000	0.000009
1143	1.540180	9.169066e+04	1254.96	1867.35	1.747787e-01	814.81	0.174495	0.785529	0.001381	0.000065	0.000051	0.000001	0.038467	0.000000	0.000000	0.000012	0.000000	0.000000	0.000000	877.359576	4.000000	0.000009
1144	1.540180	9.169066e+04	1254.96	1867.35	1.747787e-01	814.81	0.174495	0.785529	0.001381	0.000065	0.000051	0.000001	0.038467	0.000000	0.000000	0.000012	0.000000	0.000000	0.000000	877.359576	4.000000	0.000009
1145	1.540180	9.169066e+04	1254.96	1867.35	1.747787e-01	814.81	0.174495	0.785529	0.001381	0.000065	0.000051	0.000001	0.038467	0.000000	0.000000	0.000012	0.000000	0.000000	0.000000	877.359576	4.000000	0.000009
1146	1.540180	9.169066e+04	1254.96	1867.35	1.747787e-01	814.81	0.174495	0.785529	0.001381	0.000065	0.000051	0.000001	0.038467	0.000000	0.000000	0.000012	0.000000	0.000000	0.000000	877.359576	4.000000	0.000009
1147	1.540180	9.169066e+04	1254.96	1867.35	1.747787e-01	814.81	0.174495	0.785529	0.001381	0.000065	0.000051	0.000001	0.038467	0.000000	0.000000	0.000012	0.000000	0.000000	0.000000	877.359576	4.000000	0.000009
1148	1.540180	9.169066e+04	1254.96	1867.35	1.747787e-01	814.81	0.174495	0.785529	0.001381	0.000065	0.000051	0.000001	0.038467	0.000000	0.000000	0.000012	0.000000	0.000000	0.000000	877.359576	4.000000	0.000009
1149	1.540180	9.169066e+04	1254.96	1867.35	1.747787e-01	814.81	0.174495	0.785529	0.001381	0.000065	0.000051	0.000001	0.038467	0.000000	0.000000	0.000012	0.000000	0.000000	0.000000	877.359576	4.000000	0.000009
1150	1.540180	9.169066e+04	1254.96	1867.35	1.747787e-01	814.81	0.174495	0.785529	0.001381	0.000065	0.000051	0.000001	0.038467	0.000000	0.000000	0.000012	0.000000	0.000000	0.000000	877.359576	4.000000	0.000009
1151	1.540180	9.169066e+04	1254.96	1867.35	1.747787e-01	814.81	0.174495	0.785529	0.001381	0.000065	0.000051	0.000001	0.038467	0.000000	0.000000	0.000012	0.000000	0.000000	0.000000	877.359576	4.000000	0.000009
1152	1.540180	9.169066e+04	1254.96	1867.35	1.747787e-01	814.81	0.174495	0.785529	0.001381	0.000065	0.000051	0.000001	0.038467	0.000000	0.000000	0.000012	0.000000	0.000000	0.000000	877.359576	4.000000	0.000009
1153	1.540180	9.169066e+04	1254.96	1867.35	1.747787e-01	814.81	0.174495	0.785529	0.001381	0.000065	0.000051	0.000001	0.038467	0.000000	0.000000	0.000012	0.000000	0.000000	0.000000	877.359576	4.000000	0.000009
1154	1.540180	9.169066e+04	1254.96	1867.35	1.747787e-01	814.81	0.174495	0.785529	0.001381	0.000065	0.000051	0.000001	0.038467	0.000000	0.000000	0.000012	0.000000	0.000000	0.000000	877.359576	4.000000	0.000009
1155	1.540180	9.169066e+04	1254.96	1867.35	1.747787e-01	814.81	0.174495	0.785529	0.001381	0.000065	0.000051	0.000001	0.038467	0.000000	0.000000	0.000012	0.000000	0.000000	0.000000	877.359576	4.000000	0.000009
1156	1.540180	9.169066e+04	1254.96	1867.35	1.747787e-01	814.81	0.174495	0.785529	0.001381	0.000065	0.000051	0.000001	0.038467	0.000000	0.000000	0.000012	0.000000	0.000000	0.000000	877.359576	4.000000	0.000009
1157	1.540180	9.169066e+04	1254.96	1867.35	1.747787e-01	814.81	0.174495	0.785529	0.001381	0.000065	0.000051	0.000001	0.038467	0.000000	0.000000	0.000012	0.000000	0.000000	0.000000	877.359576	4.000000	0.000009
1158	1.540180	9.169066e+04	1254.96	1867.35	1.747787e-01	814.81	0.174495	0.785529	0.001381	0.000065	0.000051	0.000001	0.038467	0.000000	0.000000	0.000012	0.000000	0.000000	0.000000	877.359576	4.000000	0.000009
1159	1.540180	9.169066e+04	1254.96	1867.35	1.747787e-01	814.81	0.174495	0.785529	0.001381	0.000065	0.000051	0.000001	0.038467	0.000000	0.000000	0.000012	0.000000	0.000000	0.000000	877.359576	4.000000	0.000009
1160	1.540180	9.169066e+04	1254.96	1867.35	1.747787e-01	814.81	0.174495	0.785529	0.001381	0.000065	0.000051	0.000001	0.038467	0.000000	0.000000	0.000012	0.000000	0.000000	0.000000	877.359589	4.000000	0.000009
1161	1.540179	9.169052e+04	1254.96	1867.35	1.747783e-01	814.81	0.174494	0.785529	0.001381	0.000065	0.000051	0.000001	0.038467	0.000000	0.000000	0.000012	0.000000	0.000000	0.000000	877.359576	4.000000	0.000009
1162	1.534356	9.223013e+04	1252.50	1875.54	1.751213e-01	816.30	0.173979	0.785529	0.001317	0.000071	0.000055	0.000001	0.039037	0.000000	0.000000	0.000012	0.000000	0.000000	0.000000	877.359576	4.000000	0.000009
1163	1.534352	9.223086e+04	1252.49	1875.54	1.751223e-01	816.30	0.173978	0.785529	0.001317	0.000071	0.000055	0.000001	0.039038	0.000000	0.000000	0.000012	0.000000	0.000000	0.000000	877.359576	4.000000	0.000009
1164	1.536875	9.199624e+04	1253.56	1871.99	1.749726e-01	815.66	0.174202	0.785529	0.001345	0.000068	0.000053	0.000001	0.038791	0.000000	0.000000	0.000012	0.000000	0.000000	0.000000	877.359576	4.000000	0.000009
1165	1.536874	9.199643e+04	1253.56	1872.00	1.749728e-01	815.66	0.174202	0.785529	0.001345	0.000068	0.000053	0.000001	0.038791	0.000000	0.000000	0.000012	0.000000	0.000000	0.000000	877.359576	4.000000	0.000009
1166	1.533462	9.231354e+04	1252.12	1876.79	1.751748e-01	816.53	0.173899	0.785529	0.001307	0.000072	0.000055	0.000001	0.039125	0.000000	0.000000	0.000012	0.000000	0.000000	0.000000	877.359576	4.000000	0.000009
1167	1.529939	9.264235e+04	1250.62	1881.76	1.753845e-01	817.43	0.173586	0.785529	0.001269	0.000076	0.000058	0.000001	0.039470	0.000000	0.000000	0.000011	0.000000	0.000000	0.000000	877.359576	4.000000	0.000009
1168	1.526292	9.298492e+04	1249.06	1886.90	1.756045e-01	818.36	0.173261	0.785529	0.001229	0.000081	0.000060	0.000001	0.039828	0.000000	0.000000	0.000011	0.000000	0.000000	0.000000	877.359576	4.000000	0.000009
1169	1.526295	9.298416e+04	1249.06	1886.90	1.756034e-01	818.36	0.173261	0.785529	0.001229	0.000081	0.000060	0.000001	0.039828	0.000000	0.000000	0.000011	0.000000	0.000000	0.000000	877.359576	4.000000	0.000009
1170	1.522524	9.333995e+04	1247.44	1892.22	1.758322e-01	819.32	0.172924	0.785529	0.001187	0.000086	0.000063	0.000001	0.040199	0.000000	0.000000	0.000011	0.000000	0.000000	0.000000	877.359576	4.000000	0.000009
1171	1.522524	9.334013e+04	1247.44	1892.22	1.758325e-01	819.32	0.172924	0.785529	0.001187	0.000086	0.000063	0.000001	0.040199	0.000000	0.000000	0.000011	0.000000	0.000000	0.000000	877.359576	4.000000	0.000009
1172	1.518631	9.370840e+04	1245.76	1897.74	1.760687e-01	820.32	0.172575	0.785529	0.001144	0.000092	0.000066	0.000001	0.040583	0.000000	0.000000	0.000011	0.000000	0.000000	0.000000	877.359576	4.000000	0.000009
1173	1.518628	9.370894e+04	1245.75	1897.74	1.760695e-01	820.32	0.172575	0.785529	0.001144	0.000092	0.000066	0.000001	0.040583	0.000000	0.000000	0.000011	0.000000	0.000000	0.000000	877.359576	4.000000	0.000009
1174	1.514596	9.409278e+04	1244.00	1903.45	1.763171e-01	821.34	0.172212	0.785529	0.001099	0.000099	0.000069	0.000001	0.040982	0.000000	0.000000	0.000011	0.000000	0.000000	0.000000	877.359576	4.000000	0.000009
1175	1.510436	9.449003e+04	1242.19	1909.37	1.765730e-01	822.41	0.171835	0.785529	0.001053	0.000106	0.000072	0.000001	0.041394	0.000000	0.000000	0.000010	0.000000	0.000000	0.000000	877.359576	4.000000	0.000009
1176	1.511971	9.434318e+04	1242.86	1907.19	1.764783e-01	822.02	0.171974	0.785529	0.001070	0.000103	0.000071	0.000001	0.041242	0.000000	0.000000	0.000010	0.000000	0.000000	0.000000	877.359576	4.000000	0.000009
1177	1.511965	9.434421e+04	1242.86	1907.19	1.764796e-01	822.02	0.171974	0.785529	0.001070	0.000103	0.000071	0.000001	0.041242	0.000000	0.000000	0.000010	0.000000	0.000000	0.000000	877.359576	4.000000	0.000009
1178	1.509277	9.460190e+04	1241.68	1911.01	1.766462e-01	822.70	0.171730	0.785529	0.001040	0.000109	0.000073	0.000001	0.041508	0.000000	0.000000	0.000010	0.000000	0.000000	0.000000	877.359576	4.000000	0.000009
1179	1.509284	9.460064e+04	1241.69	1911.01	1.766447e-01	822.70	0.171730	0.785529	0.001040	0.000109	0.000073	0.000001	0.041508	0.000000	0.000000	0.000010	0.000000	0.000000	0.000000	877.359576	4.000000	0.000009
1180	1.509277	9.460190e+04	1241.68	1911.01	1.766462e-01	822.70	0.171730	0.785529	0.001040	0.000109	0.000073	0.000001	0.041508	0.000000	0.000000	0.000010	0.000000	0.000000	0.000000	877.359576	4.000000	0.000009
1181	1.506529	9.486644e+04	1240.48	1914.92	1.768180e-01	823.40	0.171481	0.785529	0.001010	0.000114	0.000075	0.000001	0.041781	0.000000	0.000000	0.000010	0.000000	0.000000	0.000000	877.359576	4.000000	0.000009
1182	1.503711	9.513953e+04	1239.23	1918.92	1.769965e-01	824.12	0.171225	0.785529	0.000978	0.000120	0.000077	0.000001	0.042059	0.000000	0.000000	0.000010	0.000000	0.000000	0.000000	877.359576	4.000000	0.000009
1183	1.503717	9.513878e+04	1239.24	1918.92	1.769959e-01	824.11	0.171225	0.785529	0.000978	0.000120	0.000078	0.000001	0.042059	0.000000	0.000000	0.000010	0.000000	0.000000	0.000000	877.359576	4.000000	0.000009
1184	1.503723	9.513724e+04	1239.24	1918.92	1.769936e-01	824.12	0.171225	0.785529	0.000978	0.000120	0.000078	0.000001	0.042059	0.000000	0.000000	0.000010	0.000000	0.000000	0.000000	877.359576	4.000000	0.000009
1185	1.503711	9.513953e+04	1239.23	1918.92	1.769965e-01	824.12	0.171225	0.785529	0.000978	0.000120	0.000077	0.000001	0.042059	0.000000	0.000000	0.000010	0.000000	0.000000	0.000000	877.359576	4.000000	0.000009
1186	1.503711	9.513953e+04	1239.23	1918.92	1.769965e-01	824.12	0.171225	0.785529	0.000978	0.000120	0.000077	0.000001	0.042059	0.000000	0.000000	0.000010	0.000000	0.000000	0.000000	877.359576	4.000000	0.000009
1187	1.503711	9.513953e+04	1239.23	1918.92	1.769965e-01	824.12	0.171225	0.785529	0.000978	0.000120	0.000077	0.000001	0.042059	0.000000	0.000000	0.000010	0.000000	0.000000	0.000000	877.359576	4.000000	0.000009
1188	1.503711	9.513953e+04	1239.23	1918.92	1.769965e-01	824.12	0.171225	0.785529	0.000978	0.000120	0.000077	0.000001	0.042059	0.000000	0.000000	0.000010	0.000000	0.000000	0.000000	877.359576	4.000000	0.000009
1189	1.503711	9.513953e+04	1239.23	1918.92	1.769965e-01	824.12	0.171225	0.785529	0.000978	0.000120	0.000077	0.000001	0.042059	0.000000	0.000000	0.000010	0.000000	0.000000	0.000000	877.359576	4.000000	0.000009
1190	1.503711	9.513953e+04	1239.23	1918.92	1.769965e-01	824.12	0.171225	0.785529	0.000978	0.000120	0.000077	0.000001	0.042059	0.000000	0.000000	0.000010	0.000000	0.000000	0.000000	877.359576	4.000000	0.000009
1191	1.503711	9.513953e+04	1239.23	1918.92	1.769965e-01	824.12	0.171225	0.785529	0.000978	0.000120	0.000077	0.000001	0.042059	0.000000	0.000000	0.000010	0.000000	0.000000	0.000000	877.359576	4.000000	0.000009
1192	1.503711	9.513953e+04	1239.23	1918.92	1.769965e-01	824.12	0.171225	0.785529	0.000978	0.000120	0.000077	0.000001	0.042059	0.000000	0.000000	0.000010	0.000000	0.000000	0.000000	877.359576	4.000000	0.000009
1193	1.503711	9.513953e+04	1239.23	1918.92	1.769965e-01	824.12	0.171225	0.785529	0.000978	0.000120	0.000077	0.000001	0.042059	0.000000	0.000000	0.000010	0.000000	0.000000	0.000000	877.359576	4.000000	0.000009
1194	1.503711	9.513953e+04	1239.23	1918.92	1.769965e-01	824.12	0.171225	0.785529	0.000978	0.000120	0.000077	0.000001	0.042059	0.000000	0.000000	0.000010	0.000000	0.000000	0.000000	877.359576	4.000000	0.000009
1195	1.503711	9.513953e+04	1239.23	1918.92	1.769965e-01	824.12	0.171225	0.785529	0.000978	0.000120	0.000077	0.000001	0.042059	0.000000	0.000000	0.000010	0.000000	0.000000	0.000000	877.359576	4.000000	0.000009
1196	1.503711	9.513953e+04	1239.23	1918.92	1.769965e-01	824.12	0.171225	0.785529	0.000978	0.000120	0.000077	0.000001	0.042059	0.000000	0.000000	0.000010	0.000000	0.000000	0.000000	877.359576	4.000000	0.000009
1197	1.503711	9.513953e+04	1239.23	1918.92	1.769965e-01	824.12	0.171225	0.785529	0.000978	0.000120	0.000077	0.000001	0.042059	0.000000	0.000000	0.000010	0.000000	0.000000	0.000000	877.359576	4.000000	0.000009
1198	1.503711	9.513953e+04	1239.23	1918.92	1.769965e-01	824.12	0.171225	0.785529	0.000978	0.000120	0.000077	0.000001	0.042059	0.000000	0.000000	0.000010	0.000000	0.000000	0.000000	877.359576	4.000000	0.000009
1199	1.503711	9.513953e+04	1239.23	1918.92	1.769965e-01	824.12	0.171225	0.785529	0.000978	0.000120	0.000077	0.000001	0.042059	0.000000	0.000000	0.000010	0.000000	0.000000	0.000000	877.359576	4.000000	0.000009
1200	1.503711	9.513953e+04	1239.23	1918.92	1.769965e-01	824.12	0.171225	0.785529	0.000978	0.000120	0.000077	0.000001	0.042059	0.000000	0.000000	0.000010	0.000000	0.000000	0.000000	877.359576	4.000000	0.000009
1201	1.503711	9.513953e+04	1239.23	1918.92	1.769965e-01	824.12	0.171225	0.785529	0.000978	0.000120	0.000077	0.000001	0.042059	0.000000	0.000000	0.000010	0.000000	0.000000	0.000000	877.359576	4.000000	0.000009
1202	1.503711	9.513953e+04	1239.23	1918.92	1.769965e-01	824.12	0.171225	0.785529	0.000978	0.000120	0.000077	0.000001	0.042059	0.000000	0.000000	0.000010	0.000000	0.000000	0.000000	877.359576	4.000000	0.000009
1203	1.503711	9.513953e+04	1239.23	1918.92	1.769965e-01	824.12	0.171225	0.785529	0.000978	0.000120	0.000077	0.000001	0.042059	0.000000	0.000000	0.000010	0.000000	0.000000	0.000000	877.359576	4.000000	0.000009
1204	1.503711	9.513953e+04	1239.23	1918.92	1.769965e-01	824.12	0.171225	0.785529	0.000978	0.000120	0.000077	0.000001	0.042059	0.000000	0.000000	0.000010	0.000000	0.000000	0.000000	877.359576	4.000000	0.000009
1205	1.503711	9.513953e+04	1239.23	1918.92	1.769965e-01	824.12	0.171225	0.785529	0.000978	0.000120	0.000077	0.000001	0.042059	0.000000	0.000000	0.000010	0.000000	0.000000	0.000000	877.359589	4.000000	0.000009
1206	1.503718	9.513836e+04	1239.24	1918.92	1.769951e-01	824.12	0.171225	0.785529	0.000978	0.000120	0.000078	0.000001	0.042059	0.000000	0.000000	0.000010	0.000000	0.000000	0.000000	877.359576	4.000000	0.000009
1207	1.500854	9.541590e+04	1237.97	1923.01	1.771758e-01	824.85	0.170964	0.785529	0.000946	0.000127	0.000080	0.000001	0.042344	0.000000	0.000000	0.000010	0.000000	0.000000	0.000000	877.359576	4.000000	0.000009
1208	1.500851	9.541650e+04	1237.97	1923.01	1.771765e-01	824.85	0.170964	0.785529	0.000946	0.000127	0.000080	0.000001	0.042344	0.000000	0.000000	0.000010	0.000000	0.000000	0.000000	877.359576	4.000000	0.000009
1209	1.497924	9.570139e+04	1236.67	1927.18	1.773625e-01	825.59	0.170696	0.785529	0.000913	0.000134	0.000083	0.000001	0.042635	0.000000	0.000000	0.000009	0.000000	0.000000	0.000000	877.359576	4.000000	0.000009
1210	1.494938	9.599350e+04	1235.34	1931.45	1.775541e-01	826.35	0.170421	0.785529	0.000880	0.000142	0.000085	0.000001	0.042933	0.000000	0.000000	0.000009	0.000000	0.000000	0.000000	877.359576	4.000000	0.000009
1211	1.491896	9.629153e+04	1233.98	1935.80	1.777491e-01	827.12	0.170141	0.785529	0.000846	0.000151	0.000088	0.000001	0.043236	0.000000	0.000000	0.000009	0.000000	0.000000	0.000000	877.359576	4.000000	0.000009
1212	1.488789	9.659854e+04	1232.58	1940.23	1.779522e-01	827.91	0.169854	0.785529	0.000811	0.000160	0.000091	0.000001	0.043546	0.000000	0.000000	0.000009	0.000000	0.000000	0.000000	877.359576	4.000000	0.000009
1213	1.485659	9.690562e+04	1231.18	1944.75	1.781512e-01	828.71	0.169561	0.785529	0.000775	0.000171	0.000094	0.000001	0.043861	0.000000	0.000000	0.000009	0.000000	0.000000	0.000000	877.359576	4.000000	0.000009
1214	1.485635	9.691065e+04	1231.16	1944.75	1.781581e-01	828.71	0.169561	0.785529	0.000775	0.000171	0.000094	0.000001	0.043861	0.000000	0.000000	0.000009	0.000000	0.000000	0.000000	877.359576	4.000000	0.000009
1215	1.485653	9.690703e+04	1231.17	1944.75	1.781532e-01	828.71	0.169561	0.785529	0.000775	0.000171	0.000094	0.000001	0.043861	0.000000	0.000000	0.000009	0.000000	0.000000	0.000000	877.359576	4.000000	0.000009
1216	1.485659	9.690562e+04	1231.18	1944.75	1.781512e-01	828.71	0.169561	0.785529	0.000775	0.000171	0.000094	0.000001	0.043861	0.000000	0.000000	0.000009	0.000000	0.000000	0.000000	877.359576	4.000000	0.000009
1217	1.485659	9.690562e+04	1231.18	1944.75	1.781512e-01	828.71	0.169561	0.785529	0.000775	0.000171	0.000094	0.000001	0.043861	0.000000	0.000000	0.000009	0.000000	0.000000	0.000000	877.359576	4.000000	0.000009
1218	1.485659	9.690562e+04	1231.18	1944.75	1.781512e-01	828.71	0.169561	0.785529	0.000775	0.000171	0.000094	0.000001	0.043861	0.000000	0.000000	0.000009	0.000000	0.000000	0.000000	877.359576	4.000000	0.000009
1219	1.485659	9.690562e+04	1231.18	1944.75	1.781512e-01	828.71	0.169561	0.785529	0.000775	0.000171	0.000094	0.000001	0.043861	0.000000	0.000000	0.000009	0.000000	0.000000	0.000000	877.359576	4.000000	0.000009
1220	1.485659	9.690562e+04	1231.18	1944.75	1.781512e-01	828.71	0.169561	0.785529	0.000775	0.000171	0.000094	0.000001	0.043861	0.000000	0.000000	0.000009	0.000000	0.000000	0.000000	877.359576	4.000000	0.000009
1221	1.485659	9.690562e+04	1231.18	1944.75	1.781512e-01	828.71	0.169561	0.785529	0.000775	0.000171	0.000094	0.000001	0.043861	0.000000	0.000000	0.000009	0.000000	0.000000	0.000000	877.359576	4.000000	0.000009
1222	1.485659	9.690562e+04	1231.18	1944.75	1.781512e-01	828.71	0.169561	0.785529	0.000775	0.000171	0.000094	0.000001	0.043861	0.000000	0.000000	0.000009	0.000000	0.000000	0.000000	877.359576	4.000000	0.000009
1223	1.485659	9.690562e+04	1231.18	1944.75	1.781512e-01	828.71	0.169561	0.785529	0.000775	0.000171	0.000094	0.000001	0.043861	0.000000	0.000000	0.000009	0.000000	0.000000	0.000000	877.359576	4.000000	0.000009
1224	1.485659	9.690562e+04	1231.18	1944.75	1.781512e-01	828.71	0.169561	0.785529	0.000775	0.000171	0.000094	0.000001	0.043861	0.000000	0.000000	0.000009	0.000000	0.000000	0.000000	877.359576	4.000000	0.000009
1225	1.485659	9.690562e+04	1231.18	1944.75	1.781512e-01	828.71	0.169561	0.785529	0.000775	0.000171	0.000094	0.000001	0.043861	0.000000	0.000000	0.000009	0.000000	0.000000	0.000000	877.359576	4.000000	0.000009
1226	1.485659	9.690562e+04	1231.18	1944.75	1.781512e-01	828.71	0.169561	0.785529	0.000775	0.000171	0.000094	0.000001	0.043861	0.000000	0.000000	0.000009	0.000000	0.000000	0.000000	877.359576	4.000000	0.000009
1227	1.485659	9.690562e+04	1231.18	1944.75	1.781512e-01	828.71	0.169561	0.785529	0.000775	0.000171	0.000094	0.000001	0.043861	0.000000	0.000000	0.000009	0.000000	0.000000	0.000000	877.359576	4.000000	0.000009
1228	1.485659	9.690562e+04	1231.18	1944.75	1.781512e-01	828.71	0.169561	0.785529	0.000775	0.000171	0.000094	0.000001	0.043861	0.000000	0.000000	0.000009	0.000000	0.000000	0.000000	877.359576	4.000000	0.000009
1229	1.485659	9.690562e+04	1231.18	1944.75	1.781512e-01	828.71	0.169561	0.785529	0.000775	0.000171	0.000094	0.000001	0.043861	0.000000	0.000000	0.000009	0.000000	0.000000	0.000000	877.359576	4.000000	0.000009
1230	1.485659	9.690562e+04	1231.18	1944.75	1.781512e-01	828.71	0.169561	0.785529	0.000775	0.000171	0.000094	0.000001	0.043861	0.000000	0.000000	0.000009	0.000000	0.000000	0.000000	877.359576	4.000000	0.000009
1231	1.485659	9.690562e+04	1231.18	1944.75	1.781512e-01	828.71	0.169561	0.785529	0.000775	0.000171	0.000094	0.000001	0.043861	0.000000	0.000000	0.000009	0.000000	0.000000	0.000000	877.359576	4.000000	0.000009
1232	1.485659	9.690562e+04	1231.18	1944.75	1.781512e-01	828.71	0.169561	0.785529	0.000775	0.000171	0.000094	0.000001	0.043861	0.000000	0.000000	0.000009	0.000000	0.000000	0.000000	877.359576	4.000000	0.000009
1233	1.485659	9.690562e+04	1231.18	1944.75	1.781512e-01	828.71	0.169561	0.785529	0.000775	0.000171	0.000094	0.000001	0.043861	0.000000	0.000000	0.000009	0.000000	0.000000	0.000000	877.359576	4.000000	0.000009
1234	1.485659	9.690562e+04	1231.18	1944.75	1.781512e-01	828.71	0.169561	0.785529	0.000775	0.000171	0.000094	0.000001	0.043861	0.000000	0.000000	0.000009	0.000000	0.000000	0.000000	877.359576	4.000000	0.000009
1235	1.485659	9.690562e+04	1231.18	1944.75	1.781512e-01	828.71	0.169561	0.785529	0.000775	0.000171	0.000094	0.000001	0.043861	0.000000	0.000000	0.000009	0.000000	0.000000	0.000000	877.359576	4.000000	0.000009
1236	1.485659	9.690562e+04	1231.18	1944.75	1.781512e-01	828.71	0.169561	0.785529	0.000775	0.000171	0.000094	0.000001	0.043861	0.000000	0.000000	0.000009	0.000000	0.000000	0.000000	877.359589	4.000000	0.000009
1237	1.485648	9.690800e+04	1231.17	1944.75	1.781545e-01	828.71	0.169561	0.785529	0.000775	0.000171	0.000094	0.000001	0.043861	0.000000	0.000000	0.000009	0.000000	0.000000	0.000000	877.359576	4.000000	0.000009
1238	1.486889	9.678462e+04	1231.73	1942.98	1.780725e-01	828.40	0.169676	0.785529	0.000789	0.000167	0.000093	0.000001	0.043737	0.000000	0.000000	0.000009	0.000000	0.000000	0.000000	877.359576	4.000000	0.000009
1239	1.486884	9.678560e+04	1231.73	1942.98	1.780738e-01	828.40	0.169676	0.785529	0.000789	0.000167	0.000093	0.000001	0.043737	0.000000	0.000000	0.000009	0.000000	0.000000	0.000000	877.359576	4.000000	0.000009
1240	1.484945	9.697804e+04	1230.85	1945.75	1.782013e-01	828.89	0.169495	0.785529	0.000767	0.000173	0.000095	0.000001	0.043931	0.000000	0.000000	0.000008	0.000000	0.000000	0.000000	877.359576	4.000000	0.000009
1241	1.484949	9.697720e+04	1230.85	1945.75	1.782001e-01	828.89	0.169495	0.785529	0.000767	0.000173	0.000095	0.000001	0.043931	0.000000	0.000000	0.000008	0.000000	0.000000	0.000000	877.359576	4.000000	0.000009
1242	1.482994	9.717149e+04	1229.97	1948.56	1.783286e-01	829.38	0.169313	0.785529	0.000745	0.000180	0.000097	0.000001	0.044126	0.000000	0.000000	0.000008	0.000000	0.000000	0.000000	877.359576	4.000000	0.000009
1243	1.481021	9.736815e+04	1229.07	1951.39	1.784590e-01	829.88	0.169128	0.785529	0.000723	0.000188	0.000099	0.000001	0.044324	0.000000	0.000000	0.000008	0.000000	0.000000	0.000000	877.359576	4.000000	0.000009
1244	1.479039	9.756550e+04	1228.17	1954.24	1.785891e-01	830.38	0.168941	0.785529	0.000700	0.000196	0.000101	0.000001	0.044523	0.000000	0.000000	0.000008	0.000000	0.000000	0.000000	877.359576	4.000000	0.000009
1245	1.477032	9.776698e+04	1227.25	1957.12	1.787235e-01	830.89	0.168753	0.785529	0.000677	0.000205	0.000104	0.000001	0.044724	0.000000	0.000000	0.000008	0.000000	0.000000	0.000000	877.359576	4.000000	0.000009
1246	1.475026	9.796743e+04	1226.34	1960.01	1.788557e-01	831.40	0.168562	0.785529	0.000654	0.000214	0.000106	0.000001	0.044926	0.000000	0.000000	0.000008	0.000000	0.000000	0.000000	877.359576	4.000000	0.000009
1247	1.472987	9.817394e+04	1225.40	1962.93	1.789949e-01	831.91	0.168369	0.785529	0.000631	0.000224	0.000108	0.000001	0.045130	0.000000	0.000000	0.000008	0.000000	0.000000	0.000000	877.359576	4.000000	0.000009
1248	1.470981	9.837380e+04	1224.49	1965.85	1.791249e-01	832.43	0.168175	0.785529	0.000608	0.000235	0.000111	0.000001	0.045335	0.000000	0.000000	0.000007	0.000000	0.000000	0.000000	877.359576	4.000000	0.000009
1249	1.470959	9.837810e+04	1224.47	1965.86	1.791304e-01	832.43	0.168175	0.785529	0.000608	0.000235	0.000111	0.000001	0.045335	0.000000	0.000000	0.000007	0.000000	0.000000	0.000000	877.359576	4.000000	0.000009
1250	1.470971	9.837583e+04	1224.48	1965.85	1.791275e-01	832.43	0.168175	0.785529	0.000608	0.000235	0.000111	0.000001	0.045335	0.000000	0.000000	0.000007	0.000000	0.000000	0.000000	877.359576	4.000000	0.000009
1251	1.468923	9.858375e+04	1223.53	1968.79	1.792673e-01	832.94	0.167980	0.785529	0.000584	0.000246	0.000113	0.000001	0.045540	0.000000	0.000000	0.000007	0.000000	0.000000	0.000000	877.359576	4.000000	0.000009
1252	1.468942	9.858024e+04	1223.55	1968.79	1.792629e-01	832.94	0.167980	0.785529	0.000584	0.000246	0.000113	0.000001	0.045540	0.000000	0.000000	0.000007	0.000000	0.000000	0.000000	877.359576	4.000000	0.000009
1253	1.468927	9.858309e+04	1223.53	1968.79	1.792665e-01	832.94	0.167980	0.785529	0.000584	0.000246	0.000113	0.000001	0.045540	0.000000	0.000000	0.000007	0.000000	0.000000	0.000000	877.359576	4.000000	0.000009
1254	1.466892	9.878884e+04	1222.59	1971.74	1.794033e-01	833.46	0.167783	0.785529	0.000561	0.000258	0.000115	0.000001	0.045746	0.000000	0.000000	0.000007	0.000000	0.000000	0.000000	877.359576	4.000000	0.000009
1255	1.466881	9.879100e+04	1222.58	1971.74	1.794060e-01	833.46	0.167783	0.785529	0.000561	0.000258	0.000115	0.000001	0.045746	0.000000	0.000000	0.000007	0.000000	0.000000	0.000000	877.359576	4.000000	0.000009
1256	1.466893	9.878857e+04	1222.60	1971.73	1.794029e-01	833.46	0.167783	0.785529	0.000561	0.000258	0.000115	0.000001	0.045746	0.000000	0.000000	0.000007	0.000000	0.000000	0.000000	877.359576	4.000000	0.000009
1257	1.464844	9.899770e+04	1221.64	1974.68	1.795439e-01	833.97	0.167585	0.785529	0.000537	0.000271	0.000118	0.000001	0.045952	0.000000	0.000000	0.000007	0.000000	0.000000	0.000000	877.359576	4.000000	0.000009
1258	1.464855	9.899569e+04	1221.65	1974.68	1.795414e-01	833.97	0.167585	0.785529	0.000537	0.000271	0.000118	0.000001	0.045952	0.000000	0.000000	0.000007	0.000000	0.000000	0.000000	877.359576	4.000000	0.000009
1259	1.464845	9.899747e+04	1221.64	1974.68	1.795436e-01	833.97	0.167585	0.785529	0.000537	0.000271	0.000118	0.000001	0.045952	0.000000	0.000000	0.000007	0.000000	0.000000	0.000000	877.359576	4.000000	0.000009
1260	1.462815	9.920375e+04	1220.70	1977.62	1.796811e-01	834.49	0.167387	0.785529	0.000513	0.000285	0.000120	0.000001	0.046158	0.000000	0.000000	0.000007	0.000000	0.000000	0.000000	877.359576	4.000000	0.000009
1261	1.462805	9.920576e+04	1220.69	1977.62	1.796836e-01	834.49	0.167387	0.785529	0.000513	0.000285	0.000120	0.000001	0.046158	0.000000	0.000000	0.000007	0.000000	0.000000	0.000000	877.359576	4.000000	0.000009
1262	1.462815	9.920386e+04	1220.70	1977.62	1.796813e-01	834.49	0.167387	0.785529	0.000513	0.000285	0.000120	0.000001	0.046158	0.000000	0.000000	0.000007	0.000000	0.000000	0.000000	877.359576	4.000000	0.000009
1263	1.462815	9.920375e+04	1220.70	1977.62	1.796811e-01	834.49	0.167387	0.785529	0.000513	0.000285	0.000120	0.000001	0.046158	0.000000	0.000000	0.000007	0.000000	0.000000	0.000000	877.359576	4.000000	0.000009
1264	1.462815	9.920375e+04	1220.70	1977.62	1.796811e-01	834.49	0.167387	0.785529	0.000513	0.000285	0.000120	0.000001	0.046158	0.000000	0.000000	0.000007	0.000000	0.000000	0.000000	877.359576	4.000000	0.000009
1265	1.462815	9.920375e+04	1220.70	1977.62	1.796811e-01	834.49	0.167387	0.785529	0.000513	0.000285	0.000120	0.000001	0.046158	0.000000	0.000000	0.000007	0.000000	0.000000	0.000000	877.359576	4.000000	0.000009
1266	1.462815	9.920375e+04	1220.70	1977.62	1.796811e-01	834.49	0.167387	0.785529	0.000513	0.000285	0.000120	0.000001	0.046158	0.000000	0.000000	0.000007	0.000000	0.000000	0.000000	877.359576	4.000000	0.000009
1267	1.462815	9.920375e+04	1220.70	1977.62	1.796811e-01	834.49	0.167387	0.785529	0.000513	0.000285	0.000120	0.000001	0.046158	0.000000	0.000000	0.000007	0.000000	0.000000	0.000000	877.359576	4.000000	0.000009
1268	1.462815	9.920375e+04	1220.70	1977.62	1.796811e-01	834.49	0.167387	0.785529	0.000513	0.000285	0.000120	0.000001	0.046158	0.000000	0.000000	0.000007	0.000000	0.000000	0.000000	877.359576	4.000000	0.000009
1269	1.462815	9.920375e+04	1220.70	1977.62	1.796811e-01	834.49	0.167387	0.785529	0.000513	0.000285	0.000120	0.000001	0.046158	0.000000	0.000000	0.000007	0.000000	0.000000	0.000000	877.359576	4.000000	0.000009
1270	1.462815	9.920375e+04	1220.70	1977.62	1.796811e-01	834.49	0.167387	0.785529	0.000513	0.000285	0.000120	0.000001	0.046158	0.000000	0.000000	0.000007	0.000000	0.000000	0.000000	877.359576	4.000000	0.000009
1271	1.462815	9.920375e+04	1220.70	1977.62	1.796811e-01	834.49	0.167387	0.785529	0.000513	0.000285	0.000120	0.000001	0.046158	0.000000	0.000000	0.000007	0.000000	0.000000	0.000000	877.359576	4.000000	0.000009
1272	1.462815	9.920375e+04	1220.70	1977.62	1.796811e-01	834.49	0.167387	0.785529	0.000513	0.000285	0.000120	0.000001	0.046158	0.000000	0.000000	0.000007	0.000000	0.000000	0.000000	877.359576	4.000000	0.000009
1273	1.462815	9.920375e+04	1220.70	1977.62	1.796811e-01	834.49	0.167387	0.785529	0.000513	0.000285	0.000120	0.000001	0.046158	0.000000	0.000000	0.000007	0.000000	0.000000	0.000000	877.359576	4.000000	0.000009
1274	1.462815	9.920375e+04	1220.70	1977.62	1.796811e-01	834.49	0.167387	0.785529	0.000513	0.000285	0.000120	0.000001	0.046158	0.000000	0.000000	0.000007	0.000000	0.000000	0.000000	877.359576	4.000000	0.000009
1275	1.462815	9.920375e+04	1220.70	1977.62	1.796811e-01	834.49	0.167387	0.785529	0.000513	0.000285	0.000120	0.000001	0.046158	0.000000	0.000000	0.000007	0.000000	0.000000	0.000000	877.359576	4.000000	0.000009
1276	1.462815	9.920375e+04	1220.70	1977.62	1.796811e-01	834.49	0.167387	0.785529	0.000513	0.000285	0.000120	0.000001	0.046158	0.000000	0.000000	0.000007	0.000000	0.000000	0.000000	877.359576	4.000000	0.000009
1277	1.462815	9.920375e+04	1220.70	1977.62	1.796811e-01	834.49	0.167387	0.785529	0.000513	0.000285	0.000120	0.000001	0.046158	0.000000	0.000000	0.000007	0.000000	0.000000	0.000000	877.359576	4.000000	0.000009
1278	1.462815	9.920375e+04	1220.70	1977.62	1.796811e-01	834.49	0.167387	0.785529	0.000513	0.000285	0.000120	0.000001	0.046158	0.000000	0.000000	0.000007	0.000000	0.000000	0.000000	877.359576	4.000000	0.000009
1279	1.462815	9.920375e+04	1220.70	1977.62	1.796811e-01	834.49	0.167387	0.785529	0.000513	0.000285	0.000120	0.000001	0.046158	0.000000	0.000000	0.000007	0.000000	0.000000	0.000000	877.359576	4.000000	0.000009
1280	1.462815	9.920375e+04	1220.70	1977.62	1.796811e-01	834.49	0.167387	0.785529	0.000513	0.000285	0.000120	0.000001	0.046158	0.000000	0.000000	0.000007	0.000000	0.000000	0.000000	877.359576	4.000000	0.000009
1281	1.462815	9.920375e+04	1220.70	1977.62	1.796811e-01	834.49	0.167387	0.785529	0.000513	0.000285	0.000120	0.000001	0.046158	0.000000	0.000000	0.000007	0.000000	0.000000	0.000000	877.359576	4.000000	0.000009
1282	1.462815	9.920375e+04	1220.70	1977.62	1.796811e-01	834.49	0.167387	0.785529	0.000513	0.000285	0.000120	0.000001	0.046158	0.000000	0.000000	0.000007	0.000000	0.000000	0.000000	877.359576	4.000000	0.000009
1283	1.462815	9.920375e+04	1220.70	1977.62	1.796811e-01	834.49	0.167387	0.785529	0.000513	0.000285	0.000120	0.000001	0.046158	0.000000	0.000000	0.000007	0.000000	0.000000	0.000000	877.359589	4.000000	0.000009
1284	1.462812	9.920442e+04	1220.70	1977.62	1.796820e-01	834.49	0.167387	0.785529	0.000513	0.000285	0.000120	0.000001	0.046158	0.000000	0.000000	0.000007	0.000000	0.000000	0.000000	877.359576	4.000000	0.000009
1285	1.460781	9.941201e+04	1219.75	1980.55	1.798215e-01	835.00	0.167188	0.785529	0.000490	0.000300	0.000123	0.000001	0.046364	0.000000	0.000000	0.000007	0.000000	0.000000	0.000000	877.359576	4.000000	0.000009
1286	1.458767	9.961825e+04	1218.81	1983.47	1.799599e-01	835.51	0.166989	0.785529	0.000466	0.000315	0.000126	0.000001	0.046569	0.000000	0.000000	0.000006	0.000000	0.000000	0.000000	877.359576	4.000000	0.000009
1287	1.456762	9.982454e+04	1217.87	1986.36	1.800993e-01	836.01	0.166790	0.785529	0.000442	0.000332	0.000128	0.000001	0.046772	0.000000	0.000000	0.000006	0.000000	0.000000	0.000000	877.359576	4.000000	0.000009
1288	1.454789	1.000274e+05	1216.95	1989.23	1.802357e-01	836.51	0.166592	0.785529	0.000419	0.000350	0.000131	0.000001	0.046973	0.000000	0.000000	0.000006	0.000000	0.000000	0.000000	877.359576	4.000000	0.000009
1289	1.452830	1.002303e+05	1216.02	1992.05	1.803735e-01	837.00	0.166394	0.785529	0.000396	0.000369	0.000134	0.000001	0.047172	0.000000	0.000000	0.000006	0.000000	0.000000	0.000000	877.359576	4.000000	0.000009
1290	1.452835	1.002294e+05	1216.03	1992.05	1.803723e-01	837.00	0.166394	0.785529	0.000396	0.000369	0.000134	0.000001	0.047172	0.000000	0.000000	0.000006	0.000000	0.000000	0.000000	877.359576	4.000000	0.000009
1291	1.450914	1.004285e+05	1215.12	1994.83	1.805073e-01	837.49	0.166199	0.785529	0.000373	0.000389	0.000136	0.000001	0.047367	0.000000	0.000000	0.000006	0.000000	0.000000	0.000000	877.359576	4.000000	0.000009
1292	1.449026	1.006250e+05	1214.22	1997.56	1.806412e-01	837.96	0.166005	0.785529	0.000350	0.000411	0.000139	0.000001	0.047560	0.000000	0.000000	0.000005	0.000000	0.000000	0.000000	877.359576	4.000000	0.000009
1293	1.449032	1.006238e+05	1214.23	1997.56	1.806398e-01	837.96	0.166005	0.785529	0.000350	0.000411	0.000139	0.000001	0.047560	0.000000	0.000000	0.000005	0.000000	0.000000	0.000000	877.359576	4.000000	0.000009
1294	1.447192	1.008155e+05	1213.35	2000.23	1.807703e-01	838.42	0.165814	0.785529	0.000328	0.000433	0.000142	0.000001	0.047748	0.000000	0.000000	0.000005	0.000000	0.000000	0.000000	877.359576	4.000000	0.000009
1295	1.445398	1.010034e+05	1212.50	2002.82	1.808989e-01	838.87	0.165626	0.785529	0.000306	0.000457	0.000144	0.000001	0.047931	0.000000	0.000000	0.000005	0.000000	0.000000	0.000000	877.359576	4.000000	0.000009
1296	1.445406	1.010019e+05	1212.50	2002.82	1.808970e-01	838.87	0.165627	0.785529	0.000306	0.000457	0.000144	0.000001	0.047931	0.000000	0.000000	0.000005	0.000000	0.000000	0.000000	877.359576	4.000000	0.000009
1297	1.445400	1.010030e+05	1212.50	2002.82	1.808983e-01	838.87	0.165627	0.785529	0.000306	0.000457	0.000144	0.000001	0.047931	0.000000	0.000000	0.000005	0.000000	0.000000	0.000000	877.359576	4.000000	0.000009
1298	1.443679	1.011823e+05	1211.68	2005.33	1.810196e-01	839.30	0.165442	0.785529	0.000285	0.000482	0.000147	0.000001	0.048109	0.000000	0.000000	0.000005	0.000000	0.000000	0.000000	877.359576	4.000000	0.000009
1299	1.443666	1.011847e+05	1211.67	2005.33	1.810225e-01	839.30	0.165442	0.785529	0.000285	0.000482	0.000147	0.000001	0.048109	0.000000	0.000000	0.000005	0.000000	0.000000	0.000000	877.359576	4.000000	0.000009
1300	1.443678	1.011825e+05	1211.68	2005.33	1.810199e-01	839.30	0.165442	0.785529	0.000285	0.000482	0.000147	0.000001	0.048109	0.000000	0.000000	0.000005	0.000000	0.000000	0.000000	877.359576	4.000000	0.000009
1301	1.443679	1.011823e+05	1211.68	2005.33	1.810196e-01	839.30	0.165442	0.785529	0.000285	0.000482	0.000147	0.000001	0.048109	0.000000	0.000000	0.000005	0.000000	0.000000	0.000000	877.359576	4.000000	0.000009
1302	1.443679	1.011823e+05	1211.68	2005.33	1.810196e-01	839.30	0.165442	0.785529	0.000285	0.000482	0.000147	0.000001	0.048109	0.000000	0.000000	0.000005	0.000000	0.000000	0.000000	877.359576	4.000000	0.000009
1303	1.443679	1.011823e+05	1211.68	2005.33	1.810196e-01	839.30	0.165442	0.785529	0.000285	0.000482	0.000147	0.000001	0.048109	0.000000	0.000000	0.000005	0.000000	0.000000	0.000000	877.359576	4.000000	0.000009
1304	1.443679	1.011823e+05	1211.68	2005.33	1.810196e-01	839.30	0.165442	0.785529	0.000285	0.000482	0.000147	0.000001	0.048109	0.000000	0.000000	0.000005	0.000000	0.000000	0.000000	877.359576	4.000000	0.000009
1305	1.443679	1.011823e+05	1211.68	2005.33	1.810196e-01	839.30	0.165442	0.785529	0.000285	0.000482	0.000147	0.000001	0.048109	0.000000	0.000000	0.000005	0.000000	0.000000	0.000000	877.359576	4.000000	0.000009
1306	1.443679	1.011823e+05	1211.68	2005.33	1.810196e-01	839.30	0.165442	0.785529	0.000285	0.000482	0.000147	0.000001	0.048109	0.000000	0.000000	0.000005	0.000000	0.000000	0.000000	877.359576	4.000000	0.000009
1307	1.443679	1.011823e+05	1211.68	2005.33	1.810196e-01	839.30	0.165442	0.785529	0.000285	0.000482	0.000147	0.000001	0.048109	0.000000	0.000000	0.000005	0.000000	0.000000	0.000000	877.359576	4.000000	0.000009
1308	1.443679	1.011823e+05	1211.68	2005.33	1.810196e-01	839.30	0.165442	0.785529	0.000285	0.000482	0.000147	0.000001	0.048109	0.000000	0.000000	0.000005	0.000000	0.000000	0.000000	877.359576	4.000000	0.000009
1309	1.443679	1.011823e+05	1211.68	2005.33	1.810196e-01	839.30	0.165442	0.785529	0.000285	0.000482	0.000147	0.000001	0.048109	0.000000	0.000000	0.000005	0.000000	0.000000	0.000000	877.359576	4.000000	0.000009
1310	1.443679	1.011823e+05	1211.68	2005.33	1.810196e-01	839.30	0.165442	0.785529	0.000285	0.000482	0.000147	0.000001	0.048109	0.000000	0.000000	0.000005	0.000000	0.000000	0.000000	877.359576	4.000000	0.000009
1311	1.443679	1.011823e+05	1211.68	2005.33	1.810196e-01	839.30	0.165442	0.785529	0.000285	0.000482	0.000147	0.000001	0.048109	0.000000	0.000000	0.000005	0.000000	0.000000	0.000000	877.359576	4.000000	0.000009
1312	1.443679	1.011823e+05	1211.68	2005.33	1.810196e-01	839.30	0.165442	0.785529	0.000285	0.000482	0.000147	0.000001	0.048109	0.000000	0.000000	0.000005	0.000000	0.000000	0.000000	877.359576	4.000000	0.000009
1313	1.443679	1.011823e+05	1211.68	2005.33	1.810196e-01	839.30	0.165442	0.785529	0.000285	0.000482	0.000147	0.000001	0.048109	0.000000	0.000000	0.000005	0.000000	0.000000	0.000000	877.359576	4.000000	0.000009
1314	1.443679	1.011823e+05	1211.68	2005.33	1.810196e-01	839.30	0.165442	0.785529	0.000285	0.000482	0.000147	0.000001	0.048109	0.000000	0.000000	0.000005	0.000000	0.000000	0.000000	877.359576	4.000000	0.000009
1315	1.443679	1.011823e+05	1211.68	2005.33	1.810196e-01	839.30	0.165442	0.785529	0.000285	0.000482	0.000147	0.000001	0.048109	0.000000	0.000000	0.000005	0.000000	0.000000	0.000000	877.359576	4.000000	0.000009
1316	1.443679	1.011823e+05	1211.68	2005.33	1.810196e-01	839.30	0.165442	0.785529	0.000285	0.000482	0.000147	0.000001	0.048109	0.000000	0.000000	0.000005	0.000000	0.000000	0.000000	877.359576	4.000000	0.000009
1317	1.443679	1.011823e+05	1211.68	2005.33	1.810196e-01	839.30	0.165442	0.785529	0.000285	0.000482	0.000147	0.000001	0.048109	0.000000	0.000000	0.000005	0.000000	0.000000	0.000000	877.359576	4.000000	0.000009
1318	1.443679	1.011823e+05	1211.68	2005.33	1.810196e-01	839.30	0.165442	0.785529	0.000285	0.000482	0.000147	0.000001	0.048109	0.000000	0.000000	0.000005	0.000000	0.000000	0.000000	877.359576	4.000000	0.000009
1319	1.443679	1.011823e+05	1211.68	2005.33	1.810196e-01	839.30	0.165442	0.785529	0.000285	0.000482	0.000147	0.000001	0.048109	0.000000	0.000000	0.000005	0.000000	0.000000	0.000000	877.359576	4.000000	0.000009
1320	1.443679	1.011823e+05	1211.68	2005.33	1.810196e-01	839.30	0.165442	0.785529	0.000285	0.000482	0.000147	0.000001	0.048109	0.000000	0.000000	0.000005	0.000000	0.000000	0.000000	877.359576	4.000000	0.000009
1321	1.443679	1.011823e+05	1211.68	2005.33	1.810196e-01	839.30	0.165442	0.785529	0.000285	0.000482	0.000147	0.000001	0.048109	0.000000	0.000000	0.000005	0.000000	0.000000	0.000000	877.359589	4.000000	0.000009
1322	1.443655	1.011852e+05	1211.67	2005.36	1.810221e-01	839.31	0.165391	0.785529	0.000282	0.000488	0.000168	0.000001	0.048138	0.000000	0.000000	0.000004	0.000000	-0.000000	0.000000	877.359576	4.000000	0.000009
1323	1.443630	1.011878e+05	1211.66	2005.40	1.810239e-01	839.31	0.165329	0.785529	0.000277	0.000493	0.000196	0.000001	0.048173	0.000000	0.000000	0.000002	0.000000	-0.000000	0.000000	877.359576	4.000000	0.000009
1324	1.444965	1.010481e+05	1212.29	2003.45	1.809287e-01	838.98	0.165580	0.785529	0.000301	0.000463	0.000145	0.000001	0.047976	0.000000	0.000000	0.000005	0.000000	0.000000	0.000000	877.359576	4.000000	0.000009
1325	1.444965	1.010481e+05	1212.29	2003.45	1.809287e-01	838.98	0.165580	0.785529	0.000301	0.000463	0.000145	0.000001	0.047976	0.000000	0.000000	0.000005	0.000000	0.000000	0.000000	877.359576	4.000000	0.000009
1326	1.444966	1.010481e+05	1212.29	2003.45	1.809287e-01	838.98	0.165580	0.785529	0.000301	0.000463	0.000145	0.000001	0.047976	0.000000	0.000000	0.000005	0.000000	0.000000	0.000000	877.359576	4.000000	0.000009
1327	1.444965	1.010481e+05	1212.29	2003.45	1.809287e-01	838.98	0.165580	0.785529	0.000301	0.000463	0.000145	0.000001	0.047976	0.000000	0.000000	0.000005	0.000000	0.000000	0.000000	877.359576	4.000000	0.000009
1328	1.444965	1.010481e+05	1212.29	2003.45	1.809287e-01	838.98	0.165580	0.785529	0.000301	0.000463	0.000145	0.000001	0.047976	0.000000	0.000000	0.000005	0.000000	0.000000	0.000000	877.359576	4.000000	0.000009
1329	1.444966	1.010481e+05	1212.29	2003.45	1.809287e-01	838.98	0.165580	0.785529	0.000301	0.000463	0.000145	0.000001	0.047976	0.000000	0.000000	0.000005	0.000000	0.000000	0.000000	877.359576	4.000000	0.000009
1330	1.444965	1.010481e+05	1212.29	2003.45	1.809287e-01	838.98	0.165580	0.785529	0.000301	0.000463	0.000145	0.000001	0.047976	0.000000	0.000000	0.000005	0.000000	0.000000	0.000000	877.359576	4.000000	0.000009
1331	1.444965	1.010481e+05	1212.29	2003.45	1.809287e-01	838.98	0.165580	0.785529	0.000301	0.000463	0.000145	0.000001	0.047976	0.000000	0.000000	0.000005	0.000000	0.000000	0.000000	877.359576	4.000000	0.000009
1332	1.444965	1.010481e+05	1212.29	2003.45	1.809287e-01	838.98	0.165580	0.785529	0.000301	0.000463	0.000145	0.000001	0.047976	0.000000	0.000000	0.000005	0.000000	0.000000	0.000000	877.359576	4.000000	0.000009
1333	1.444965	1.010481e+05	1212.29	2003.45	1.809287e-01	838.98	0.165580	0.785529	0.000301	0.000463	0.000145	0.000001	0.047976	0.000000	0.000000	0.000005	0.000000	0.000000	0.000000	877.359576	4.000000	0.000009
1334	1.444965	1.010481e+05	1212.29	2003.45	1.809287e-01	838.98	0.165580	0.785529	0.000301	0.000463	0.000145	0.000001	0.047976	0.000000	0.000000	0.000005	0.000000	0.000000	0.000000	877.359576	4.000000	0.000009
1335	1.444965	1.010481e+05	1212.29	2003.45	1.809287e-01	838.98	0.165580	0.785529	0.000301	0.000463	0.000145	0.000001	0.047976	0.000000	0.000000	0.000005	0.000000	0.000000	0.000000	877.359576	4.000000	0.000009
1336	1.444965	1.010481e+05	1212.29	2003.45	1.809287e-01	838.98	0.165580	0.785529	0.000301	0.000463	0.000145	0.000001	0.047976	0.000000	0.000000	0.000005	0.000000	0.000000	0.000000	877.359576	4.000000	0.000009
1337	1.444965	1.010481e+05	1212.29	2003.45	1.809287e-01	838.98	0.165580	0.785529	0.000301	0.000463	0.000145	0.000001	0.047976	0.000000	0.000000	0.000005	0.000000	0.000000	0.000000	877.359576	4.000000	0.000009
1338	1.444965	1.010481e+05	1212.29	2003.45	1.809287e-01	838.98	0.165580	0.785529	0.000301	0.000463	0.000145	0.000001	0.047976	0.000000	0.000000	0.000005	0.000000	0.000000	0.000000	877.359576	4.000000	0.000009
1339	1.444965	1.010481e+05	1212.29	2003.45	1.809287e-01	838.98	0.165580	0.785529	0.000301	0.000463	0.000145	0.000001	0.047976	0.000000	0.000000	0.000005	0.000000	0.000000	0.000000	877.359576	4.000000	0.000009
1340	1.444965	1.010481e+05	1212.29	2003.45	1.809287e-01	838.98	0.165580	0.785529	0.000301	0.000463	0.000145	0.000001	0.047976	0.000000	0.000000	0.000005	0.000000	0.000000	0.000000	877.359576	4.000000	0.000009
1341	1.444965	1.010481e+05	1212.29	2003.45	1.809287e-01	838.98	0.165580	0.785529	0.000301	0.000463	0.000145	0.000001	0.047976	0.000000	0.000000	0.000005	0.000000	0.000000	0.000000	877.359576	4.000000	0.000009
1342	1.444965	1.010481e+05	1212.29	2003.45	1.809287e-01	838.98	0.165580	0.785529	0.000301	0.000463	0.000145	0.000001	0.047976	0.000000	0.000000	0.000005	0.000000	0.000000	0.000000	877.359576	4.000000	0.000009
1343	1.444965	1.010481e+05	1212.29	2003.45	1.809287e-01	838.98	0.165580	0.785529	0.000301	0.000463	0.000145	0.000001	0.047976	0.000000	0.000000	0.000005	0.000000	0.000000	0.000000	877.359576	4.000000	0.000009
1344	1.444965	1.010481e+05	1212.29	2003.45	1.809287e-01	838.98	0.165580	0.785529	0.000301	0.000463	0.000145	0.000001	0.047976	0.000000	0.000000	0.000005	0.000000	0.000000	0.000000	877.359589	4.000000	0.000009
1345	1.445203	1.010233e+05	1212.41	2003.11	1.809119e-01	838.92	0.165605	0.785529	0.000304	0.000460	0.000145	0.000001	0.047951	0.000000	0.000000	0.000005	0.000000	0.000000	0.000000	877.359576	4.000000	0.000009
1346	1.445309	1.010123e+05	1212.46	2002.96	1.809044e-01	838.89	0.165617	0.785529	0.000305	0.000459	0.000144	0.000001	0.047941	0.000000	0.000000	0.000005	0.000000	0.000000	0.000000	877.359576	4.000000	0.000009
1347	1.445360	1.010070e+05	1212.48	2002.88	1.809008e-01	838.88	0.165622	0.785529	0.000306	0.000458	0.000144	0.000001	0.047935	0.000000	0.000000	0.000005	0.000000	0.000000	0.000000	877.359576	4.000000	0.000009
1348	1.445384	1.010045e+05	1212.49	2002.85	1.808991e-01	838.87	0.165625	0.785529	0.000306	0.000458	0.000144	0.000001	0.047933	0.000000	0.000000	0.000005	0.000000	0.000000	0.000000	877.359576	4.000000	0.000009
1349	1.445394	1.010034e+05	1212.50	2002.83	1.808983e-01	838.87	0.165626	0.785529	0.000306	0.000457	0.000144	0.000001	0.047932	0.000000	0.000000	0.000005	0.000000	0.000000	0.000000	877.359576	4.000000	0.000009
1350	1.445399	1.010029e+05	1212.50	2002.82	1.808980e-01	838.87	0.165626	0.785529	0.000306	0.000457	0.000144	0.000001	0.047931	0.000000	0.000000	0.000005	0.000000	0.000000	0.000000	877.359576	4.000000	0.000009
1351	1.445401	1.010027e+05	1212.50	2002.82	1.808978e-01	838.87	0.165626	0.785529	0.000306	0.000457	0.000144	0.000001	0.047931	0.000000	0.000000	0.000005	0.000000	0.000000	0.000000	877.359576	4.000000	0.000009
1352	1.445403	1.010025e+05	1212.50	2002.82	1.808977e-01	838.87	0.165627	0.785529	0.000306	0.000457	0.000144	0.000001	0.047931	0.000000	0.000000	0.000005	0.000000	0.000000	0.000000	877.359576	4.000000	0.000009
1353	1.445401	1.010027e+05	1212.50	2002.82	1.808979e-01	838.87	0.165626	0.785529	0.000306	0.000457	0.000144	0.000001	0.047931	0.000000	0.000000	0.000005	0.000000	0.000000	0.000000	877.359576	4.000000	0.000009
1354	1.445400	1.010027e+05	1212.50	2002.82	1.808979e-01	838.87	0.165626	0.785529	0.000306	0.000457	0.000144	0.000001	0.047931	0.000000	0.000000	0.000005	0.000000	0.000000	0.000000	877.359576	4.000000	0.000009
1355	1.445400	1.010027e+05	1212.50	2002.82	1.808979e-01	838.87	0.165626	0.785529	0.000306	0.000457	0.000144	0.000001	0.047931	0.000000	0.000000	0.000005	0.000000	0.000000	0.000000	877.359576	4.000000	0.000009
1356	1.445401	1.010027e+05	1212.50	2002.82	1.808979e-01	838.87	0.165626	0.785529	0.000306	0.000457	0.000144	0.000001	0.047931	0.000000	0.000000	0.000005	0.000000	0.000000	0.000000	877.359576	4.000000	0.000009
1357	1.445401	1.010027e+05	1212.50	2002.82	1.808978e-01	838.87	0.165626	0.785529	0.000306	0.000457	0.000144	0.000001	0.047931	0.000000	0.000000	0.000005	0.000000	0.000000	0.000000	877.359576	4.000000	0.000009
1358	1.445401	1.010026e+05	1212.50	2002.82	1.808978e-01	838.87	0.165626	0.785529	0.000306	0.000457	0.000144	0.000001	0.047931	0.000000	0.000000	0.000005	0.000000	0.000000	0.000000	877.359576	4.000000	0.000009
1359	1.445401	1.010026e+05	1212.50	2002.82	1.808978e-01	838.87	0.165626	0.785529	0.000306	0.000457	0.000144	0.000001	0.047931	0.000000	0.000000	0.000005	0.000000	0.000000	0.000000	877.359576	4.000000	0.000009
1360	1.445401	1.010026e+05	1212.50	2002.82	1.808978e-01	838.87	0.165626	0.785529	0.000306	0.000457	0.000144	0.000001	0.047931	0.000000	0.000000	0.000005	0.000000	0.000000	0.000000	877.359576	4.000000	0.000009
1361	1.445401	1.010026e+05	1212.50	2002.82	1.808978e-01	838.87	0.165626	0.785529	0.000306	0.000457	0.000144	0.000001	0.047931	0.000000	0.000000	0.000005	0.000000	0.000000	0.000000	877.359576	4.000000	0.000009
1362	1.445401	1.010026e+05	1212.50	2002.82	1.808978e-01	838.87	0.165626	0.785529	0.000306	0.000457	0.000144	0.000001	0.047931	0.000000	0.000000	0.000005	0.000000	0.000000	0.000000	877.359576	4.000000	0.000009
1363	1.445401	1.010026e+05	1212.50	2002.82	1.808978e-01	838.87	0.165626	0.785529	0.000306	0.000457	0.000144	0.000001	0.047931	0.000000	0.000000	0.000005	0.000000	0.000000	0.000000	877.359576	4.000000	0.000009
1364	1.445401	1.010026e+05	1212.50	2002.82	1.808978e-01	838.87	0.165626	0.785529	0.000306	0.000457	0.000144	0.000001	0.047931	0.000000	0.000000	0.000005	0.000000	0.000000	0.000000	877.359576	4.000000	0.000009
1365	1.445401	1.010026e+05	1212.50	2002.82	1.808978e-01	838.87	0.165626	0.785529	0.000306	0.000457	0.000144	0.000001	0.047931	0.000000	0.000000	0.000005	0.000000	0.000000	0.000000	877.359576	4.000000	0.000009
1366	1.445401	1.010026e+05	1212.50	2002.82	1.808978e-01	838.87	0.165626	0.785529	0.000306	0.000457	0.000144	0.000001	0.047931	0.000000	0.000000	0.000005	0.000000	0.000000	0.000000	877.359576	4.000000	0.000011
1367	1.445401	1.010026e+05	1212.50	2002.82	1.808978e-01	838.87	0.165626	0.785529	0.000306	0.000457	0.000144	0.000001	0.047931	0.000000	0.000000	0.000005	0.000000	0.000000	0.000000	877.359576	4.000000	0.000029
1368	1.445400	1.010028e+05	1212.50	2002.82	1.808980e-01	838.87	0.165626	0.785529	0.000306	0.000457	0.000144	0.000001	0.047931	0.000000	0.000000	0.000005	0.000000	0.000000	0.000000	877.359576	4.000000	0.000207
1369	1.445386	1.010040e+05	1212.49	2002.83	1.808994e-01	838.87	0.165626	0.785529	0.000306	0.000457	0.000144	0.000001	0.047931	0.000000	0.000000	0.000005	0.000000	0.000000	0.000000	877.359576	4.000000	0.001991
1370	1.445246	1.010159e+05	1212.40	2002.91	1.809132e-01	838.89	0.165626	0.785529	0.000306	0.000457	0.000144	0.000001	0.047931	0.000000	0.000000	0.000005	0.000000	0.000000	0.000000	877.359576	4.000000	0.019829
1371	1.444222	1.011034e+05	1211.72	2003.52	1.810147e-01	839.01	0.165626	0.785529	0.000306	0.000457	0.000144	0.000001	0.047931	0.000000	0.000000	0.000005	0.000000	0.000000	0.000000	877.359576	4.000000	0.150775
1372	1.444221	1.011035e+05	1211.72	2003.52	1.810149e-01	839.01	0.165626	0.785529	0.000306	0.000457	0.000144	0.000001	0.047931	0.000000	0.000000	0.000005	0.000000	0.000000	0.000000	877.359576	4.000000	0.150775
1373	1.436071	1.018014e+05	1206.30	2008.39	1.818247e-01	840.00	0.165626	0.785529	0.000306	0.000457	0.000144	0.000001	0.047931	0.000000	0.000000	0.000005	0.000000	0.000000	0.000000	877.359576	4.000000	1.193298
1374	1.436044	1.018077e+05	1206.27	2008.40	1.818329e-01	840.00	0.165626	0.785529	0.000306	0.000457	0.000144	0.000001	0.047931	0.000000	0.000000	0.000005	0.000000	0.000000	0.000000	877.359576	4.000000	1.193298
1375	1.441277	1.013554e+05	1209.76	2005.28	1.813072e-01	839.37	0.165626	0.785529	0.000306	0.000457	0.000144	0.000001	0.047931	0.000000	0.000000	0.000005	0.000000	0.000000	0.000000	877.359576	4.000000	0.527021
1376	1.441274	1.013562e+05	1209.76	2005.28	1.813082e-01	839.37	0.165626	0.785529	0.000306	0.000457	0.000144	0.000001	0.047931	0.000000	0.000000	0.000005	0.000000	0.000000	0.000000	877.359576	4.000000	0.527021
1377	1.438326	1.016097e+05	1207.80	2007.04	1.816026e-01	839.72	0.165626	0.785529	0.000306	0.000457	0.000144	0.000001	0.047931	0.000000	0.000000	0.000005	0.000000	0.000000	0.000000	877.359576	4.000000	0.903267
1378	1.435374	1.018648e+05	1205.83	2008.80	1.818991e-01	840.08	0.165626	0.785529	0.000306	0.000457	0.000144	0.000001	0.047931	0.000000	0.000000	0.000005	0.000000	0.000000	0.000000	877.359576	4.000000	1.279513
1379	1.432419	1.021210e+05	1203.86	2010.56	1.821970e-01	840.44	0.165626	0.785529	0.000306	0.000457	0.000144	0.000001	0.047931	0.000000	0.000000	0.000005	0.000000	0.000000	0.000000	877.359576	4.000000	1.655759
1380	1.426806	1.026105e+05	1200.10	2013.90	1.827667e-01	841.11	0.165626	0.785529	0.000306	0.000457	0.000144	0.000001	0.047931	0.000000	0.000000	0.000005	0.000000	0.000000	0.000000	877.359576	4.000000	2.369611
1381	1.421182	1.031047e+05	1196.34	2017.24	1.833426e-01	841.79	0.165626	0.785529	0.000306	0.000457	0.000144	0.000001	0.047931	0.000000	0.000000	0.000005	0.000000	0.000000	0.000000	877.359576	4.000000	3.083464
1382	1.415546	1.036038e+05	1192.55	2020.59	1.839247e-01	842.47	0.165626	0.785529	0.000306	0.000457	0.000144	0.000001	0.047931	0.000000	0.000000	0.000005	0.000000	0.000000	0.000000	877.359576	4.000000	3.797316
1383	1.401210	1.048902e+05	1182.88	2029.09	1.854284e-01	844.18	0.165626	0.785529	0.000306	0.000457	0.000144	0.000001	0.047931	0.000000	0.000000	0.000005	0.000000	0.000000	0.000000	877.359576	4.000000	5.606275
1384	1.401202	1.048914e+05	1182.87	2029.09	1.854300e-01	844.18	0.165626	0.785529	0.000306	0.000457	0.000144	0.000001	0.047931	0.000000	0.000000	0.000005	0.000000	0.000000	0.000000	877.359576	4.000000	5.606275
1385	1.386770	1.062121e+05	1173.07	2037.63	1.869782e-01	845.90	0.165626	0.785529	0.000306	0.000457	0.000144	0.000001	0.047931	0.000000	0.000000	0.000005	0.000000	0.000000	0.000000	877.359576	4.000000	7.415235
1386	1.386762	1.062135e+05	1173.07	2037.64	1.869799e-01	845.90	0.165626	0.785529	0.000306	0.000457	0.000144	0.000001	0.047931	0.000000	0.000000	0.000005	0.000000	0.000000	0.000000	877.359576	4.000000	7.415235
1387	1.383136	1.065496e+05	1170.59	2039.78	1.873747e-01	846.33	0.165626	0.785529	0.000306	0.000457	0.000144	0.000001	0.047931	0.000000	0.000000	0.000005	0.000000	0.000000	0.000000	877.359576	4.000000	7.867474
1388	1.383136	1.065496e+05	1170.59	2039.78	1.873747e-01	846.33	0.165626	0.785529	0.000306	0.000457	0.000144	0.000001	0.047931	0.000000	0.000000	0.000005	0.000000	0.000000	0.000000	877.359576	4.000000	7.867474
1389	1.383136	1.065496e+05	1170.59	2039.78	1.873747e-01	846.33	0.165626	0.785529	0.000306	0.000457	0.000144	0.000001	0.047931	0.000000	0.000000	0.000005	0.000000	0.000000	0.000000	877.359576	4.000000	7.867474
1390	1.383136	1.065496e+05	1170.59	2039.78	1.873747e-01	846.33	0.165626	0.785529	0.000306	0.000457	0.000144	0.000001	0.047931	0.000000	0.000000	0.000005	0.000000	0.000000	0.000000	877.359576	4.000000	7.867474
1391	1.383136	1.065496e+05	1170.59	2039.78	1.873747e-01	846.33	0.165626	0.785529	0.000306	0.000457	0.000144	0.000001	0.047931	0.000000	0.000000	0.000005	0.000000	0.000000	0.000000	877.359576	4.000000	7.867474
1392	1.383136	1.065496e+05	1170.59	2039.78	1.873747e-01	846.33	0.165626	0.785529	0.000306	0.000457	0.000144	0.000001	0.047931	0.000000	0.000000	0.000005	0.000000	0.000000	0.000000	877.359576	4.000000	7.867474
1393	1.383136	1.065496e+05	1170.59	2039.78	1.873747e-01	846.33	0.165626	0.785529	0.000306	0.000457	0.000144	0.000001	0.047931	0.000000	0.000000	0.000005	0.000000	0.000000	0.000000	877.359576	4.000000	7.867474
1394	1.383136	1.065496e+05	1170.59	2039.78	1.873747e-01	846.33	0.165626	0.785529	0.000306	0.000457	0.000144	0.000001	0.047931	0.000000	0.000000	0.000005	0.000000	0.000000	0.000000	877.359576	4.000000	7.867474
1395	1.383136	1.065496e+05	1170.59	2039.78	1.873747e-01	846.33	0.165626	0.785529	0.000306	0.000457	0.000144	0.000001	0.047931	0.000000	0.000000	0.000005	0.000000	0.000000	0.000000	877.359576	4.000000	7.867474
1396	1.383136	1.065496e+05	1170.59	2039.78	1.873747e-01	846.33	0.165626	0.785529	0.000306	0.000457	0.000144	0.000001	0.047931	0.000000	0.000000	0.000005	0.000000	0.000000	0.000000	877.359576	4.000000	7.867474
1397	1.383136	1.065496e+05	1170.59	2039.78	1.873747e-01	846.33	0.165626	0.785529	0.000306	0.000457	0.000144	0.000001	0.047931	0.000000	0.000000	0.000005	0.000000	0.000000	0.000000	877.359576	4.000000	7.867474
1398	1.383136	1.065496e+05	1170.59	2039.78	1.873747e-01	846.33	0.165626	0.785529	0.000306	0.000457	0.000144	0.000001	0.047931	0.000000	0.000000	0.000005	0.000000	0.000000	0.000000	877.359576	4.000000	7.867474
1399	1.383136	1.065496e+05	1170.59	2039.78	1.873747e-01	846.33	0.165626	0.785529	0.000306	0.000457	0.000144	0.000001	0.047931	0.000000	0.000000	0.000005	0.000000	0.000000	0.000000	877.359576	4.000000	7.867474
1400	1.383136	1.065496e+05	1170.59	2039.78	1.873747e-01	846.33	0.165626	0.785529	0.000306	0.000457	0.000144	0.000001	0.047931	0.000000	0.000000	0.000005	0.000000	0.000000	0.000000	877.359576	4.000000	7.867474
1401	1.383136	1.065496e+05	1170.59	2039.78	1.873747e-01	846.33	0.165626	0.785529	0.000306	0.000457	0.000144	0.000001	0.047931	0.000000	0.000000	0.000005	0.000000	0.000000	0.000000	877.359576	4.000000	7.867474
1402	1.383136	1.065496e+05	1170.59	2039.78	1.873747e-01	846.33	0.165626	0.785529	0.000306	0.000457	0.000144	0.000001	0.047931	0.000000	0.000000	0.000005	0.000000	0.000000	0.000000	877.359576	4.000000	7.867474
1403	1.383136	1.065496e+05	1170.59	2039.78	1.873747e-01	846.33	0.165626	0.785529	0.000306	0.000457	0.000144	0.000001	0.047931	0.000000	0.000000	0.000005	0.000000	0.000000	0.000000	877.359576	4.000000	7.867474
1404	1.383136	1.065496e+05	1170.59	2039.78	1.873747e-01	846.33	0.165626	0.785529	0.000306	0.000457	0.000144	0.000001	0.047931	0.000000	0.000000	0.000005	0.000000	0.000000	0.000000	877.359576	4.000000	7.867474
1405	1.383136	1.065496e+05	1170.59	2039.78	1.873747e-01	846.33	0.165626	0.785529	0.000306	0.000457	0.000144	0.000001	0.047931	0.000000	0.000000	0.000005	0.000000	0.000000	0.000000	877.359576	4.000000	7.867474
1406	1.383136	1.065496e+05	1170.59	2039.78	1.873747e-01	846.33	0.165626	0.785529	0.000306	0.000457	0.000144	0.000001	0.047931	0.000000	0.000000	0.000005	0.000000	0.000000	0.000000	877.359576	4.000000	7.867474
1407	1.383136	1.065496e+05	1170.59	2039.78	1.873747e-01	846.33	0.165626	0.785529	0.000306	0.000457	0.000144	0.000001	0.047931	0.000000	0.000000	0.000005	0.000000	0.000000	0.000000	877.359589	4.000000	7.867474
1408	1.382696	1.065905e+05	1170.29	2040.04	1.874228e-01	846.39	0.165626	0.785529	0.000306	0.000457	0.000144	0.000001	0.047931	0.000000	0.000000	0.000005	0.000000	0.000000	0.000000	877.359576	4.000000	7.922248
1409	1.382256	1.066315e+05	1169.99	2040.30	1.874709e-01	846.44	0.165626	0.785529	0.000306	0.000457	0.000144	0.000001	0.047931	0.000000	0.000000	0.000005	0.000000	0.000000	0.000000	877.359576	4.000000	7.977022
1410	1.382158	1.066405e+05	1169.93	2040.35	1.874816e-01	846.45	0.165626	0.785529	0.000306	0.000457	0.000144	0.000001	0.047931	0.000000	0.000000	0.000005	0.000000	0.000000	0.000000	877.359576	4.000000	7.989177
1	1.382063	1.066493e+05	1169.86	2040.41	1.874917e-01	846.46	0.165626	0.785529	0.000306	0.000457	0.000144	0.000001	0.047931	0.000000	0.000000	0.000005	0.000000	0.000000	0.000000	877.359576	4.000005	8.001332
2	1.382063	1.066493e+05	1169.86	2040.41	1.874917e-01	846.46	0.165626	0.785529	0.000306	0.000457	0.000144	0.000001	0.047931	0.000000	0.000000	0.000005	0.000000	0.000000	0.000000	877.359576	4.000005	8.001332
3	1.382029	1.066523e+05	1169.84	2040.43	1.874953e-01	846.46	0.165626	0.785529	0.000306	0.000457	0.000144	0.000001	0.047931	0.000000	0.000000	0.000005	0.000000	0.000000	0.000000	877.359576	4.000009	8.005775
4	1.382029	1.066523e+05	1169.84	2040.43	1.874953e-01	846.46	0.165626	0.785529	0.000306	0.000457	0.000144	0.000001	0.047931	0.000000	0.000000	0.000005	0.000000	0.000000	0.000000	877.359576	4.000009	8.005775
5	1.382046	1.066508e+05	1169.85	2040.42	1.874935e-01	846.46	0.165626	0.785529	0.000306	0.000457	0.000144	0.000001	0.047931	0.000000	0.000000	0.000005	0.000000	0.000000	0.000000	877.359576	4.000007	8.003553
6	1.382046	1.066508e+05	1169.85	2040.42	1.874935e-01	846.46	0.165626	0.785529	0.000306	0.000457	0.000144	0.000001	0.047931	0.000000	0.000000	0.000005	0.000000	0.000000	0.000000	877.359576	4.000007	8.003553
7	1.382046	1.066508e+05	1169.85	2040.42	1.874935e-01	846.46	0.165626	0.785529	0.000306	0.000457	0.000144	0.000001	0.047931	0.000000	0.000000	0.000005	0.000000	0.000000	0.000000	877.359576	4.000007	8.003553
8	1.382046	1.066508e+05	1169.85	2040.42	1.874935e-01	846.46	0.165626	0.785529	0.000306	0.000457	0.000144	0.000001	0.047931	0.000000	0.000000	0.000005	0.000000	0.000000	0.000000	877.359576	4.000007	8.003553
9	1.382046	1.066508e+05	1169.85	2040.42	1.874935e-01	846.46	0.165626	0.785529	0.000306	0.000457	0.000144	0.000001	0.047931	0.000000	0.000000	0.000005	0.000000	0.000000	0.000000	877.359576	4.000007	8.003553
10	1.382046	1.066508e+05	1169.85	2040.42	1.874935e-01	846.46	0.165626	0.785529	0.000306	0.000457	0.000144	0.000001	0.047931	0.000000	0.000000	0.000005	0.000000	0.000000	0.000000	877.359576	4.000007	8.003553
11	1.382046	1.066508e+05	1169.85	2040.42	1.874935e-01	846.46	0.165626	0.785529	0.000306	0.000457	0.000144	0.000001	0.047931	0.000000	0.000000	0.000005	0.000000	0.000000	0.000000	877.359576	4.000007	8.003553
12	1.382046	1.066508e+05	1169.85	2040.42	1.874935e-01	846.46	0.165626	0.785529	0.000306	0.000457	0.000144	0.000001	0.047931	0.000000	0.000000	0.000005	0.000000	0.000000	0.000000	877.359576	4.000007	8.003553
13	1.382046	1.066508e+05	1169.85	2040.42	1.874935e-01	846.46	0.165626	0.785529	0.000306	0.000457	0.000144	0.000001	0.047931	0.000000	0.000000	0.000005	0.000000	0.000000	0.000000	877.359576	4.000007	8.003553
14	1.382046	1.066508e+05	1169.85	2040.42	1.874935e-01	846.46	0.165626	0.785529	0.000306	0.000457	0.000144	0.000001	0.047931	0.000000	0.000000	0.000005	0.000000	0.000000	0.000000	877.359576	4.000007	8.003553
15	1.382046	1.066508e+05	1169.85	2040.42	1.874935e-01	846.46	0.165626	0.785529	0.000306	0.000457	0.000144	0.000001	0.047931	0.000000	0.000000	0.000005	0.000000	0.000000	0.000000	877.359576	4.000007	8.003553
16	1.382046	1.066508e+05	1169.85	2040.42	1.874935e-01	846.46	0.165626	0.785529	0.000306	0.000457	0.000144	0.000001	0.047931	0.000000	0.000000	0.000005	0.000000	0.000000	0.000000	877.359576	4.000007	8.003553
17	1.382046	1.066508e+05	1169.85	2040.42	1.874935e-01	846.46	0.165626	0.785529	0.000306	0.000457	0.000144	0.000001	0.047931	0.000000	0.000000	0.000005	0.000000	0.000000	0.000000	877.359576	4.000007	8.003553
18	1.382046	1.066508e+05	1169.85	2040.42	1.874935e-01	846.46	0.165626	0.785529	0.000306	0.000457	0.000144	0.000001	0.047931	0.000000	0.000000	0.000005	0.000000	0.000000	0.000000	877.359576	4.000007	8.003553
19	1.382046	1.066508e+05	1169.85	2040.42	1.874935e-01	846.46	0.165626	0.785529	0.000306	0.000457	0.000144	0.000001	0.047931	0.000000	0.000000	0.000005	0.000000	0.000000	0.000000	877.359576	4.000007	8.003553
20	1.382046	1.066508e+05	1169.85	2040.42	1.874935e-01	846.46	0.165626	0.785529	0.000306	0.000457	0.000144	0.000001	0.047931	0.000000	0.000000	0.000005	0.000000	0.000000	0.000000	877.359576	4.000007	8.003553
21	1.382046	1.066508e+05	1169.85	2040.42	1.874935e-01	846.46	0.165626	0.785529	0.000306	0.000457	0.000144	0.000001	0.047931	0.000000	0.000000	0.000005	0.000000	0.000000	0.000000	877.359576	4.000007	8.003553
22	1.382046	1.066508e+05	1169.85	2040.42	1.874935e-01	846.46	0.165626	0.785529	0.000306	0.000457	0.000144	0.000001	0.047931	0.000000	0.000000	0.000005	0.000000	0.000000	0.000000	877.359576	4.000007	8.003553
23	1.382046	1.066508e+05	1169.85	2040.42	1.874935e-01	846.46	0.165626	0.785529	0.000306	0.000457	0.000144	0.000001	0.047931	0.000000	0.000000	0.000005	0.000000	0.000000	0.000000	877.359576	4.000007	8.003553
24	1.382046	1.066508e+05	1169.85	2040.42	1.874935e-01	846.46	0.165626	0.785529	0.000306	0.000457	0.000144	0.000001	0.047931	0.000000	0.000000	0.000005	0.000000	0.000000	0.000000	877.359576	4.000007	8.003553
25	1.382046	1.066508e+05	1169.85	2040.42	1.874935e-01	846.46	0.165626	0.785529	0.000306	0.000457	0.000144	0.000001	0.047931	0.000000	0.000000	0.000005	0.000000	0.000000	0.000000	877.359589	4.000007	8.003553
26	1.382047	1.066506e+05	1169.85	2040.42	1.874932e-01	846.46	0.165626	0.785529	0.000306	0.000457	0.000144	0.000001	0.047931	0.000000	0.000000	0.000005	0.000000	0.000000	0.000000	877.359576	4.000010	8.003553
27	1.382032	1.066519e+05	1169.84	2040.43	1.874947e-01	846.46	0.165626	0.785529	0.000306	0.000457	0.000144	0.000001	0.047931	0.000000	0.000000	0.000005	0.000000	0.000000	0.000000	877.359576	4.000015	8.005775
28	1.381891	1.066629e+05	1169.74	2040.51	1.875064e-01	846.48	0.165626	0.785529	0.000306	0.000457	0.000144	0.000001	0.047931	0.000000	0.000000	0.000005	0.000000	0.000000	0.000000	877.359576	4.000094	8.027991
29	1.381983	1.066491e+05	1169.81	2040.46	1.874871e-01	846.47	0.165626	0.785529	0.000306	0.000457	0.000144	0.000001	0.047931	0.000000	0.000000	0.000005	0.000000	0.000000	0.000000	877.359576	4.000290	8.027991
30	1.381994	1.066548e+05	1169.81	2040.45	1.874977e-01	846.47	0.165626	0.785529	0.000306	0.000457	0.000144	0.000001	0.047931	0.000000	0.000000	0.000005	0.000000	0.000000	0.000000	877.359576	4.000038	8.011837
31	1.382001	1.066537e+05	1169.82	2040.45	1.874963e-01	846.47	0.165626	0.785529	0.000306	0.000457	0.000144	0.000001	0.047931	0.000000	0.000000	0.000005	0.000000	0.000000	0.000000	877.359576	4.000053	8.011837
32	1.381976	1.066547e+05	1169.80	2040.46	1.874967e-01	846.47	0.165626	0.785529	0.000306	0.000457	0.000144	0.000001	0.047931	0.000000	0.000000	0.000005	0.000000	0.000000	0.000000	877.359576	4.000103	8.017899
33	1.381965	1.066537e+05	1169.79	2040.47	1.874942e-01	846.47	0.165626	0.785529	0.000306	0.000457	0.000144	0.000001	0.047931	0.000000	0.000000	0.000005	0.000000	0.000000	0.000000	877.359576	4.000183	8.023962
34	1.381962	1.066512e+05	1169.79	2040.47	1.874898e-01	846.47	0.165626	0.785529	0.000306	0.000457	0.000144	0.000001	0.047931	0.000000	0.000000	0.000005	0.000000	0.000000	0.000000	877.359576	4.000281	8.030024
35	1.381988	1.066418e+05	1169.81	2040.45	1.874746e-01	846.47	0.165626	0.785529	0.000306	0.000457	0.000144	0.000001	0.047931	0.000000	0.000000	0.000005	0.000000	0.000000	0.000000	877.359576	4.000544	8.042238
36	1.382141	1.066089e+05	1169.92	2040.36	1.874250e-01	846.45	0.165626	0.785529	0.000306	0.000457	0.000144	0.000001	0.047931	0.000000	0.000000	0.000005	0.000000	0.000000	0.000000	877.359576	4.001247	8.064333
37	1.382856	1.064820e+05	1170.40	2039.94	1.872406e-01	846.37	0.165626	0.785529	0.000306	0.000457	0.000144	0.000001	0.047931	0.000000	0.000000	0.000005	0.000000	0.000000	0.000000	877.359576	4.003516	8.108408
38	1.382854	1.064822e+05	1170.40	2039.94	1.872409e-01	846.37	0.165626	0.785529	0.000306	0.000457	0.000144	0.000001	0.047931	0.000000	0.000000	0.000005	0.000000	0.000000	0.000000	877.359576	4.003517	8.108408
39	1.384111	1.062744e+05	1171.26	2039.20	1.869436e-01	846.22	0.165626	0.785529	0.000306	0.000457	0.000144	0.000001	0.047931	0.000000	0.000000	0.000005	0.000000	0.000000	0.000000	877.359576	4.006945	8.152484
40	1.384107	1.062751e+05	1171.26	2039.20	1.869445e-01	846.22	0.165626	0.785529	0.000306	0.000457	0.000144	0.000001	0.047931	0.000000	0.000000	0.000005	0.000000	0.000000	0.000000	877.359576	4.006946	8.152484
41	1.385899	1.059876e+05	1172.48	2038.15	1.865357e-01	846.01	0.165626	0.785529	0.000306	0.000457	0.000144	0.000001	0.047931	0.000000	0.000000	0.000005	0.000000	0.000000	0.000000	877.359576	4.011532	8.196559
42	1.388214	1.056231e+05	1174.05	2036.78	1.860189e-01	845.73	0.165626	0.785529	0.000306	0.000457	0.000144	0.000001	0.047931	0.000000	0.000000	0.000005	0.000000	0.000000	0.000000	877.359576	4.017277	8.240635
43	1.391045	1.051829e+05	1175.98	2035.10	1.853959e-01	845.39	0.165626	0.785529	0.000306	0.000457	0.000144	0.000001	0.047931	0.000000	0.000000	0.000005	0.000000	0.000000	0.000000	877.359576	4.024180	8.284710
44	1.390751	1.052269e+05	1175.78	2035.28	1.854572e-01	845.43	0.165626	0.785529	0.000306	0.000457	0.000144	0.000001	0.047931	0.000000	0.000000	0.000005	0.000000	0.000000	0.000000	877.359576	4.023564	8.284710
45	1.388710	1.055459e+05	1174.39	2036.48	1.859094e-01	845.67	0.165626	0.785529	0.000306	0.000457	0.000144	0.000001	0.047931	0.000000	0.000000	0.000005	0.000000	0.000000	0.000000	877.359576	4.018513	8.249099
46	1.389233	1.054643e+05	1174.75	2036.18	1.857940e-01	845.61	0.165626	0.785529	0.000306	0.000457	0.000144	0.000001	0.047931	0.000000	0.000000	0.000005	0.000000	0.000000	0.000000	877.359576	4.019791	8.257563
47	1.389221	1.054661e+05	1174.74	2036.18	1.857965e-01	845.61	0.165626	0.785529	0.000306	0.000457	0.000144	0.000001	0.047931	0.000000	0.000000	0.000005	0.000000	0.000000	0.000000	877.359576	4.019765	8.257563
48	1.389739	1.053853e+05	1175.09	2035.88	1.856821e-01	845.55	0.165626	0.785529	0.000306	0.000457	0.000144	0.000001	0.047931	0.000000	0.000000	0.000005	0.000000	0.000000	0.000000	877.359576	4.021035	8.266027
49	1.389734	1.053861e+05	1175.09	2035.88	1.856832e-01	845.55	0.165626	0.785529	0.000306	0.000457	0.000144	0.000001	0.047931	0.000000	0.000000	0.000005	0.000000	0.000000	0.000000	877.359576	4.021023	8.266027
50	1.390249	1.053059e+05	1175.44	2035.57	1.855696e-01	845.49	0.165626	0.785529	0.000306	0.000457	0.000144	0.000001	0.047931	0.000000	0.000000	0.000005	0.000000	0.000000	0.000000	877.359576	4.022287	8.274490
51	1.390759	1.052263e+05	1175.79	2035.27	1.854568e-01	845.43	0.165626	0.785529	0.000306	0.000457	0.000144	0.000001	0.047931	0.000000	0.000000	0.000005	0.000000	0.000000	0.000000	877.359576	4.023543	8.282954
52	1.391532	1.051059e+05	1176.31	2034.82	1.852863e-01	845.33	0.165626	0.785529	0.000306	0.000457	0.000144	0.000001	0.047931	0.000000	0.000000	0.000005	0.000000	0.000000	0.000000	877.359576	4.025448	8.295759
53	1.392799	1.049088e+05	1177.17	2034.07	1.850069e-01	845.18	0.165626	0.785529	0.000306	0.000457	0.000144	0.000001	0.047931	0.000000	0.000000	0.000005	0.000000	0.000000	0.000000	877.359576	4.028579	8.316825
54	1.395008	1.045657e+05	1178.67	2032.76	1.845203e-01	844.92	0.165626	0.785529	0.000306	0.000457	0.000144	0.000001	0.047931	0.000000	0.000000	0.000005	0.000000	0.000000	0.000000	877.359576	4.034065	8.353788
55	1.399746	1.038316e+05	1181.88	2029.96	1.834780e-01	844.36	0.165626	0.785529	0.000306	0.000457	0.000144	0.000001	0.047931	0.000000	0.000000	0.000005	0.000000	0.000000	0.000000	877.359576	4.045957	8.434151
56	1.399747	1.038313e+05	1181.88	2029.96	1.834777e-01	844.36	0.165626	0.785529	0.000306	0.000457	0.000144	0.000001	0.047931	0.000000	0.000000	0.000005	0.000000	0.000000	0.000000	877.359576	4.045956	8.434151
57	1.404400	1.031132e+05	1185.03	2027.20	1.824563e-01	843.80	0.165626	0.785529	0.000306	0.000457	0.000144	0.000001	0.047931	0.000000	0.000000	0.000005	0.000000	0.000000	0.000000	877.359576	4.057800	8.514513
58	1.408975	1.024098e+05	1188.12	2024.49	1.814544e-01	843.25	0.165626	0.785529	0.000306	0.000457	0.000144	0.000001	0.047931	0.000000	0.000000	0.000005	0.000000	0.000000	0.000000	877.359576	4.069595	8.594876
59	1.416282	1.012917e+05	1193.04	2020.15	1.798585e-01	842.38	0.165626	0.785529	0.000306	0.000457	0.000144	0.000001	0.047931	0.000000	0.000000	0.000005	0.000000	0.000000	0.000000	877.359576	4.088777	8.726275
60	1.416290	1.012903e+05	1193.05	2020.15	1.798568e-01	842.38	0.165626	0.785529	0.000306	0.000457	0.000144	0.000001	0.047931	0.000000	0.000000	0.000005	0.000000	0.000000	0.000000	877.359576	4.088777	8.726275
61	1.423397	1.002093e+05	1197.82	2015.92	1.783099e-01	841.52	0.165626	0.785529	0.000306	0.000457	0.000144	0.000001	0.047931	0.000000	0.000000	0.000005	0.000000	0.000000	0.000000	877.359576	4.107829	8.857674
62	1.430321	9.916198e+04	1202.45	2011.80	1.768077e-01	840.69	0.165626	0.785529	0.000306	0.000457	0.000144	0.000001	0.047931	0.000000	0.000000	0.000005	0.000000	0.000000	0.000000	877.359576	4.126753	8.989074
63	1.437061	9.814820e+04	1206.95	2007.79	1.753500e-01	839.88	0.165626	0.785529	0.000306	0.000457	0.000144	0.000001	0.047931	0.000000	0.000000	0.000005	0.000000	0.000000	0.000000	877.359576	4.145546	9.120473
64	1.443628	9.716605e+04	1211.32	2003.88	1.739343e-01	839.08	0.165626	0.785529	0.000306	0.000457	0.000144	0.000001	0.047931	0.000000	0.000000	0.000005	0.000000	0.000000	0.000000	877.359576	4.164210	9.251872
65	1.450028	9.621386e+04	1215.57	2000.06	1.725586e-01	838.31	0.165626	0.785529	0.000306	0.000457	0.000144	0.000001	0.047931	0.000000	0.000000	0.000005	0.000000	0.000000	0.000000	877.359576	4.182745	9.383271
66	1.461766	9.448057e+04	1223.33	1993.05	1.700462e-01	836.88	0.165626	0.785529	0.000306	0.000457	0.000144	0.000001	0.047931	0.000000	0.000000	0.000005	0.000000	0.000000	0.000000	877.359576	4.217623	9.633066
67	1.461762	9.448123e+04	1223.32	1993.05	1.700471e-01	836.88	0.165626	0.785529	0.000306	0.000457	0.000144	0.000001	0.047931	0.000000	0.000000	0.000005	0.000000	0.000000	0.000000	877.359576	4.217623	9.633066
68	1.472970	9.284161e+04	1230.69	1986.34	1.676604e-01	835.52	0.165626	0.785529	0.000306	0.000457	0.000144	0.000001	0.047931	0.000000	0.000000	0.000005	0.000000	0.000000	0.000000	877.359576	4.252033	9.882860
69	1.483678	9.128947e+04	1237.70	1979.93	1.653914e-01	834.21	0.165626	0.785529	0.000306	0.000457	0.000144	0.000001	0.047931	0.000000	0.000000	0.000005	0.000000	0.000000	0.000000	877.359576	4.285975	10.132655
70	1.493923	8.981689e+04	1244.37	1973.78	1.632300e-01	832.96	0.165626	0.785529	0.000306	0.000457	0.000144	0.000001	0.047931	0.000000	0.000000	0.000005	0.000000	0.000000	0.000000	877.359576	4.319448	10.382449
71	1.509628	8.758314e+04	1254.54	1964.35	1.599346e-01	831.03	0.165626	0.785529	0.000306	0.000457	0.000144	0.000001	0.047931	0.000000	0.000000	0.000005	0.000000	0.000000	0.000000	877.359576	4.372731	10.787486
72	1.509632	8.758233e+04	1254.54	1964.35	1.599336e-01	831.03	0.165626	0.785529	0.000306	0.000457	0.000144	0.000001	0.047931	0.000000	0.000000	0.000005	0.000000	0.000000	0.000000	877.359576	4.372731	10.787486
73	1.524298	8.552132e+04	1263.97	1955.52	1.568741e-01	829.22	0.165626	0.785529	0.000306	0.000457	0.000144	0.000001	0.047931	0.000000	0.000000	0.000005	0.000000	0.000000	0.000000	877.359576	4.424783	11.192522
74	1.524308	8.551949e+04	1263.98	1955.52	1.568718e-01	829.22	0.165626	0.785529	0.000306	0.000457	0.000144	0.000001	0.047931	0.000000	0.000000	0.000005	0.000000	0.000000	0.000000	877.359576	4.424783	11.192522
75	1.538028	8.361218e+04	1272.75	1947.25	1.540236e-01	827.52	0.165626	0.785529	0.000306	0.000457	0.000144	0.000001	0.047931	0.000000	0.000000	0.000005	0.000000	0.000000	0.000000	877.359576	4.475605	11.597559
76	1.550890	8.184065e+04	1280.91	1939.50	1.513634e-01	825.92	0.165626	0.785529	0.000306	0.000457	0.000144	0.000001	0.047931	0.000000	0.000000	0.000005	0.000000	0.000000	0.000000	877.359576	4.525197	12.002595
77	1.562946	8.019464e+04	1288.53	1932.22	1.488778e-01	824.42	0.165626	0.785529	0.000306	0.000457	0.000144	0.000001	0.047931	0.000000	0.000000	0.000005	0.000000	0.000000	0.000000	877.359576	4.573558	12.407631
78	1.574250	7.866260e+04	1295.63	1925.40	1.465516e-01	823.01	0.165626	0.785529	0.000306	0.000457	0.000144	0.000001	0.047931	0.000000	0.000000	0.000005	0.000000	0.000000	0.000000	877.359576	4.620688	12.812668
79	1.584853	7.723466e+04	1302.25	1918.99	1.443718e-01	821.69	0.165626	0.785529	0.000306	0.000457	0.000144	0.000001	0.047931	0.000000	0.000000	0.000005	0.000000	0.000000	0.000000	877.359576	4.666588	13.217704
80	1.594798	7.590213e+04	1308.43	1912.97	1.423270e-01	820.44	0.165626	0.785529	0.000306	0.000457	0.000144	0.000001	0.047931	0.000000	0.000000	0.000005	0.000000	0.000000	0.000000	877.359576	4.711258	13.622740
81	1.604123	7.465743e+04	1314.21	1907.33	1.404072e-01	819.27	0.165626	0.785529	0.000306	0.000457	0.000144	0.000001	0.047931	0.000000	0.000000	0.000005	0.000000	0.000000	0.000000	877.359576	4.754697	14.027777
82	1.617193	7.291845e+04	1322.26	1899.42	1.377077e-01	817.62	0.165626	0.785529	0.000306	0.000457	0.000144	0.000001	0.047931	0.000000	0.000000	0.000005	0.000000	0.000000	0.000000	877.359576	4.818404	14.643778
83	1.617195	7.291792e+04	1322.26	1899.42	1.377070e-01	817.62	0.165626	0.785529	0.000306	0.000457	0.000144	0.000001	0.047931	0.000000	0.000000	0.000005	0.000000	0.000000	0.000000	877.359576	4.818404	14.643778
84	1.629012	7.134728e+04	1329.49	1892.27	1.352500e-01	816.13	0.165626	0.785529	0.000306	0.000457	0.000144	0.000001	0.047931	0.000000	0.000000	0.000005	0.000000	0.000000	0.000000	877.359576	4.879264	15.259779
85	1.639670	6.992684e+04	1335.98	1885.81	1.330112e-01	814.79	0.165626	0.785529	0.000306	0.000457	0.000144	0.000001	0.047931	0.000000	0.000000	0.000005	0.000000	0.000000	0.000000	877.359576	4.937279	15.875780
86	1.649244	6.864307e+04	1341.78	1880.01	1.309723e-01	813.57	0.165626	0.785529	0.000306	0.000457	0.000144	0.000001	0.047931	0.000000	0.000000	0.000005	0.000000	0.000000	0.000000	877.359576	4.992447	16.491781
87	1.657796	6.748415e+04	1346.94	1874.83	1.291170e-01	812.49	0.165626	0.785529	0.000306	0.000457	0.000144	0.000001	0.047931	0.000000	0.000000	0.000005	0.000000	0.000000	0.000000	877.359576	5.044770	17.107782
88	1.665384	6.643991e+04	1351.50	1870.23	1.274315e-01	811.53	0.165626	0.785529	0.000306	0.000457	0.000144	0.000001	0.047931	0.000000	0.000000	0.000005	0.000000	0.000000	0.000000	877.359576	5.094246	17.723783
89	1.672057	6.550131e+04	1355.50	1866.19	1.259034e-01	810.68	0.165626	0.785529	0.000306	0.000457	0.000144	0.000001	0.047931	0.000000	0.000000	0.000005	0.000000	0.000000	0.000000	877.359576	5.140877	18.339784
90	1.677861	6.466048e+04	1358.97	1862.67	1.245218e-01	809.94	0.165626	0.785529	0.000306	0.000457	0.000144	0.000001	0.047931	0.000000	0.000000	0.000005	0.000000	0.000000	0.000000	877.359576	5.184662	18.955785
91	1.687659	6.313894e+04	1364.80	1856.74	1.219805e-01	808.69	0.165626	0.785529	0.000306	0.000457	0.000144	0.000001	0.047931	0.000000	0.000000	0.000005	0.000000	0.000000	0.000000	877.359576	5.270063	20.295507
92	1.693845	6.199515e+04	1368.46	1852.99	1.200138e-01	807.90	0.165626	0.785529	0.000306	0.000457	0.000144	0.000001	0.047931	0.000000	0.000000	0.000005	0.000000	0.000000	0.000000	877.359576	5.342002	21.635230
93	1.693829	6.199779e+04	1368.45	1853.00	1.200172e-01	807.91	0.165626	0.785529	0.000306	0.000457	0.000144	0.000001	0.047931	0.000000	0.000000	0.000005	0.000000	0.000000	0.000000	877.359576	5.342002	21.635230
94	1.696649	6.119228e+04	1370.12	1851.29	1.185690e-01	807.55	0.165626	0.785529	0.000306	0.000457	0.000144	0.000001	0.047931	0.000000	0.000000	0.000005	0.000000	0.000000	0.000000	877.359576	5.400480	22.974953
95	1.696619	6.119738e+04	1370.10	1851.31	1.185755e-01	807.55	0.165626	0.785529	0.000306	0.000457	0.000144	0.000001	0.047931	0.000000	0.000000	0.000005	0.000000	0.000000	0.000000	877.359576	5.400480	22.974953
96	1.696146	6.139880e+04	1369.82	1851.59	1.189485e-01	807.61	0.165626	0.785529	0.000306	0.000457	0.000144	0.000001	0.047931	0.000000	0.000000	0.000005	0.000000	0.000000	0.000000	877.359576	5.384531	22.577388
97	1.696146	6.139880e+04	1369.82	1851.59	1.189485e-01	807.61	0.165626	0.785529	0.000306	0.000457	0.000144	0.000001	0.047931	0.000000	0.000000	0.000005	0.000000	0.000000	0.000000	877.359576	5.384531	22.577388
98	1.696146	6.139880e+04	1369.82	1851.59	1.189485e-01	807.61	0.165626	0.785529	0.000306	0.000457	0.000144	0.000001	0.047931	0.000000	0.000000	0.000005	0.000000	0.000000	0.000000	877.359576	5.384531	22.577388
99	1.696146	6.139880e+04	1369.82	1851.59	1.189485e-01	807.61	0.165626	0.785529	0.000306	0.000457	0.000144	0.000001	0.047931	0.000000	0.000000	0.000005	0.000000	0.000000	0.000000	877.359576	5.384531	22.577388
100	1.696146	6.139880e+04	1369.82	1851.59	1.189485e-01	807.61	0.165626	0.785529	0.000306	0.000457	0.000144	0.000001	0.047931	0.000000	0.000000	0.000005	0.000000	0.000000	0.000000	877.359576	5.384531	22.577388
101	1.696146	6.139880e+04	1369.82	1851.59	1.189485e-01	807.61	0.165626	0.785529	0.000306	0.000457	0.000144	0.000001	0.047931	0.000000	0.000000	0.000005	0.000000	0.000000	0.000000	877.359576	5.384531	22.577388
102	1.696146	6.139880e+04	1369.82	1851.59	1.189485e-01	807.61	0.165626	0.785529	0.000306	0.000457	0.000144	0.000001	0.047931	0.000000	0.000000	0.000005	0.000000	0.000000	0.000000	877.359576	5.384531	22.577388
103	1.696146	6.139880e+04	1369.82	1851.59	1.189485e-01	807.61	0.165626	0.785529	0.000306	0.000457	0.000144	0.000001	0.047931	0.000000	0.000000	0.000005	0.000000	0.000000	0.000000	877.359576	5.384531	22.577388
104	1.696146	6.139880e+04	1369.82	1851.59	1.189485e-01	807.61	0.165626	0.785529	0.000306	0.000457	0.000144	0.000001	0.047931	0.000000	0.000000	0.000005	0.000000	0.000000	0.000000	877.359576	5.384531	22.577388
105	1.696146	6.139880e+04	1369.82	1851.59	1.189485e-01	807.61	0.165626	0.785529	0.000306	0.000457	0.000144	0.000001	0.047931	0.000000	0.000000	0.000005	0.000000	0.000000	0.000000	877.359576	5.384531	22.577388
106	1.696146	6.139880e+04	1369.82	1851.59	1.189485e-01	807.61	0.165626	0.785529	0.000306	0.000457	0.000144	0.000001	0.047931	0.000000	0.000000	0.000005	0.000000	0.000000	0.000000	877.359576	5.384531	22.577388
107	1.696146	6.139880e+04	1369.82	1851.59	1.189485e-01	807.61	0.165626	0.785529	0.000306	0.000457	0.000144	0.000001	0.047931	0.000000	0.000000	0.000005	0.000000	0.000000	0.000000	877.359576	5.384531	22.577388
108	1.696146	6.139880e+04	1369.82	1851.59	1.189485e-01	807.61	0.165626	0.785529	0.000306	0.000457	0.000144	0.000001	0.047931	0.000000	0.000000	0.000005	0.000000	0.000000	0.000000	877.359576	5.384531	22.577388
109	1.696146	6.139880e+04	1369.82	1851.59	1.189485e-01	807.61	0.165626	0.785529	0.000306	0.000457	0.000144	0.000001	0.047931	0.000000	0.000000	0.000005	0.000000	0.000000	0.000000	877.359576	5.384531	22.577388
110	1.696146	6.139880e+04	1369.82	1851.59	1.189485e-01	807.61	0.165626	0.785529	0.000306	0.000457	0.000144	0.000001	0.047931	0.000000	0.000000	0.000005	0.000000	0.000000	0.000000	877.359576	5.384531	22.577388
111	1.696146	6.139880e+04	1369.82	1851.59	1.189485e-01	807.61	0.165626	0.785529	0.000306	0.000457	0.000144	0.000001	0.047931	0.000000	0.000000	0.000005	0.000000	0.000000	0.000000	877.359576	5.384531	22.577388
112	1.696146	6.139880e+04	1369.82	1851.59	1.189485e-01	807.61	0.165626	0.785529	0.000306	0.000457	0.000144	0.000001	0.047931	0.000000	0.000000	0.000005	0.000000	0.000000	0.000000	877.359576	5.384531	22.577388
113	1.696146	6.139880e+04	1369.82	1851.59	1.189485e-01	807.61	0.165626	0.785529	0.000306	0.000457	0.000144	0.000001	0.047931	0.000000	0.000000	0.000005	0.000000	0.000000	0.000000	877.359576	5.384531	22.577388
114	1.696146	6.139880e+04	1369.82	1851.59	1.189485e-01	807.61	0.165626	0.785529	0.000306	0.000457	0.000144	0.000001	0.047931	0.000000	0.000000	0.000005	0.000000	0.000000	0.000000	877.359576	5.384531	22.577388
115	1.696146	6.139880e+04	1369.82	1851.59	1.189485e-01	807.61	0.165626	0.785529	0.000306	0.000457	0.000144	0.000001	0.047931	0.000000	0.000000	0.000005	0.000000	0.000000	0.000000	877.359576	5.384531	22.577388
116	1.696146	6.139880e+04	1369.82	1851.59	1.189485e-01	807.61	0.165626	0.785529	0.000306	0.000457	0.000144	0.000001	0.047931	0.000000	0.000000	0.000005	0.000000	0.000000	0.000000	877.359589	5.384531	22.577388
117	1.696135	6.140065e+04	1369.82	1851.60	1.189509e-01	807.61	0.165626	0.785529	0.000306	0.000457	0.000144	0.000001	0.047931	0.000000	0.000000	0.000005	0.000000	0.000000	0.000000	877.359576	5.384531	22.577388
118	1.696835	6.096179e+04	1370.23	1851.18	1.181278e-01	807.52	0.165626	0.785529	0.000306	0.000457	0.000144	0.000001	0.047931	0.000000	0.000000	0.000005	0.000000	0.000000	0.000000	877.359576	5.420403	23.519546
119	1.695970	6.067524e+04	1369.72	1851.70	1.175390e-01	807.63	0.165626	0.785529	0.000306	0.000457	0.000144	0.000001	0.047931	0.000000	0.000000	0.000005	0.000000	0.000000	0.000000	877.359576	5.449617	24.461703
120	1.693585	6.053432e+04	1368.31	1853.14	1.171748e-01	807.94	0.165626	0.785529	0.000306	0.000457	0.000144	0.000001	0.047931	0.000000	0.000000	0.000005	0.000000	0.000000	0.000000	877.359576	5.472174	25.403861
121	1.689698	6.053725e+04	1366.01	1855.50	1.170319e-01	808.43	0.165626	0.785529	0.000306	0.000457	0.000144	0.000001	0.047931	0.000000	0.000000	0.000005	0.000000	0.000000	0.000000	877.359576	5.488073	26.346019
122	1.684316	6.068371e+04	1362.81	1858.76	1.171092e-01	809.12	0.165626	0.785529	0.000306	0.000457	0.000144	0.000001	0.047931	0.000000	0.000000	0.000005	0.000000	0.000000	0.000000	877.359576	5.497315	27.288177
123	1.677440	6.097456e+04	1358.72	1862.93	1.174072e-01	809.99	0.165626	0.785529	0.000306	0.000457	0.000144	0.000001	0.047931	0.000000	0.000000	0.000005	0.000000	0.000000	0.000000	877.359576	5.499900	28.230334
